book_id,n,bytes
26951,1,23378
26951,2,39158
26951,3,28201
26951,4,25887
26951,5,35531
26951,6,20451
26951,7,14430
26951,8,25562
26951,9,19431
26951,10,22884
26951,11,15721
26951,12,35552
26951,13,19123
26951,14,23741
26951,15,16847
26951,16,15778
26951,17,30512
26951,18,30778
26951,19,23463
26951,20,35697
26951,21,26476
26951,22,28338
26951,23,38459
26951,24,25442
26951,25,22093
26951,26,35363
26951,27,40810
26951,28,27096
26951,29,18288
78124,1,13907
78124,2,12812
78124,3,12457
78124,4,12784
78124,5,12433
78124,6,13340
78124,7,12816
78124,8,12537
78124,9,12807
78124,10,12616
78124,11,12585
78124,12,12393
78124,13,18314
78124,14,12948
78124,15,14115
78124,16,14052
78124,17,13020
78124,18,13595
78124,19,12977
78124,20,15069
78124,21,14501
78124,22,15523
78124,23,13217
78124,24,17045
78124,25,15587
78124,26,12674
78124,27,14983
78124,28,13134
78124,29,13279
78124,30,12108
78124,31,12388
78124,32,12216
78124,33,11995
78124,34,13578
78124,35,14106
78124,36,13543
78124,37,13588
78124,38,13001
78124,39,15136
78124,40,13438
78124,41,12649
78124,42,12929
78124,43,13494
78124,44,13057
43063,1,49876
43063,2,70346
43063,3,80868
43063,4,72389
43063,5,69671
43063,6,57559
43063,7,44012
43063,8,48079
43063,9,49031
86,1,15476
86,2,22293
86,3,22447
86,4,17176
86,5,21608
86,6,23709
86,7,24196
86,8,23245
86,9,23232
86,10,20318
86,11,26767
86,12,19708
86,13,28273
86,14,18526
86,15,27521
86,16,23769
86,17,29038
86,18,32715
86,19,17345
86,20,25284
86,21,36012
86,22,32156
86,23,26690
86,24,32132
86,25,35507
86,26,30397
86,27,27608
86,28,19435
86,29,23980
86,30,30844
86,31,25069
86,32,24451
86,33,33909
86,34,33488
86,35,25670
86,36,18584
86,37,25392
86,38,15517
86,39,31182
86,40,26389
86,41,18807
86,42,34452
86,43,37775
86,44,18021
2542,1,68675
2542,2,54693
2542,3,55137
7184,1,32043
7184,2,16475
7184,3,20301
7184,4,27287
7184,5,16767
7184,6,35990
7184,7,18271
7184,8,15800
7184,9,25802
7184,10,20889
7184,11,27125
7184,12,26220
7184,13,13902
7184,14,25911
7184,15,21483
7184,16,23502
7184,17,24024
7184,18,21360
7184,19,16619
7184,20,17828
7184,21,32478
7184,22,34029
7184,23,29766
7184,24,27655
7184,25,19458
7184,26,25954
7184,27,25853
7184,28,19717
7184,29,30652
7184,30,29036
7184,31,46352
7184,32,35868
7184,33,21340
7184,34,23816
7184,35,18468
7184,36,17378
7184,37,27625
7184,38,15751
7184,39,20950
7184,40,15532
7184,41,46154
7184,42,16260
7184,43,22890
7184,44,18164
7184,45,20201
7184,46,33742
19476,1,30952
19476,2,22293
19476,3,19145
19476,4,20648
19476,5,23382
19476,6,21629
19476,7,34003
19476,8,29232
19476,9,26731
19476,10,26881
19476,11,25945
19476,12,31093
19476,13,29338
19476,14,37203
19476,15,33960
19476,16,23081
19476,17,26323
19476,18,27897
19476,19,29856
19476,20,20355
19476,21,31479
3748,1,19729
3748,2,18760
3748,3,23376
3748,4,18017
3748,5,20907
3748,6,25687
3748,7,21635
3748,8,22426
3748,9,22992
3748,10,19490
3748,11,22682
3748,12,20609
3748,13,21109
3748,14,21951
3748,15,20985
3748,16,20966
3748,17,18585
3748,18,20110
3748,19,19177
3748,20,19338
3748,21,18316
3748,22,16525
3748,23,19885
3748,24,17456
3748,25,18574
3748,26,15519
3748,27,17218
3748,28,19409
3748,29,16883
3748,30,24652
3748,31,18078
3748,32,22661
3748,33,22490
3748,34,18781
3748,35,22043
3748,36,20442
3748,37,19610
3748,38,22343
3748,39,22592
3748,40,19971
3748,41,19538
3748,42,20897
3748,43,22157
3748,44,21533
3748,45,17483
18857,1,22338
18857,2,17902
18857,3,24762
18857,4,17616
18857,5,17719
18857,6,23018
18857,7,18276
18857,8,24340
18857,9,22249
18857,10,21765
18857,11,22898
18857,12,26061
18857,13,24424
18857,14,21819
18857,15,21307
18857,16,21876
18857,17,21980
18857,18,20953
18857,19,17045
18857,20,21474
18857,21,18481
18857,22,20891
18857,23,17367
18857,24,19710
18857,25,23209
18857,26,19042
18857,27,25934
18857,28,22614
18857,29,27437
18857,30,28500
18857,31,21563
18857,32,24023
18857,33,25471
18857,34,21161
18857,35,24134
18857,36,18745
18857,37,17676
18857,38,23190
18857,39,22865
18857,40,23072
18857,41,23512
18857,42,28674
18857,43,22215
18857,44,17791
54219,1,20852
54219,2,20290
54219,3,19877
54219,4,23045
54219,5,19806
54219,6,20332
54219,7,20553
54219,8,19667
54219,9,20449
54219,10,20082
54219,11,20325
54219,12,21384
54219,13,20597
54219,14,24368
54219,15,25594
54219,16,19956
54219,17,21237
54219,18,20161
54219,19,19814
54219,20,20227
54219,21,20615
54219,22,20680
54219,23,20575
54219,24,21011
54219,25,19918
54219,26,19668
54219,27,21357
54219,28,20767
54219,29,19819
54219,30,16741
8883,1,20245
8883,2,18648
8883,3,30203
8883,4,21678
8883,5,25386
8883,6,26627
8883,7,21848
8883,8,23166
8883,9,24475
8883,10,19337
8883,11,30432
8883,12,22892
8883,13,29727
8883,14,17211
8883,15,26176
8883,16,19247
8883,17,19183
8883,18,20833
8883,19,21707
8883,20,24736
8883,21,31172
8883,22,25016
8883,23,26690
8883,24,25293
8883,25,20318
8883,26,27344
8883,27,26653
8883,28,25683
8883,29,23576
8883,30,38268
8883,31,25069
8883,32,19700
8883,33,17201
8883,34,25299
8883,35,27335
8883,36,25881
8883,37,16578
23731,1,18492
23731,2,19105
23731,3,18455
23731,4,18620
23731,5,18574
23731,6,18599
23731,7,10883
1514,1,25620
1514,2,29087
1514,3,41088
1514,4,21938
1514,5,28916
43453,1,18617
43453,2,18892
43453,3,19047
43453,4,19185
43453,5,18495
43453,6,18989
43453,7,18477
43453,8,13477
6635,1,31887
6635,2,28753
6635,3,26053
6635,4,26850
6635,5,25325
6635,6,34966
6635,7,23989
6635,8,20801
6635,9,24820
6635,10,27185
6635,11,30871
6635,12,35914
6635,13,30346
6635,14,37829
6635,15,31372
6635,16,29720
6635,17,21493
6635,18,23244
6635,19,26833
6635,20,26156
6635,21,21546
6635,22,31481
6635,23,23560
6635,24,30106
6635,25,20421
6635,26,24050
6635,27,21624
6635,28,16552
6635,29,21578
6635,30,12768
2641,1,33145
2641,2,40121
2641,3,29867
2641,4,22526
2641,5,33724
2641,6,31678
2641,7,31539
2641,8,38551
2641,9,36415
2641,10,27624
2641,11,19961
2641,12,28156
2641,13,25924
2641,14,22037
2641,15,36811
2641,16,25839
2641,17,21555
2641,18,41176
2641,19,40298
2641,20,19014
244,1,26242
244,2,30398
244,3,32678
244,4,24453
244,5,24397
244,6,29236
244,7,28669
244,8,31198
244,9,24294
244,10,20411
244,11,29352
244,12,29696
244,13,34166
244,14,21588
98,1,16379
98,2,22874
98,3,20290
98,4,36588
98,5,35130
98,6,34051
98,7,25239
98,8,25139
98,9,40042
98,10,24222
98,11,23305
98,12,38286
98,13,30599
98,14,21936
98,15,35287
98,16,27872
98,17,19225
98,18,26627
98,19,21358
98,20,34313
98,21,35533
98,22,34700
98,23,21502
98,24,24704
98,25,27313
98,26,18481
98,27,36183
98,28,22970
98,29,26280
98,30,36762
98,31,36596
98,32,25318
98,33,21124
98,34,22816
98,35,24154
98,36,25282
98,37,22043
98,38,39271
98,39,38816
98,40,44460
98,41,19207
98,42,29581
98,43,36732
98,44,38742
98,45,23611
7895,1,23501
7895,2,27415
7895,3,29412
7895,4,19162
7895,5,33071
7895,6,15017
7895,7,30317
7895,8,42148
7895,9,45848
7895,10,29054
7895,11,15611
7895,12,49256
7895,13,23689
7895,14,27645
7895,15,35127
7895,16,35653
7895,17,21011
7895,18,15894
7895,19,16380
7895,20,17656
7895,21,33499
7895,22,20348
7895,23,42646
7895,24,15685
7895,25,27795
7895,26,19842
7895,27,23507
7895,28,24442
7895,29,43753
7895,30,17623
7895,31,27444
7895,32,22267
7895,33,35000
7895,34,15478
7895,35,22180
7895,36,29224
7895,37,45869
7895,38,24847
7895,39,26266
7895,40,40141
7895,41,49472
7895,42,36601
7895,43,21338
7895,44,42924
26704,1,31732
26704,2,22578
26704,3,21381
26704,4,22835
26704,5,32059
26704,6,21419
26704,7,32282
26704,8,22210
26704,9,23127
26704,10,18362
26704,11,18428
26704,12,31343
26704,13,32559
26704,14,30626
26704,15,33396
26704,16,21686
26704,17,19407
26704,18,20406
26704,19,29175
26704,20,19942
26704,21,20468
26704,22,21842
26704,23,21696
26704,24,20740
26704,25,23362
26704,26,20313
26704,27,19621
26704,28,30065
75201,1,13697
75201,2,19132
75201,3,18507
75201,4,21235
75201,5,21066
75201,6,18607
75201,7,26535
75201,8,16777
75201,9,40253
75201,10,20001
75201,11,19984
75201,12,18426
75201,13,24208
75201,14,17757
75201,15,21550
75201,16,19105
75201,17,16818
75201,18,19744
75201,19,29294
75201,20,20465
75201,21,25893
75201,22,17006
75201,23,28236
75201,24,17856
75201,25,34267
75201,26,15459
75201,27,35257
75201,28,26509
75201,29,20523
75201,30,42547
75201,31,18949
75201,32,14779
75201,33,19890
75201,34,27186
75201,35,28169
75201,36,19851
75201,37,38846
75201,38,31641
75201,39,15863
75201,40,20133
75201,41,49115
78009,1,40115
78009,2,24803
78009,3,15674
78009,4,19250
78009,5,13495
78009,6,18541
78009,7,13124
78009,8,36789
78009,9,31633
78009,10,51257
78009,11,83087
78009,12,39788
78009,13,41249
78009,14,48715
78009,15,36195
78009,16,42397
78009,17,28597
78009,18,66112
78009,19,47371
78009,20,30324
78009,21,79035
78009,22,50119
78009,23,76827
78009,24,58125
78009,25,45460
78009,26,49071
78009,27,45723
78009,28,33156
224,1,13507
224,2,17245
224,3,25849
224,4,25213
224,5,32988
224,6,30599
224,7,23158
224,8,49636
224,9,32623
224,10,30596
224,11,37584
224,12,38540
224,13,41861
224,14,27984
224,15,31022
224,16,17781
224,17,21294
224,18,26628
224,19,45442
224,20,30721
224,21,43712
224,22,29061
224,23,31983
224,24,38056
224,25,17774
224,26,28718
224,27,24901
224,28,43188
224,29,33001
224,30,47774
224,31,32385
224,32,26602
224,33,25784
224,34,25675
224,35,27003
224,36,23159
224,37,20800
224,38,20765
224,39,33216
224,40,29101
224,41,27892
62,1,24551
62,2,19189
62,3,24659
62,4,22170
62,5,18506
62,6,19056
62,7,21687
62,8,21598
62,9,18272
62,10,30043
62,11,23839
62,12,21017
62,13,23092
62,14,28376
62,15,28025
62,16,31464
62,17,26646
62,18,18564
62,19,19708
62,20,28676
62,21,30053
62,22,29953
62,23,22486
62,24,24956
62,25,20442
62,26,22698
62,27,20534
62,28,13638
76,1,16152
76,2,18139
76,3,23531
76,4,19925
76,5,18311
76,6,20168
76,7,25899
76,8,24615
76,9,35826
76,10,19376
76,11,18123
76,12,26850
76,13,26845
76,14,22294
76,15,20099
76,16,23930
76,17,29604
76,18,29373
76,19,37228
76,20,29833
76,21,30567
76,22,31226
76,23,22227
76,24,23743
76,25,24016
76,26,27038
76,27,27993
76,28,25585
76,29,31891
76,30,31600
76,31,17794
76,32,30990
76,33,23730
76,34,26161
76,35,23323
76,36,26351
76,37,22639
76,38,25308
76,39,25528
76,40,22620
76,41,23561
76,42,26151
76,43,31446
48320,1,21248
48320,2,21432
48320,3,21729
48320,4,21376
48320,5,21400
48320,6,21399
48320,7,21116
48320,8,22150
48320,9,21567
48320,10,21065
48320,11,21128
48320,12,21237
48320,13,21481
48320,14,21100
48320,15,21193
48320,16,20995
48320,17,21221
48320,18,21294
48320,19,21396
48320,20,21924
48320,21,21318
48320,22,21114
48320,23,22087
48320,24,21081
48320,25,21628
48320,26,22312
48320,27,21089
48320,28,21615
48320,29,21410
48320,30,21023
48320,31,21498
48320,32,21230
48320,33,22216
48320,34,21339
48320,35,21613
48320,36,21881
48320,37,21609
48320,38,21025
48320,39,21713
48320,40,20807
48320,41,21148
48320,42,21950
48320,43,21207
48320,44,21063
48320,45,21562
48320,46,21766
48320,47,22245
48320,48,21932
48320,49,21096
48320,50,21192
48320,51,21549
48320,52,21480
48320,53,21490
48320,54,21915
48320,55,20884
48320,56,21281
48320,57,21822
48320,58,21045
48320,59,21359
48320,60,21251
11339,1,18924
11339,2,20384
11339,3,20417
11339,4,18923
11339,5,19190
11339,6,19249
11339,7,19029
11339,8,20304
11339,9,19739
11339,10,19522
11339,11,19469
11339,12,20283
11339,13,18977
11339,14,19711
11339,15,19229
11339,16,20005
11339,17,19339
11339,18,19808
11339,19,19747
11339,20,19921
11339,21,19210
11339,22,19062
11339,23,16954
23745,1,11667
23745,2,26479
23745,3,19241
23745,4,38005
23745,5,18892
23745,6,22574
23745,7,27392
23745,8,23532
23745,9,23766
23745,10,23979
23745,11,34201
23745,12,20570
23745,13,35837
23745,14,32092
23745,15,35569
23745,16,32684
23745,17,32924
23745,18,28629
23745,19,35493
23745,20,34149
23745,21,27422
23745,22,23831
23745,23,25348
23745,24,24128
23745,25,32239
23745,26,30870
23745,27,47361
11,1,21343
11,2,21429
11,3,19716
11,4,24479
11,5,22865
11,6,25227
11,7,24173
11,8,24465
11,9,24162
11,10,22526
11,11,21322
11,12,22360
9774,1,19046
9774,2,15851
9774,3,25676
9774,4,17546
9774,5,14506
9774,6,19815
9774,7,16317
9774,8,15578
9774,9,21543
9774,10,30990
9774,11,15332
9774,12,20240
9774,13,18001
9774,14,15069
9774,15,23581
9774,16,36968
9774,17,18385
9774,18,20213
9774,19,24899
9774,20,22683
9774,21,28695
9774,22,17769
9774,23,20880
9774,24,19963
9774,25,20399
9774,26,20940
9774,27,28416
9774,28,21151
9774,29,18504
9774,30,20604
9774,31,18191
9774,32,23115
9774,33,19231
9774,34,13945
9774,35,26783
9774,36,14628
9774,37,15866
9774,38,24537
9774,39,28796
9774,40,22517
9774,41,27945
9774,42,31864
9774,43,19256
9774,44,20384
9774,45,16439
9774,46,15940
9774,47,18973
9774,48,18281
9774,49,34642
9774,50,25083
9774,51,21856
9774,52,33103
9774,53,41861
9774,54,14982
9774,55,15701
9774,56,21211
9774,57,21883
9774,58,20973
9774,59,16456
9774,60,23748
63754,1,22129
63754,2,21751
63754,3,20976
63754,4,21410
63754,5,20719
63754,6,23922
63754,7,21191
63754,8,20791
63754,9,21193
63754,10,21377
63754,11,21309
63754,12,20534
63754,13,21295
63754,14,22040
63754,15,21817
63754,16,20540
63754,17,21143
63754,18,20643
63754,19,21553
63754,20,21137
63754,21,21874
63754,22,21841
63754,23,21246
63754,24,21474
63754,25,20908
63754,26,21637
63754,27,20957
63754,28,20928
63754,29,21688
63754,30,21086
63754,31,21262
63754,32,21087
63754,33,20934
63754,34,21752
63754,35,21765
63754,36,20964
63754,37,20920
63754,38,21096
63754,39,21182
63754,40,21181
63754,41,21663
63754,42,21628
63754,43,21299
63754,44,20801
63754,45,21020
63754,46,21060
63754,47,21318
63754,48,21062
63754,49,21431
63754,50,20870
63754,51,21480
63754,52,20728
63754,53,20739
63754,54,21236
63754,55,20737
63754,56,21218
63754,57,21473
63754,58,20942
63754,59,20981
63754,60,21033
25001,1,26443
25001,2,27866
25001,3,25420
25001,4,28027
25001,5,26525
25001,6,28275
25001,7,25972
25001,8,25859
25001,9,26766
25001,10,26565
25001,11,26597
25001,12,26406
25001,13,25406
25001,14,24707
25001,15,29712
25001,16,26079
25001,17,24603
25001,18,33465
25001,19,27881
25001,20,22236
25001,21,26716
25001,22,24695
25001,23,24717
25001,24,25246
78019,1,22973
78019,2,20630
78019,3,21063
78019,4,21161
78019,5,22321
78019,6,20829
78019,7,20640
78019,8,21603
78019,9,21116
78019,10,21577
78019,11,21633
78019,12,21302
78019,13,21069
78019,14,20939
78019,15,21085
78019,16,21277
78019,17,20699
78019,18,21098
78019,19,21628
78019,20,21166
78019,21,20736
78019,22,22035
78019,23,20923
78019,24,21207
78019,25,23780
78019,26,21006
78019,27,22192
78019,28,21867
78019,29,21293
78019,30,21043
78019,31,21737
78019,32,21090
78019,33,21933
78019,34,21118
78019,35,20882
78019,36,20736
78019,37,21218
78019,38,21543
78019,39,20867
78019,40,20742
78019,41,21122
78019,42,21495
78019,43,20667
78019,44,20618
78019,45,22801
78019,46,21562
78019,47,21819
78019,48,21038
78019,49,20776
78019,50,20893
78019,51,22088
78019,52,21039
78019,53,20789
78019,54,21291
78019,55,21251
78019,56,20829
78019,57,21460
78019,58,21517
78019,59,21336
78019,60,21926
1170,1,93651
1170,2,69816
1170,3,76089
1170,4,87494
1170,5,87960
1170,6,73803
1170,7,112960
2162,1,21118
2162,2,20382
2162,3,19857
2162,4,20389
2162,5,20456
2162,6,20517
2162,7,20152
2162,8,20210
2162,9,20301
2162,10,19936
2162,11,20101
2162,12,20261
2162,13,20529
2162,14,19711
2162,15,19993
2162,16,19841
2162,17,19942
2162,18,20231
2162,19,19854
2162,20,20309
2162,21,20146
2162,22,20207
2162,23,19861
2162,24,19865
2162,25,19942
2162,26,20437
2162,27,20287
2162,28,20745
2162,29,20224
2162,30,20587
2162,31,19930
2162,32,20238
2162,33,20001
2162,34,20793
2162,35,21814
2162,36,20520
2162,37,20064
2162,38,19917
2162,39,20144
2162,40,20545
2162,41,19984
2162,42,20132
2162,43,19992
2162,44,13058
1597,1,19730
1597,2,20281
1597,3,19934
1597,4,20061
1597,5,20268
1597,6,20405
1597,7,19278
1597,8,21009
1597,9,20174
1597,10,19555
1597,11,19950
1597,12,20218
1597,13,19893
1597,14,20005
1597,15,20484
1597,16,20155
1597,17,20207
1597,18,20374
1597,19,19863
1597,20,19989
1597,21,19891
1597,22,19514
1597,23,19596
1597,24,19769
1597,25,20161
1597,26,21285
1597,27,19824
1597,28,19933
1597,29,19662
1597,30,20114
1597,31,19797
1597,32,19578
524,1,16337
524,2,19457
524,3,19676
524,4,17669
524,5,20048
524,6,16932
524,7,21600
524,8,24701
524,9,12709
524,10,28523
524,11,22971
524,12,15427
524,13,13509
524,14,20031
524,15,16079
524,16,16784
524,17,23221
524,18,14495
524,19,15057
524,20,12426
524,21,14883
524,22,15288
524,23,16263
524,24,13771
524,25,22299
524,26,16216
524,27,17464
524,28,16611
524,29,13365
524,30,17129
524,31,15581
524,32,15503
524,33,18810
524,34,15093
524,35,18432
524,36,21425
524,37,20125
524,38,21747
524,39,16540
524,40,14148
524,41,20089
524,42,20435
524,43,15879
524,44,14343
524,45,18810
524,46,14901
524,47,13021
524,48,12673
524,49,16870
524,50,29687
524,51,17829
524,52,22101
524,53,14267
524,54,18506
524,55,18414
524,56,15528
524,57,16065
524,58,18066
524,59,15392
524,60,15460
1656,1,18886
1656,2,18788
1656,3,19395
1656,4,18427
1656,5,18386
1656,6,21611
1656,7,18577
1656,8,18920
1656,9,17757
103,1,19355
103,2,17178
103,3,23700
103,4,16766
103,5,16881
103,6,18838
103,7,15351
103,8,17354
103,9,20426
103,10,20087
103,11,26497
103,12,23706
103,13,22606
103,14,22200
103,15,22434
103,16,20310
103,17,21093
103,18,18729
103,19,23839
103,20,21691
103,21,25955
103,22,23352
103,23,22893
103,24,22466
103,25,22888
103,26,20481
103,27,22469
103,28,26160
103,29,23628
103,30,23365
103,31,21632
103,32,17314
103,33,25922
103,34,16459
103,35,20155
103,36,17277
103,37,16950
78013,1,21651
78013,2,22102
78013,3,22213
78013,4,22088
78013,5,22697
78013,6,22753
78013,7,21998
78013,8,23033
78013,9,23377
78013,10,23873
78013,11,22340
78013,12,22044
78013,13,21728
78013,14,20991
78013,15,20979
78013,16,23929
78013,17,24785
78013,18,27146
78013,19,26120
78013,20,23492
78013,21,29561
78013,22,23508
78013,23,25540
78013,24,25368
78013,25,24697
78013,26,24641
78013,27,24845
78013,28,23110
78013,29,23926
78013,30,28600
78013,31,23224
78013,32,25508
78013,33,27381
78013,34,25083
78013,35,22016
78013,36,22734
78013,37,23348
78013,38,22237
78013,39,24067
78013,40,22660
78013,41,24710
78013,42,23697
78013,43,27775
78013,44,24816
78013,45,27372
78013,46,27960
78013,47,24080
78013,48,23507
78013,49,24513
78013,50,27301
78013,51,24964
78013,52,24399
78013,53,25364
78013,54,26830
78013,55,25361
78013,56,24344
78013,57,25182
78013,58,23870
78013,59,24807
78013,60,25385
1523,1,37545
1523,2,34723
1523,3,44492
1523,4,28790
1523,5,31478
41481,1,27700
41481,2,21971
41481,3,22098
41481,4,22569
41481,5,23437
41481,6,72239
41481,7,17468
41481,8,15643
41481,9,22037
41481,10,13191
41481,11,20239
41481,12,16638
41481,13,15047
41481,14,26166
41481,15,20855
41481,16,18387
41481,17,15946
41481,18,210429
1680,1,19965
1680,2,18835
1680,3,18680
1680,4,21609
1680,5,19265
1680,6,19584
1680,7,19073
1680,8,20152
1680,9,20653
1680,10,18825
1680,11,18890
1680,12,19242
1680,13,14514
70652,1,19466
70652,2,19295
70652,3,19265
70652,4,18999
70652,5,19342
70652,6,19650
70652,7,19648
70652,8,19248
70652,9,20454
70652,10,19447
70652,11,19521
70652,12,19320
70652,13,20000
70652,14,19114
70652,15,19937
70652,16,19542
70652,17,19502
70652,18,19284
70652,19,19586
70652,20,19447
70652,21,19896
70652,22,20043
70652,23,19608
70652,24,19436
70652,25,19357
70652,26,21149
70652,27,14449
20203,1,20704
20203,2,20309
20203,3,21055
20203,4,19977
20203,5,20180
20203,6,21769
20203,7,20184
20203,8,20436
20203,9,20306
20203,10,20317
20203,11,20293
20203,12,20842
20203,13,21164
20203,14,20233
20203,15,21012
20203,16,20238
20203,17,19954
20203,18,20440
20203,19,20179
20203,20,20890
20203,21,20185
20203,22,19883
20203,23,20093
20203,24,20893
20203,25,20436
20203,26,20038
20203,27,20046
20203,28,20161
20203,29,21153
20203,30,21114
20203,31,21604
20203,32,20365
20203,33,20195
20203,34,20821
20203,35,20549
20203,36,20130
20203,37,20710
20203,38,20537
20203,39,20847
20203,40,20926
20203,41,21390
20203,42,20473
20203,43,20468
20203,44,20929
20203,45,20177
20203,46,18379
7452,1,21533
7452,2,20991
7452,3,21191
7452,4,21077
7452,5,20934
7452,6,21323
7452,7,21293
7452,8,21226
7452,9,21286
7452,10,21367
7452,11,21064
7452,12,21986
7452,13,20953
7452,14,22553
7452,15,20930
7452,16,21259
7452,17,22142
7452,18,21158
7452,19,21055
7452,20,21170
7452,21,21224
7452,22,21274
7452,23,21153
7452,24,21737
7452,25,21305
7452,26,21268
7452,27,21059
7452,28,21195
7452,29,21311
7452,30,21320
7452,31,21466
7452,32,20774
7452,33,21206
7452,34,20902
7452,35,20874
7452,36,21178
7452,37,21192
7452,38,21267
7452,39,20965
7452,40,21339
7452,41,21859
7452,42,21396
7452,43,21379
7452,44,21210
7452,45,21633
7452,46,21184
7452,47,21421
7452,48,21021
7452,49,21056
7452,50,20767
7452,51,20885
7452,52,21235
7452,53,21430
7452,54,20918
7452,55,21111
7452,56,21296
7452,57,21118
7452,58,21540
7452,59,23231
7452,60,21164
11197,1,20102
11197,2,20432
11197,3,20230
11197,4,20534
11197,5,19957
11197,6,20002
11197,7,19936
11197,8,19927
11197,9,20408
11197,10,20204
11197,11,19947
11197,12,20191
11197,13,20334
11197,14,20638
11197,15,20575
11197,16,20327
11197,17,20370
11197,18,19774
11197,19,19643
11197,20,20367
11197,21,19763
11197,22,20640
11197,23,19829
11197,24,20064
11197,25,20113
11197,26,20230
11197,27,20153
11197,28,20017
11197,29,19959
11197,30,20315
11197,31,20066
11197,32,19832
11197,33,19723
11197,34,20557
11197,35,20135
11197,36,20131
11197,37,19805
11197,38,19799
11197,39,19910
57426,1,13074
57426,2,21757
57426,3,22097
57426,4,20400
57426,5,20899
57426,6,19984
57426,7,22748
57426,8,23232
57426,9,20170
57426,10,19887
57426,11,18133
57426,12,18230
57426,13,21581
57426,14,20337
57426,15,20148
57426,16,19923
57426,17,21479
57426,18,25817
57426,19,23104
57426,20,21992
57426,21,28394
57426,22,25968
57426,23,24084
57426,24,20419
57426,25,20008
57426,26,19957
57426,27,19963
57426,28,23092
57426,29,21504
57426,30,18751
57426,31,21891
57426,32,19569
57426,33,45523
78118,1,33528
78118,2,27758
78118,3,19679
78118,4,25490
78118,5,24068
78118,6,25595
78118,7,26178
78118,8,24398
78118,9,25078
78118,10,28217
78118,11,20269
78118,12,22022
78118,13,29902
78118,14,21464
78118,15,24416
78118,16,23170
78118,17,20333
78118,18,29619
78118,19,32892
78118,20,25707
78118,21,26416
78118,22,20950
78118,23,29286
78118,24,22836
78118,25,23038
78118,26,28172
16328,1,19565
16328,2,19398
16328,3,19727
16328,4,20411
16328,5,19243
16328,6,19618
16328,7,19464
16328,8,19933
16328,9,19789
16328,10,20105
16328,11,19405
16328,12,19656
16328,13,19898
16328,14,19601
16328,15,19602
16328,16,19679
16328,17,19660
16328,18,20305
16328,19,19749
16328,20,20070
16328,21,19631
16328,22,19178
16328,23,19345
16328,24,19424
16328,25,19527
16328,26,19704
16328,27,19889
16328,28,19807
16328,29,19242
16328,30,13721
24739,1,12936
24739,2,20004
24739,3,17990
24739,4,23640
24739,5,28516
24739,6,27476
24739,7,25791
24739,8,23576
24739,9,35922
24739,10,27176
24739,11,37219
24739,12,26893
24739,13,23479
24739,14,30326
24739,15,29562
24739,16,26575
24739,17,28291
24739,18,32480
24739,19,23540
24739,20,19527
24739,21,20422
24739,22,25969
24739,23,26857
24739,24,28937
24739,25,32921
24739,26,32694
24739,27,33505
24739,28,39905
24739,29,26260
24739,30,28115
24739,31,34397
24739,32,31167
24739,33,38736
24739,34,41047
24739,35,27261
24739,36,18810
24739,37,32535
24739,38,16414
24739,39,32393
24739,40,26761
24739,41,18133
24739,42,18514
24739,43,22825
24739,44,19319
24739,45,17007
24739,46,21876
24739,47,17526
24739,48,16161
24739,49,15849
24739,50,24326
24739,51,17544
6081,1,40700
6081,2,32443
6081,3,35025
6081,4,32122
6081,5,24889
6081,6,23558
6081,7,24636
6081,8,19959
6081,9,34180
6081,10,92470
6081,11,26105
6081,12,70074
6081,13,25705
6081,14,26292
6081,15,23867
6081,16,18835
6081,17,36903
6081,18,56051
6081,19,25074
6081,20,23231
6081,21,29360
6081,22,78940
6081,23,39056
6081,24,46742
6081,25,38404
6081,26,62750
6081,27,120625
271,1,132691
271,2,76398
271,3,107652
271,4,35422
24793,1,21190
24793,2,21840
24793,3,20896
24793,4,21344
24793,5,21441
24793,6,21099
24793,7,21326
24793,8,21054
24793,9,21255
24793,10,21021
24793,11,21382
24793,12,21027
24793,13,21263
24793,14,21095
24793,15,21161
24793,16,21277
24793,17,21119
24793,18,21249
24793,19,21258
24793,20,21510
24793,21,20915
24793,22,20710
24793,23,21616
24793,24,21353
24793,25,21080
24793,26,21925
24793,27,20947
24793,28,22001
24793,29,21245
24793,30,21343
24793,31,21285
24793,32,21465
24793,33,21180
24793,34,21809
24793,35,21068
24793,36,20929
24793,37,21082
24793,38,21098
24793,39,21281
24793,40,22088
24793,41,21097
24793,42,20791
24793,43,20880
24793,44,21488
24793,45,21278
24793,46,22525
24793,47,21531
24793,48,21278
24793,49,21392
24793,50,21358
24793,51,21453
24793,52,21603
24793,53,21235
24793,54,21647
24793,55,21300
24793,56,21273
24793,57,21055
24793,58,21138
24793,59,21361
24793,60,21568
29391,1,55101
29391,2,56850
29391,3,56205
29391,4,54628
29391,5,45540
29391,6,53413
29391,7,55927
29391,8,50568
1564,1,20953
1564,2,20992
1564,3,20998
1564,4,22647
1564,5,21576
1564,6,21730
1564,7,20968
1564,8,20694
1564,9,21013
1564,10,21115
1564,11,21392
1564,12,21129
1564,13,20978
1564,14,20619
1564,15,20563
1564,16,20930
1564,17,20880
1564,18,21088
1564,19,20974
1564,20,20520
1564,21,20883
1564,22,21837
1564,23,21676
1564,24,20925
1564,25,21318
1564,26,20997
1564,27,20598
1564,28,21051
1564,29,20728
1564,30,21249
1564,31,21755
1564,32,21046
1564,33,22331
1564,34,21735
1564,35,20625
1564,36,21504
1564,37,21322
1564,38,21458
1564,39,21647
1564,40,20652
1564,41,21027
1564,42,22004
1564,43,20663
1564,44,21810
1564,45,20589
1564,46,20828
1564,47,20902
1564,48,22181
1564,49,21300
1564,50,21329
1564,51,20760
1564,52,20596
1564,53,20841
1564,54,21116
1564,55,20506
1564,56,21127
1564,57,21513
1564,58,20915
1564,59,21640
1564,60,21074
11987,1,20109
11987,2,20214
11987,3,20849
11987,4,20124
11987,5,20185
11987,6,20585
11987,7,19989
11987,8,20178
11987,9,20889
11987,10,20099
11987,11,20073
11987,12,20428
11987,13,20537
11987,14,20057
11987,15,20030
11987,16,20081
11987,17,19891
11987,18,20682
11987,19,20279
11987,20,20326
11987,21,20431
11987,22,20039
11987,23,20164
11987,24,20502
11987,25,20943
11987,26,20052
11987,27,20328
11987,28,20145
11987,29,22243
11987,30,19942
11987,31,20332
11987,32,20386
11987,33,20165
11987,34,20249
11987,35,19988
11987,36,20339
11987,37,19676
11987,38,19727
11987,39,19870
11987,40,20838
11987,41,19903
11987,42,20427
11987,43,14751
53154,1,29503
53154,2,33498
53154,3,28151
53154,4,44722
53154,5,49180
53154,6,37359
53154,7,23882
53154,8,31556
53154,9,38971
53154,10,30701
53154,11,31768
53154,12,39803
53154,13,35977
53154,14,35024
53154,15,55673
53154,16,34604
53154,17,65410
1608,1,20245
1608,2,20831
1608,3,21631
1608,4,24527
1608,5,23183
1608,6,22451
1608,7,27066
1608,8,21611
1608,9,25795
1608,10,27269
1608,11,27584
1608,12,23781
1608,13,27723
1608,14,26588
1608,15,21905
1608,16,26325
1608,17,22796
1608,18,23795
1608,19,20770
1608,20,19920
1608,21,22886
1608,22,21926
1608,23,25206
1608,24,28861
1608,25,23829
1608,26,32168
1608,27,12946
2465,1,33443
2465,2,27115
2465,3,89995
2465,4,23735
589,1,27887
589,2,27846
589,3,25157
589,4,32303
589,5,24029
589,6,23770
589,7,33046
589,8,27755
589,9,25620
589,10,28926
589,11,23499
589,12,27802
589,13,28665
589,14,27237
589,15,33713
589,16,28624
589,17,34838
589,18,29215
589,19,29849
589,20,31337
589,21,32747
589,22,26645
589,23,30996
589,24,32861
589,25,22269
589,26,27237
589,27,23976
589,28,28809
589,29,25239
589,30,45202
2760,1,29260
2760,2,33615
2760,3,29786
2760,4,42065
2760,5,44108
2760,6,72027
2760,7,42484
2760,8,39564
2760,9,35532
2760,10,35186
2760,11,43055
2760,12,48653
2760,13,38369
2760,14,47317
2760,15,28263
2760,16,36305
2760,17,103968
2760,18,47577
2760,19,127960
2760,20,69962
2760,21,72137
2760,22,90933
2760,23,59213
2760,24,76240
2760,25,32291
2760,26,57753
2760,27,43984
2760,28,43337
2760,29,60745
2760,30,22673
2760,31,99412
2760,32,36081
2760,33,63436
2760,34,64659
2760,35,71664
2760,36,157691
2760,37,40924
2760,38,20954
2760,39,34386
2760,40,21135
2760,41,29347
2760,42,22367
2760,43,32141
2760,44,23473
2760,45,55595
2760,46,23812
2760,47,29163
2760,48,365714
2760,49,23811
2760,50,36788
2760,51,25164
2760,52,31316
2760,53,21646
2760,54,26956
2760,55,30606
2760,56,25714
2760,57,23700
2760,58,41379
2760,59,43686
2760,60,47039
22187,1,19460
22187,2,18691
22187,3,18870
22187,4,18619
22187,5,19160
22187,6,19136
22187,7,19108
22187,8,18808
22187,9,18613
22187,10,18619
22187,11,19296
22187,12,18710
22187,13,17714
59892,1,21288
59892,2,20847
59892,3,20493
59892,4,20598
59892,5,20610
59892,6,20856
59892,7,21084
59892,8,20594
59892,9,20400
59892,10,20249
59892,11,20775
59892,12,20497
59892,13,20285
59892,14,20491
59892,15,20583
59892,16,20579
59892,17,20289
59892,18,21020
59892,19,20805
59892,20,20844
59892,21,20337
59892,22,20259
59892,23,21209
59892,24,20700
59892,25,20915
59892,26,20297
59892,27,20603
59892,28,20493
59892,29,20615
59892,30,20259
59892,31,20514
59892,32,20664
59892,33,20884
59892,34,20743
59892,35,20495
59892,36,20873
59892,37,20799
59892,38,20414
59892,39,20925
59892,40,20508
59892,41,20729
59892,42,20895
59892,43,20813
59892,44,21009
59892,45,20336
59892,46,20695
59892,47,20693
59892,48,21070
59892,49,20599
59892,50,20687
59892,51,20305
59892,52,20666
59892,53,20514
59892,54,20939
59892,55,19016
44833,1,66933
44833,2,81712
44833,3,111368
44833,4,96409
44833,5,77377
44833,6,81054
44833,7,120653
44833,8,124473
44833,9,117690
44833,10,127490
44833,11,32470
44833,12,31313
44833,13,37326
44833,14,31865
44833,15,26336
44833,16,27188
44833,17,28108
44833,18,36813
44833,19,39308
44833,20,56595
5131,1,19360
5131,2,19524
5131,3,19261
5131,4,19498
5131,5,19350
5131,6,19766
5131,7,19554
5131,8,19652
5131,9,19165
5131,10,19469
5131,11,18961
5131,12,19547
5131,13,19559
5131,14,19625
5131,15,19557
5131,16,19406
5131,17,19628
5131,18,19306
5131,19,19725
5131,20,19477
5131,21,19297
5131,22,19217
5131,23,19208
5131,24,19274
5131,25,12170
3321,1,15147
3321,2,24889
3321,3,22350
3321,4,28007
3321,5,29314
3321,6,17270
3321,7,21814
3321,8,30231
3321,9,22394
3321,10,22538
3321,11,35685
3321,12,29171
3321,13,22788
3321,14,19679
3321,15,22321
3321,16,19870
3321,17,27344
3321,18,30685
3321,19,21274
3321,20,26193
3321,21,31485
3321,22,28430
3321,23,24109
3321,24,25467
3321,25,30019
3321,26,26813
3321,27,32172
3321,28,22879
3321,29,23149
3321,30,27395
3321,31,27933
3321,32,23670
3321,33,32262
3321,34,33577
3321,35,32440
3321,36,28358
3321,37,22844
14988,1,126982
14988,2,69517
14988,3,89642
14988,4,85903
14988,5,108142
14988,6,108194
14988,7,139024
14988,8,91333
14988,9,88995
14988,10,75667
14988,11,59528
14988,12,20950
14988,13,19020
14988,14,97472
12082,1,19133
12082,2,18622
12082,3,12666
8813,1,21022
8813,2,20664
8813,3,21349
8813,4,20658
8813,5,21539
8813,6,21552
8813,7,20592
8813,8,21563
8813,9,20889
8813,10,20681
8813,11,21610
8813,12,20869
8813,13,20944
8813,14,22626
8813,15,20691
8813,16,21151
8813,17,22282
8813,18,21063
8813,19,21181
8813,20,21185
8813,21,20746
8813,22,21354
8813,23,20486
8813,24,20641
8813,25,21465
8813,26,21794
8813,27,21313
8813,28,20861
8813,29,21489
8813,30,20629
8813,31,20932
8813,32,20509
8813,33,20598
8813,34,21648
8813,35,20675
8813,36,20841
8813,37,21547
8813,38,21078
8813,39,20646
8813,40,21746
8813,41,20694
8813,42,20706
8813,43,21309
8813,44,20869
8813,45,21017
8813,46,21356
8813,47,22022
8813,48,21615
8813,49,21046
8813,50,22240
8813,51,20696
8813,52,22872
8813,53,21360
8813,54,20806
8813,55,20787
8813,56,22888
8813,57,22248
8813,58,20995
8813,59,22257
8813,60,20655
4499,1,23206
4499,2,28394
4499,3,22448
4499,4,22428
4499,5,21433
4499,6,24887
4499,7,25246
4499,8,33927
4499,9,16307
4499,10,25750
4499,11,30833
4499,12,26995
4499,13,30027
4499,14,20152
4499,15,21752
4499,16,22223
4499,17,14979
4499,18,32540
4499,19,26520
4499,20,26898
4499,21,23824
4499,22,22296
4499,23,21394
4499,24,26997
4499,25,30018
4499,26,24998
4499,27,22937
4499,28,19533
4499,29,43986
4499,30,29464
4499,31,34464
4499,32,22455
4499,33,20522
4499,34,32651
4499,35,16739
4499,36,284931
2040,1,19326
2040,2,19594
2040,3,22707
2040,4,21692
2040,5,19304
2040,6,22045
2040,7,22501
2040,8,19594
2040,9,21081
2040,10,19574
2040,11,27401
2040,12,20105
2040,13,20004
2040,14,19679
2040,15,18818
2040,16,20496
2040,17,20519
2040,18,20822
2040,19,22409
2040,20,20072
2040,21,13169
394,1,32806
394,2,41807
394,3,29373
394,4,33871
394,5,33404
394,6,35769
394,7,32236
394,8,38561
394,9,30934
394,10,40571
394,11,35479
394,12,27700
394,13,34123
394,14,48678
394,15,37615
394,16,26621
2554,1,29620
2554,2,52328
2554,3,41465
2554,4,39782
2554,5,34969
2554,6,39178
2554,7,38017
2554,8,50722
2554,9,34085
2554,10,42376
2554,11,35255
2554,12,36029
2554,13,56579
2554,14,52527
2554,15,41946
2554,16,37800
2554,17,41780
2554,18,36340
2554,19,54472
2554,20,35424
2554,21,40489
2554,22,38747
2554,23,28620
2554,24,47699
2554,25,52710
2554,26,27396
2554,27,48114
2554,28,40575
2554,29,43606
2554,30,49125
2554,31,41352
2554,32,33253
2554,33,43733
2554,34,33166
2554,35,36050
2554,36,43145
2554,37,42275
2554,38,31203
2554,39,69727
23789,1,13059
23789,2,18584
23789,3,21738
23789,4,32569
23789,5,15025
23789,6,31062
23789,7,32081
23789,8,19572
23789,9,24725
23789,10,24586
23789,11,32348
23789,12,24267
23789,13,35576
23789,14,22737
23789,15,26781
23789,16,19974
23789,17,21784
23789,18,46655
23789,19,24496
23789,20,24375
23789,21,23811
23789,22,25638
23789,23,29706
23789,24,23386
23789,25,33354
23789,26,34151
23789,27,34266
23789,28,27108
23789,29,45540
23789,30,33142
23789,31,41282
23789,32,29696
23789,33,28734
23789,34,27267
23789,35,25699
23789,36,25451
31472,1,39100
31472,2,40914
31472,3,42182
31472,4,39679
31472,5,42657
31472,6,41140
31472,7,42433
31472,8,42242
31472,9,42129
31472,10,40973
31472,11,37456
31472,12,39738
31472,13,41927
31472,14,32407
31472,15,37316
31472,16,35970
31257,1,24844
31257,2,20033
31257,3,14736
31257,4,16042
31257,5,20965
31257,6,17234
31257,7,16695
31257,8,18799
31257,9,22885
31257,10,22971
31257,11,17099
31257,12,18804
31257,13,19316
31257,14,18798
31257,15,17286
31257,16,20607
31257,17,16893
31257,18,16298
31257,19,18420
31257,20,20270
31257,21,16422
31257,22,18632
31257,23,16650
31257,24,21277
31257,25,18534
31257,26,16891
31257,27,16861
31257,28,18879
31257,29,20959
31257,30,17414
31257,31,16331
31257,32,19160
31257,33,14367
31257,34,18786
31257,35,16905
31257,36,14855
31257,37,22587
31257,38,16948
31257,39,18555
31257,40,15817
15210,1,20034
15210,2,20038
15210,3,20197
15210,4,19857
15210,5,20127
15210,6,20470
15210,7,20529
15210,8,20011
15210,9,20742
15210,10,20432
15210,11,20494
15210,12,20160
15210,13,19833
15210,14,20228
15210,15,19702
15210,16,20183
15210,17,20218
15210,18,20266
15210,19,20377
15210,20,20011
15210,21,20315
15210,22,20017
15210,23,21523
15210,24,19971
15210,25,19854
15210,26,20043
15210,27,19810
15210,28,19790
15210,29,20066
15210,30,20368
15210,31,20159
15210,32,20231
15210,33,20503
15210,34,19870
15210,35,21621
15210,36,20214
15210,37,20735
15210,38,20300
15210,39,20039
15210,40,20463
15210,41,20190
15210,42,15638
57763,1,21979
57763,2,18180
57763,3,21864
57763,4,17907
57763,5,17929
57763,6,20456
57763,7,18333
57763,8,20119
57763,9,25326
57763,10,22046
57763,11,18622
57763,12,18967
57763,13,17252
57763,14,18198
57763,15,22003
57763,16,20032
57763,17,19925
57763,18,18810
57763,19,21634
57763,20,21344
57763,21,21186
57763,22,18873
57763,23,19042
57763,24,18731
57763,25,17985
57763,26,22519
57763,27,16824
57763,28,23127
766,1,20754
766,2,21084
766,3,22039
766,4,21847
766,5,21452
766,6,21651
766,7,21358
766,8,20883
766,9,21453
766,10,21683
766,11,21472
766,12,21606
766,13,20998
766,14,21034
766,15,21083
766,16,21419
766,17,21631
766,18,21233
766,19,20930
766,20,20994
766,21,21269
766,22,21612
766,23,20760
766,24,21636
766,25,21221
766,26,21673
766,27,21852
766,28,22128
766,29,21423
766,30,21140
766,31,21037
766,32,21182
766,33,21335
766,34,22041
766,35,21220
766,36,21093
766,37,20985
766,38,20998
766,39,20657
766,40,21709
766,41,21234
766,42,21628
766,43,20878
766,44,20922
766,45,21610
766,46,21487
766,47,21272
766,48,21036
766,49,21426
766,50,21079
766,51,21559
766,52,21162
766,53,21238
766,54,22525
766,55,21230
766,56,21757
766,57,20967
766,58,21802
766,59,21364
766,60,21357
921,1,18342
921,2,18650
921,3,18790
921,4,18867
921,5,18673
921,6,19279
921,7,20350
921,8,19593
921,9,18554
921,10,16968
3044,1,21015
3044,2,20504
3044,3,21182
3044,4,21143
3044,5,21499
3044,6,21321
3044,7,22397
3044,8,21364
3044,9,20732
3044,10,20938
3044,11,21202
3044,12,21316
3044,13,21524
3044,14,21190
3044,15,20986
3044,16,21413
3044,17,21189
3044,18,21812
3044,19,21050
3044,20,21434
3044,21,21054
3044,22,21419
3044,23,21142
3044,24,21393
3044,25,21275
3044,26,22041
3044,27,21404
3044,28,21582
3044,29,21202
3044,30,21400
3044,31,21267
3044,32,20641
3044,33,21053
3044,34,21169
3044,35,21333
3044,36,21039
3044,37,20880
3044,38,20570
3044,39,21394
3044,40,21215
3044,41,22570
3044,42,20757
3044,43,21332
3044,44,21584
3044,45,21210
3044,46,22293
3044,47,21149
3044,48,21495
3044,49,21090
3044,50,22037
3044,51,21218
3044,52,21553
3044,53,20744
3044,54,21097
3044,55,23099
3044,56,21655
3044,57,21157
3044,58,21516
3044,59,21669
3044,60,21111
1001,1,19363
1001,2,19503
1001,3,19672
1001,4,19761
1001,5,19519
1001,6,19554
1001,7,19718
1001,8,19854
1001,9,19359
1001,10,19597
1001,11,19660
1001,12,19375
1001,13,20089
1001,14,19414
1001,15,19573
1001,16,19571
1001,17,19577
1001,18,19231
1001,19,19435
1001,20,19471
1001,21,19721
1001,22,19589
1001,23,19684
1001,24,18622
35548,1,20048
35548,2,20165
35548,3,27852
35548,4,28106
35548,5,25111
35548,6,20564
35548,7,26380
35548,8,25623
35548,9,27228
35548,10,24196
35548,11,22462
35548,12,30538
35548,13,24295
35548,14,22761
35548,15,23640
35548,16,34564
35548,17,31001
35548,18,33499
35548,19,33604
35548,20,30675
35548,21,34631
35548,22,28791
35548,23,27773
35548,24,36725
35548,25,23900
35548,26,35394
35548,27,35992
35548,28,41762
35548,29,32651
35548,30,30891
35548,31,24347
35548,32,26611
35548,33,25658
35548,34,29207
35548,35,29965
35548,36,27327
35548,37,28619
35548,38,28290
35548,39,27222
21700,1,21238
21700,2,21602
21700,3,21278
21700,4,21250
21700,5,21161
21700,6,21721
21700,7,21428
21700,8,21576
21700,9,21344
21700,10,21647
21700,11,20941
21700,12,21178
21700,13,21267
21700,14,21629
21700,15,20908
21700,16,21282
21700,17,20955
21700,18,21185
21700,19,21822
21700,20,21686
21700,21,21442
21700,22,21467
21700,23,22075
21700,24,21636
21700,25,21199
21700,26,21472
21700,27,21543
21700,28,21876
21700,29,21426
21700,30,20896
21700,31,21708
21700,32,21772
21700,33,21446
21700,34,21488
21700,35,21534
21700,36,21847
21700,37,21247
21700,38,21378
21700,39,21431
21700,40,21169
21700,41,21609
21700,42,21366
21700,43,21589
21700,44,21386
21700,45,21010
21700,46,21176
21700,47,21212
21700,48,21740
21700,49,21710
21700,50,20974
21700,51,21308
21700,52,21218
21700,53,21307
21700,54,21298
21700,55,21388
21700,56,21650
21700,57,21478
21700,58,21226
21700,59,21179
21700,60,21314
45839,1,41415
45839,2,39767
45839,3,40767
45839,4,40950
45839,5,29089
45839,6,41032
45839,7,41064
45839,8,43874
45839,9,41924
45839,10,42696
45839,11,39032
45839,12,49609
45839,13,46320
45839,14,44554
45839,15,41827
45839,16,35047
45839,17,40633
45839,18,47489
45839,19,40519
45839,20,43412
45839,21,43689
45839,22,39311
45839,23,40984
45839,24,43245
45839,25,44151
45839,26,48712
45839,27,51990
345,1,41791
345,2,39586
345,3,40655
345,4,41644
345,5,28884
345,6,41343
345,7,41564
345,8,44085
345,9,41958
345,10,42607
345,11,39351
345,12,50056
345,13,46430
345,14,45025
345,15,41725
345,16,35498
345,17,41543
345,18,47417
345,19,40537
345,20,43793
345,21,43697
345,22,39511
345,23,40959
345,24,43664
345,25,45149
345,26,48541
345,27,53649
52190,1,20721
52190,2,19410
52190,3,19774
52190,4,19517
52190,5,19705
52190,6,21049
52190,7,19977
52190,8,20231
52190,9,22813
52190,10,20035
52190,11,20096
52190,12,20043
52190,13,21102
52190,14,21460
52190,15,22156
52190,16,19804
52190,17,21062
52190,18,21857
52190,19,19358
52190,20,22016
52190,21,19161
52190,22,20485
52190,23,19442
52190,24,19918
52190,25,19259
52190,26,19452
52190,27,19875
52190,28,14227
11982,1,42887
11982,2,34963
11982,3,36577
11982,4,43083
11982,5,45407
11982,6,36284
11982,7,41484
11982,8,35781
11982,9,30237
11982,10,32390
11982,11,39312
11982,12,33203
11982,13,35080
11982,14,42301
11982,15,28912
11982,16,32907
11982,17,50558
11982,18,51263
11982,19,35098
11982,20,35055
11982,21,33675
11982,22,54549
11982,23,37884
11982,24,40483
11982,25,26921
11982,26,37437
11982,27,43761
11982,28,41361
76639,1,21013
76639,2,20618
76639,3,20808
76639,4,21062
76639,5,20817
76639,6,20650
76639,7,20728
76639,8,20718
76639,9,20532
76639,10,20799
76639,11,20805
76639,12,21512
76639,13,21069
76639,14,21305
76639,15,20786
76639,16,21391
76639,17,21393
76639,18,21283
76639,19,20915
76639,20,21057
76639,21,20733
76639,22,20435
76639,23,20550
76639,24,20556
76639,25,21487
76639,26,20974
76639,27,20372
76639,28,21114
76639,29,21548
76639,30,22053
76639,31,22061
76639,32,21851
76639,33,20801
76639,34,20802
76639,35,20806
76639,36,21892
76639,37,21439
76639,38,20971
76639,39,21373
76639,40,22249
76639,41,20500
76639,42,21889
76639,43,23250
76639,44,24421
76639,45,22162
76639,46,21130
76639,47,21940
76639,48,20658
76639,49,20559
76639,50,20716
76639,51,22061
76639,52,21118
76639,53,20740
76639,54,21634
76639,55,20666
76639,56,21042
76639,57,22802
76639,58,20988
76639,59,22712
76639,60,20549
25789,1,22380
25789,2,27420
25789,3,27287
25789,4,29582
25789,5,32014
25789,6,23632
25789,7,37559
25789,8,34954
25789,9,27284
25789,10,22771
25789,11,17808
25789,12,30779
25789,13,35515
25789,14,27067
25789,15,34379
25789,16,83352
25789,17,22364
25789,18,18901
25789,19,44025
7889,1,18669
7889,2,18408
7889,3,18423
7889,4,18416
7889,5,12449
4693,1,21240
4693,2,21013
4693,3,20970
4693,4,20527
4693,5,21267
4693,6,21115
4693,7,20671
4693,8,20895
4693,9,20585
4693,10,20714
4693,11,20688
4693,12,21026
4693,13,21051
4693,14,20654
4693,15,21010
4693,16,21089
4693,17,21213
4693,18,20551
4693,19,20799
4693,20,20945
4693,21,20780
4693,22,20340
4693,23,20687
4693,24,20993
4693,25,20776
4693,26,20814
4693,27,20823
4693,28,21087
4693,29,20821
4693,30,21204
4693,31,21113
4693,32,20768
4693,33,20822
4693,34,20901
4693,35,20771
4693,36,20385
4693,37,20914
4693,38,21019
4693,39,20892
4693,40,21149
4693,41,21771
4693,42,20772
4693,43,20628
4693,44,20714
4693,45,21011
4693,46,20838
4693,47,20694
4693,48,20555
4693,49,21047
4693,50,20565
4693,51,20814
4693,52,20773
4693,53,21856
4693,54,21173
4693,55,20639
4693,56,21449
4693,57,20754
4693,58,21007
4693,59,20795
4693,60,20836
26225,1,18649
26225,2,18389
26225,3,12065
70377,1,13257
70377,2,13381
70377,3,13093
70377,4,64033
70377,5,25522
70377,6,23149
70377,7,23230
70377,8,27130
70377,9,21497
70377,10,20386
70377,11,38663
70377,12,36682
70377,13,26073
70377,14,20103
70377,15,24812
70377,16,32685
70377,17,31026
70377,18,30324
70377,19,28420
70377,20,31118
70377,21,31116
70377,22,44256
70377,23,20167
70377,24,50904
70377,25,28484
70377,26,22306
70377,27,24629
70377,28,22978
70377,29,33901
70377,30,40980
70377,31,93210
70377,32,24644
70377,33,32690
70377,34,21916
70377,35,47008
70377,36,28962
70377,37,25821
70377,38,30746
70377,39,52350
70377,40,34089
70377,41,30546
70377,42,28767
70377,43,47903
70377,44,36208
70377,45,31633
70377,46,69647
70377,47,21908
70377,48,32167
70377,49,38108
70377,50,47930
70377,51,16506
70377,52,34994
70377,53,32891
70377,54,25532
70377,55,43075
70377,56,34004
70377,57,23239
70377,58,15835
70377,59,18316
70377,60,25222
3526,1,22474
3526,2,22110
3526,3,21006
3526,4,20777
3526,5,21602
3526,6,20534
3526,7,21302
3526,8,21737
3526,9,21111
3526,10,21130
3526,11,21354
3526,12,21026
3526,13,20975
3526,14,21287
3526,15,21481
3526,16,21292
3526,17,21440
3526,18,21717
3526,19,21732
3526,20,21182
3526,21,21557
3526,22,21331
3526,23,21600
3526,24,20609
3526,25,21344
3526,26,21746
3526,27,21588
3526,28,21434
3526,29,21859
3526,30,21969
3526,31,21343
3526,32,21732
3526,33,21503
3526,34,21337
3526,35,21860
3526,36,21568
3526,37,21628
3526,38,21780
3526,39,21450
3526,40,21162
3526,41,21130
3526,42,21118
3526,43,21185
3526,44,21480
3526,45,21744
3526,46,21174
3526,47,21107
3526,48,21439
3526,49,23545
3526,50,21458
3526,51,21030
3526,52,20991
3526,53,21835
3526,54,21619
3526,55,21283
3526,56,21843
3526,57,21259
3526,58,15634
49987,1,17777
49987,2,34643
49987,3,28873
49987,4,37860
49987,5,40677
49987,6,37877
49987,7,32483
49987,8,33977
49987,9,35759
49987,10,29868
49987,11,46512
49987,12,41344
49987,13,28101
49987,14,31604
49987,15,27114
49987,16,29811
49987,17,29948
49987,18,25267
49987,19,33584
49987,20,39336
49987,21,25978
49987,22,46935
49987,23,27632
49987,24,34925
49987,25,31092
49987,26,25857
49987,27,24226
49987,28,40960
49987,29,35498
49987,30,32720
49987,31,31537
49987,32,32757
49987,33,28414
49987,34,32738
49987,35,31558
49987,36,27200
49987,37,36239
49987,38,33365
49987,39,35742
49987,40,34065
49987,41,20758
49987,42,37596
49987,43,28155
49987,44,32670
831,1,21476
831,2,21306
831,3,21946
831,4,21761
831,5,25134
831,6,24545
831,7,20650
831,8,22789
831,9,22859
831,10,20891
831,11,27312
831,12,22551
831,13,24267
831,14,28049
831,15,22881
831,16,21361
831,17,20842
831,18,22759
831,19,20799
831,20,21221
831,21,33440
831,22,21434
831,23,20633
831,24,21614
831,25,21885
831,26,21882
831,27,27053
831,28,21049
831,29,21191
831,30,21558
831,31,22835
831,32,21754
831,33,21551
831,34,23500
831,35,22364
831,36,21190
831,37,22129
831,38,22698
831,39,23357
831,40,24715
831,41,22918
831,42,20364
831,43,20696
831,44,23469
831,45,25367
831,46,21123
831,47,20785
831,48,21097
831,49,22529
831,50,23029
831,51,26222
831,52,22162
831,53,21797
831,54,25285
831,55,22450
831,56,28738
831,57,23050
831,58,26069
831,59,27810
831,60,21587
84,1,17104
84,2,17696
84,3,11813
84,4,25768
84,5,20924
84,6,22873
84,7,25780
84,8,24415
84,9,23431
84,10,25974
84,11,30857
84,12,28127
84,13,22748
84,14,22787
84,15,26355
84,16,22148
84,17,21730
84,18,21117
84,19,27749
84,20,28146
84,21,20734
84,22,26658
84,23,25635
84,24,29722
84,25,30767
84,26,29363
84,27,24500
84,28,57008
12345,1,47360
12345,2,39932
12345,3,32123
12345,4,40726
12345,5,29293
12345,6,31114
12345,7,32689
12345,8,38513
12345,9,38432
12345,10,30558
11618,1,54618
11618,2,57826
11618,3,80570
11618,4,64823
11618,5,53667
11618,6,51600
11618,7,74184
11618,8,209994
83,1,22844
83,2,24812
83,3,17416
83,4,20261
83,5,19299
83,6,19792
83,7,22818
83,8,18958
83,9,21073
83,10,19820
83,11,19967
83,12,20927
83,13,19944
83,14,19761
83,15,19557
83,16,19241
83,17,12521
83,18,21485
83,19,24377
83,20,27317
83,21,26740
83,22,19043
83,23,17019
83,24,16680
83,25,20844
83,26,19769
83,27,15418
83,28,24381
83,29,22189
83,30,34273
83,31,27889
83,32,22220
83,33,26862
83,34,25874
83,35,29035
83,36,28210
83,37,22988
83,38,16784
83,39,17186
83,40,25696
83,41,25935
83,42,28318
83,43,29065
83,44,15208
83,45,25582
83,46,25430
83,47,28673
83,48,21650
83,49,24048
83,50,24831
83,51,23581
1200,1,21063
1200,2,21045
1200,3,21139
1200,4,21658
1200,5,21699
1200,6,20372
1200,7,21297
1200,8,20858
1200,9,21255
1200,10,22835
1200,11,20885
1200,12,20907
1200,13,23370
1200,14,21321
1200,15,22620
1200,16,21175
1200,17,20918
1200,18,20516
1200,19,21379
1200,20,21730
1200,21,20670
1200,22,22888
1200,23,21567
1200,24,20843
1200,25,22381
1200,26,23334
1200,27,26205
1200,28,26348
1200,29,20846
1200,30,20596
1200,31,21603
1200,32,21174
1200,33,23706
1200,34,20955
1200,35,21049
1200,36,22635
1200,37,21529
1200,38,21166
1200,39,21028
1200,40,23419
1200,41,21656
1200,42,21993
1200,43,21424
1200,44,20889
1200,45,22200
1200,46,24519
1200,47,21802
1200,48,21137
1200,49,21953
1200,50,22176
1200,51,20814
1200,52,23338
1200,53,22254
1200,54,23302
1200,55,20749
1200,56,22671
1200,57,20980
1200,58,25913
1200,59,20806
1200,60,20904
8486,1,19293
8486,2,19486
8486,3,20786
8486,4,19661
8486,5,20417
8486,6,19873
8486,7,20387
8486,8,19566
8486,9,19661
8486,10,19472
8486,11,19843
8486,12,19175
8486,13,19398
8486,14,20064
8486,15,19787
8486,16,20109
8486,17,20199
8486,18,20077
8486,19,19851
8486,20,19953
8486,21,19777
8486,22,19802
8486,23,19415
8486,24,20145
8486,25,20037
8486,26,20108
8486,27,16820
17199,1,18666
17199,2,19781
17199,3,29512
17199,4,41287
17199,5,16487
17199,6,18755
17199,7,41710
17199,8,17180
17199,9,18883
17199,10,53222
17199,11,18115
17199,12,22760
17199,13,17516
17199,14,78390
78095,1,20911
78095,2,22135
78095,3,20846
78095,4,21092
78095,5,21168
78095,6,20833
78095,7,21831
78095,8,20946
78095,9,20888
78095,10,21327
78095,11,21221
78095,12,20893
78095,13,20966
78095,14,22090
78095,15,20702
78095,16,20904
78095,17,21098
78095,18,20498
78095,19,22566
78095,20,20614
78095,21,20810
78095,22,20694
78095,23,21445
78095,24,21384
78095,25,21356
78095,26,22135
78095,27,21893
78095,28,21349
78095,29,21173
78095,30,21334
78095,31,20992
78095,32,21032
78095,33,20952
78095,34,20802
78095,35,20690
78095,36,21619
78095,37,21394
78095,38,20946
78095,39,21149
78095,40,20903
78095,41,21083
78095,42,20937
78095,43,21137
78095,44,26332
78095,45,20940
78095,46,21000
78095,47,21070
78095,48,20340
78095,49,21072
78095,50,21377
78095,51,21141
78095,52,21716
78095,53,20915
78095,54,22460
78095,55,21271
78095,56,20936
78095,57,20725
78095,58,22502
78095,59,20803
78095,60,21088
2591,1,20703
2591,2,21777
2591,3,21075
2591,4,22508
2591,5,21173
2591,6,22171
2591,7,21257
2591,8,22230
2591,9,21861
2591,10,21443
2591,11,22175
2591,12,22428
2591,13,21550
2591,14,22330
2591,15,21516
2591,16,20981
2591,17,20839
2591,18,21320
2591,19,21408
2591,20,21174
2591,21,21243
2591,22,21237
2591,23,22097
2591,24,21312
2591,25,21310
2591,26,21493
2591,27,24189
2591,28,20926
2591,29,21380
2591,30,21405
2591,31,20772
2591,32,20560
2591,33,21339
2591,34,21298
2591,35,23068
2591,36,21893
2591,37,21590
2591,38,21816
2591,39,20832
2591,40,20909
2591,41,21421
2591,42,20772
2591,43,20598
2591,44,20829
2591,45,20670
2591,46,22216
2591,47,21283
2591,48,20859
2591,49,21370
2591,50,21664
2591,51,20865
2591,52,20934
2591,53,20614
2591,54,19458
829,1,32415
829,2,31357
829,3,26472
829,4,21523
829,5,24463
829,6,31588
829,7,27417
829,8,23466
829,9,37310
829,10,22511
829,11,32150
829,12,20699
829,13,31256
829,14,28990
829,15,24391
829,16,35672
829,17,21730
829,18,28046
829,19,24933
829,20,23164
829,21,25765
829,22,22561
829,23,18965
829,24,22556
829,25,18081
829,26,28412
829,27,17673
829,28,24824
829,29,22964
829,30,22669
829,31,21904
829,32,23999
829,33,24845
829,34,26416
829,35,22870
829,36,21704
829,37,26244
829,38,27213
829,39,25137
17157,1,11951
17157,2,13382
17157,3,31621
17157,4,28847
17157,5,25447
17157,6,20210
17157,7,22843
17157,8,27396
17157,9,26053
17157,10,22716
17157,11,34228
17157,12,21400
17157,13,31021
17157,14,18940
17157,15,25911
17157,16,27616
17157,17,23578
17157,18,49243
27761,1,42517
27761,2,26033
27761,3,32390
27761,4,21848
27761,5,43318
27761,6,32325
27761,7,24938
27761,8,16913
27761,9,33503
27761,10,20712
36965,1,45803
36965,2,37563
36965,3,31522
36965,4,52881
36965,5,48468
36965,6,42035
36965,7,40860
36965,8,38558
36965,9,49988
36965,10,53359
36965,11,80261
76728,1,19978
76728,2,38118
76728,3,33860
76728,4,26604
76728,5,22896
76728,6,44149
76728,7,27488
76728,8,34285
76728,9,36648
76728,10,31815
76728,11,32475
76728,12,30821
76728,13,41431
76728,14,40401
76728,15,41208
76728,16,36075
76728,17,37688
76728,18,40926
76728,19,44985
76728,20,39811
76728,21,51419
76728,22,26264
76728,23,34650
76728,24,57052
76728,25,40731
76728,26,53741
76728,27,38825
76728,28,53803
19771,1,26583
19771,2,22046
19771,3,20952
19771,4,21268
19771,5,17820
19771,6,18713
19771,7,25949
19771,8,20137
19771,9,25165
19771,10,21621
19771,11,26085
19771,12,18265
19771,13,16509
19771,14,40866
19771,15,23328
19771,16,36325
19771,17,16805
19771,18,14683
19771,19,26202
19771,20,17373
19771,21,17945
19771,22,21180
19771,23,30192
19771,24,28459
19771,25,20014
19771,26,28385
19771,27,32089
19771,28,29710
19771,29,40347
19771,30,20745
19771,31,14910
19771,32,13713
19771,33,13857
19771,34,13316
19771,35,13639
19771,36,12739
19771,37,14722
19771,38,18966
19771,39,19640
19771,40,20299
19771,41,19480
19771,42,19371
19771,43,25771
19771,44,19223
19771,45,15750
19771,46,18587
19771,47,22591
19771,48,21028
19771,49,21962
19771,50,15852
19771,51,24250
19771,52,19014
19771,53,18241
19771,54,22336
19771,55,21089
19771,56,17135
19771,57,16991
19771,58,20803
19771,59,23037
19771,60,17013
78016,1,21082
78016,2,21775
78016,3,20558
78016,4,21488
78016,5,21612
78016,6,22333
78016,7,21289
78016,8,21706
78016,9,21586
78016,10,20732
78016,11,21043
78016,12,21354
78016,13,21075
78016,14,20588
78016,15,21621
78016,16,20727
78016,17,21290
78016,18,21438
78016,19,22028
78016,20,21225
78016,21,21759
78016,22,21146
78016,23,20910
78016,24,20651
78016,25,20802
78016,26,20852
78016,27,20801
78016,28,21759
78016,29,21423
78016,30,21856
78016,31,20683
78016,32,21163
78016,33,21726
78016,34,22234
78016,35,20735
78016,36,21640
78016,37,20814
78016,38,21001
78016,39,20920
78016,40,21223
78016,41,20866
78016,42,21954
78016,43,20763
78016,44,21267
78016,45,21276
78016,46,21429
78016,47,22719
78016,48,21419
78016,49,21047
78016,50,20993
78016,51,20874
78016,52,22280
78016,53,21104
78016,54,21020
78016,55,20928
78016,56,21588
78016,57,20589
78016,58,21987
78016,59,21593
78016,60,20679
348,1,20741
348,2,22042
348,3,20671
348,4,20779
348,5,21002
348,6,20701
348,7,21780
348,8,20775
348,9,20296
348,10,20455
348,11,21554
348,12,20274
348,13,20864
348,14,21037
348,15,20316
348,16,20614
348,17,20601
348,18,20743
348,19,20697
348,20,22493
348,21,21123
348,22,21261
348,23,20622
348,24,20319
348,25,21468
348,26,20910
348,27,20685
348,28,20915
348,29,20929
348,30,20457
348,31,20515
348,32,21089
348,33,20305
348,34,21795
348,35,20967
348,36,20558
348,37,20497
348,38,20535
348,39,21153
348,40,20441
348,41,21397
348,42,20728
348,43,20976
348,44,21166
348,45,21455
348,46,21403
348,47,21925
348,48,20813
348,49,20308
348,50,21851
348,51,20552
348,52,21239
348,53,21115
348,54,20611
348,55,15688
2350,1,20813
2350,2,20069
2350,3,20025
2350,4,21179
2350,5,20775
2350,6,20219
2350,7,19704
2350,8,19979
2350,9,20553
2350,10,20378
2350,11,20720
2350,12,20136
2350,13,20060
2350,14,21172
2350,15,20295
2350,16,20047
2350,17,19810
2350,18,20446
2350,19,19965
2350,20,21715
2350,21,20417
2350,22,20484
2350,23,20689
2350,24,20577
2350,25,20220
2350,26,20257
2350,27,21090
2350,28,19964
2350,29,20140
2350,30,20277
2350,31,21340
2350,32,20630
2350,33,20440
2350,34,20506
2350,35,14961
6593,1,96720
6593,2,86569
6593,3,77827
6593,4,126254
6593,5,133576
6593,6,126526
6593,7,161294
6593,8,200631
6593,9,84750
6593,10,101130
6593,11,122392
6593,12,144029
6593,13,123954
6593,14,107443
6593,15,83195
6593,16,43495
6593,17,104438
6593,18,98194
6593,19,169488
18459,1,20926
18459,2,20004
18459,3,19881
18459,4,20003
18459,5,20168
18459,6,20128
18459,7,21406
18459,8,20193
18459,9,20026
18459,10,20189
18459,11,20036
18459,12,20275
18459,13,20084
18459,14,19992
18459,15,20800
18459,16,20475
18459,17,19826
18459,18,20148
18459,19,20247
18459,20,20240
18459,21,20356
18459,22,19735
18459,23,20109
18459,24,20114
18459,25,20168
18459,26,19978
18459,27,19884
18459,28,19844
18459,29,20620
18459,30,20414
18459,31,20127
18459,32,20019
18459,33,20208
18459,34,19927
18459,35,19940
18459,36,20338
18459,37,20051
18459,38,22129
18459,39,21408
18459,40,20531
18459,41,20154
18459,42,20025
18459,43,20178
18459,44,22331
18459,45,12416
76178,1,35280
76178,2,23108
76178,3,20510
76178,4,36728
76178,5,17633
76178,6,41921
76178,7,34101
76178,8,82857
76178,9,21485
76178,10,38673
76178,11,58355
76178,12,54123
76178,13,52317
76178,14,39195
76178,15,28110
76178,16,31649
76178,17,15587
9701,1,21214
9701,2,23418
9701,3,28159
9701,4,25145
9701,5,25583
9701,6,27834
9701,7,25074
9701,8,25062
9701,9,27418
9701,10,29229
9701,11,25896
9701,12,30195
9701,13,30894
9701,14,26574
9701,15,27411
9701,16,26467
9701,17,21333
9701,18,22124
9701,19,22027
9701,20,21449
9701,21,21610
9701,22,21403
9701,23,21156
9701,24,21613
9701,25,21301
9701,26,21857
9701,27,21551
9701,28,21747
9701,29,21628
9701,30,24029
9701,31,22979
9701,32,22220
9701,33,21997
9701,34,22864
9701,35,22024
9701,36,22420
9701,37,22171
9701,38,22603
9701,39,22924
9701,40,22563
9701,41,22022
9701,42,22486
9701,43,21970
9701,44,22419
9701,45,23012
9701,46,22525
9701,47,22373
9701,48,21901
9701,49,22660
9701,50,22460
9701,51,22773
9701,52,22286
9701,53,22697
9701,54,22740
9701,55,22058
9701,56,22287
9701,57,25035
9701,58,21958
9701,59,21966
9701,60,22033
11030,1,22818
11030,2,20170
11030,3,20310
11030,4,20527
11030,5,20749
11030,6,20978
11030,7,21565
11030,8,21018
11030,9,20961
11030,10,20476
11030,11,20038
11030,12,20195
11030,13,21311
11030,14,20749
11030,15,20747
11030,16,20256
11030,17,20739
11030,18,20283
11030,19,20633
11030,20,20155
11030,21,20727
11030,22,20819
11030,23,20487
11030,24,21521
11030,25,20599
11030,26,22590
11030,27,20477
11030,28,21396
11030,29,20826
11030,30,21433
11030,31,20538
11030,32,20637
11030,33,22669
11030,34,21465
11030,35,20358
11030,36,20658
11030,37,21408
11030,38,20577
11030,39,20446
11030,40,20483
11030,41,20274
11030,42,20446
11030,43,21181
11030,44,20374
11030,45,20577
11030,46,20756
11030,47,16316
8197,1,18844
8197,2,18687
8197,3,18742
8197,4,19621
8197,5,18999
8197,6,18917
8197,7,18771
8197,8,18805
8197,9,18938
8197,10,19075
8197,11,18690
8197,12,18776
8197,13,18964
8197,14,18879
8197,15,13565
1260,1,21812
1260,2,26436
1260,3,29320
1260,4,44509
1260,5,39702
1260,6,27575
1260,7,31302
1260,8,27756
1260,9,29055
1260,10,35799
1260,11,48389
1260,12,34586
1260,13,35072
1260,14,39761
1260,15,39677
1260,16,33124
1260,17,58567
1260,18,46127
1260,19,33408
1260,20,45909
1260,21,61720
1260,22,26510
1260,23,33690
1260,24,52311
1260,25,39509
1260,26,36076
1260,27,73858
1260,28,50101
1260,29,37194
1260,30,32718
1260,31,28539
1260,32,37631
1260,33,39797
1260,34,64795
1260,35,35579
1260,36,33160
1260,37,65083
64836,1,31417
64836,2,36547
64836,3,32260
64836,4,20654
64836,5,21649
64836,6,29878
64836,7,24429
64836,8,32033
64836,9,29885
64836,10,30683
64836,11,22831
64836,12,28198
64836,13,33559
64836,14,25138
64836,15,26708
64836,16,28966
64836,17,27530
64836,18,30400
64836,19,25943
64836,20,30490
64836,21,33910
64836,22,24306
64836,23,30490
64836,24,28510
64836,25,20535
64836,26,38677
64836,27,25119
64836,28,21517
64836,29,28656
64836,30,28090
64836,31,30699
64836,32,29563
64836,33,34477
64836,34,22695
64836,35,40045
64836,36,23843
64836,37,20276
64836,38,34294
64836,39,23965
64836,40,26265
64836,41,24443
64836,42,29266
64836,43,21818
64836,44,20113
64836,45,33392
64836,46,26613
64836,47,21116
64836,48,29319
64836,49,25999
64836,50,21797
64836,51,26815
64836,52,29940
64836,53,27411
64836,54,21016
64836,55,33003
64836,56,22547
64836,57,17807
64836,58,26771
64836,59,30733
64836,60,28235
33118,1,20802
33118,2,20767
33118,3,20705
33118,4,20787
33118,5,20534
33118,6,20470
33118,7,20508
33118,8,20459
33118,9,20413
33118,10,20720
33118,11,20857
33118,12,20764
33118,13,20626
33118,14,20645
33118,15,21074
33118,16,20942
33118,17,20466
33118,18,20599
33118,19,20653
33118,20,20394
33118,21,20484
33118,22,20737
33118,23,20377
33118,24,20640
33118,25,20420
33118,26,20289
33118,27,20736
33118,28,20445
33118,29,20337
33118,30,21300
33118,31,22125
33118,32,20798
33118,33,20628
33118,34,20909
33118,35,20706
33118,36,20655
33118,37,20776
33118,38,20418
33118,39,20768
33118,40,20566
33118,41,20855
33118,42,20578
33118,43,20809
33118,44,20963
33118,45,20386
33118,46,21168
33118,47,20557
33118,48,20559
33118,49,20433
33118,50,20634
33118,51,20592
33118,52,20664
78040,1,16796
78040,2,50924
78040,3,55004
78040,4,66915
78040,5,57664
78040,6,42820
78040,7,57156
78040,8,31293
78040,9,157607
421,1,19472
421,2,20995
421,3,25310
421,4,26453
421,5,23551
421,6,20481
421,7,24833
421,8,20350
421,9,29005
421,10,23817
421,11,19216
421,12,28412
421,13,21605
421,14,28054
421,15,26156
421,16,25699
421,17,21434
421,18,27011
421,19,23767
421,20,27850
421,21,25192
421,22,25965
421,23,27295
421,24,31130
421,25,24220
421,26,32576
421,27,26281
421,28,25145
421,29,24406
421,30,17507
36462,1,20415
36462,2,20804
36462,3,20910
36462,4,20741
36462,5,20847
36462,6,20955
36462,7,20907
36462,8,21066
36462,9,20367
36462,10,20426
36462,11,20354
36462,12,20750
36462,13,20714
36462,14,21211
36462,15,20816
36462,16,21096
36462,17,20920
36462,18,20888
36462,19,21363
36462,20,20863
36462,21,20747
36462,22,21037
36462,23,20884
36462,24,20776
36462,25,20612
36462,26,21450
36462,27,20651
36462,28,21242
36462,29,21718
36462,30,20921
36462,31,22408
36462,32,20820
36462,33,20686
36462,34,20448
36462,35,20508
36462,36,20873
36462,37,20365
36462,38,20425
36462,39,21052
36462,40,21182
36462,41,21425
36462,42,20681
36462,43,20602
36462,44,20801
36462,45,20709
36462,46,21146
36462,47,20647
36462,48,20574
36462,49,21054
36462,50,20699
36462,51,20831
36462,52,20808
36462,53,20577
36462,54,20868
36462,55,21108
36462,56,20351
4923,1,39357
4923,2,34019
4923,3,43248
4923,4,49852
4923,5,57426
4923,6,54617
4923,7,34610
4923,8,42430
4923,9,47864
4923,10,38855
4923,11,49223
4923,12,41390
4923,13,53751
4923,14,38727
4923,15,44142
4923,16,36043
4923,17,42312
8954,1,35670
8954,2,33370
8954,3,25573
8954,4,21418
8954,5,21623
8954,6,21065
8954,7,34385
8954,8,34389
8954,9,24989
8954,10,18522
8954,11,21818
8954,12,20299
8954,13,24968
8954,14,26471
8954,15,32770
8954,16,28274
8954,17,22493
8954,18,21803
8954,19,36399
8954,20,27312
8954,21,36675
8954,22,38302
8954,23,26960
8954,24,26171
8954,25,42273
8954,26,35339
8954,27,34564
8954,28,30298
8954,29,46158
8954,30,33629
8954,31,40493
8954,32,48832
8954,33,42621
8954,34,43727
8954,35,35091
8954,36,27988
8954,37,34422
8954,38,41162
8954,39,39149
8954,40,29699
8954,41,14963
1251,1,12280
1251,2,12094
1251,3,11273
1251,4,13065
1251,5,10981
1251,6,11534
1251,7,14253
1251,8,14242
1251,9,32964
1251,10,103740
1251,11,66048
1251,12,52668
1251,13,101118
1251,14,59472
1251,15,75499
1251,16,142772
1251,17,151217
1251,18,185584
12758,1,20978
12758,2,20780
12758,3,20677
12758,4,20958
12758,5,20764
12758,6,20846
12758,7,20860
12758,8,20561
12758,9,21166
12758,10,20826
12758,11,20821
12758,12,21282
12758,13,20501
12758,14,20791
12758,15,21065
12758,16,20419
12758,17,21179
12758,18,20936
12758,19,20876
12758,20,21363
12758,21,20525
12758,22,21182
12758,23,20674
12758,24,21038
12758,25,21129
12758,26,21657
12758,27,20847
12758,28,20873
12758,29,20587
12758,30,20845
12758,31,20773
12758,32,21152
12758,33,20582
12758,34,20617
12758,35,21628
12758,36,20981
12758,37,20846
12758,38,20983
12758,39,20976
12758,40,21507
12758,41,21579
12758,42,21686
12758,43,20935
12758,44,21300
12758,45,21261
12758,46,20981
12758,47,20936
12758,48,22600
12758,49,20619
12758,50,20900
12758,51,20915
12758,52,22122
12758,53,21519
12758,54,21105
12758,55,21143
12758,56,21120
12758,57,21263
12758,58,21131
12758,59,21097
12758,60,22495
34318,1,40224
34318,2,30801
34318,3,33506
34318,4,32779
34318,5,39503
34318,6,27629
34318,7,28982
34318,8,23358
34318,9,30549
34318,10,26393
34318,11,27773
34318,12,26532
34318,13,25252
34318,14,26311
34318,15,30885
34318,16,24065
34318,17,27836
34318,18,26005
34318,19,29785
34318,20,212994
2087,1,21199
2087,2,20853
2087,3,21247
2087,4,22088
2087,5,20732
2087,6,20727
2087,7,21257
2087,8,20455
2087,9,22190
2087,10,21342
2087,11,21242
2087,12,21671
2087,13,20875
2087,14,20651
2087,15,21210
2087,16,21695
2087,17,21304
2087,18,20700
2087,19,20781
2087,20,21015
2087,21,20657
2087,22,21320
2087,23,20855
2087,24,20413
2087,25,20859
2087,26,21237
2087,27,21405
2087,28,20712
2087,29,21226
2087,30,21428
2087,31,20944
2087,32,20588
2087,33,20714
2087,34,21979
2087,35,20614
2087,36,20732
2087,37,20748
2087,38,21342
2087,39,21040
2087,40,21406
2087,41,21168
2087,42,21007
2087,43,21641
2087,44,21858
2087,45,22215
2087,46,21328
2087,47,21654
2087,48,21228
2087,49,21580
2087,50,21387
2087,51,20819
2087,52,20908
2087,53,20682
2087,54,21016
2087,55,21000
2087,56,20641
2087,57,21273
2087,58,21513
2087,59,22054
2087,60,22114
18787,1,57340
18787,2,37214
18787,3,34299
18787,4,60208
18787,5,41824
18787,6,44187
18787,7,41758
18787,8,41535
18787,9,64259
18787,10,51603
18787,11,38789
18787,12,37943
18787,13,51066
18787,14,52954
18787,15,35851
18787,16,50001
18787,17,42298
18787,18,27656
18787,19,29076
18787,20,58936
18787,21,249853
245,1,24148
245,2,22425
245,3,42905
245,4,20172
245,5,19841
245,6,25614
245,7,24164
245,8,24497
245,9,24468
245,10,22897
245,11,24958
245,12,23951
245,13,28543
245,14,24108
245,15,34664
245,16,21954
245,17,26800
245,18,22108
245,19,18828
245,20,22838
245,21,26482
245,22,17164
245,23,22818
245,24,23006
245,25,25122
245,26,21566
245,27,28357
245,28,30409
245,29,26655
245,30,40023
245,31,19090
245,32,20369
245,33,14901
245,34,27090
245,35,23114
245,36,12863
245,37,23083
245,38,22311
245,39,22635
245,40,18881
245,41,18456
245,42,18421
245,43,23845
245,44,27385
245,45,19385
245,46,15660
245,47,23454
245,48,22163
245,49,21513
245,50,24664
245,51,34211
245,52,21242
245,53,26781
245,54,22325
245,55,21346
245,56,22736
245,57,23387
245,58,25080
245,59,97601
6867,1,45372
6867,2,29688
6867,3,55366
6867,4,41844
6867,5,46799
6867,6,34186
6867,7,47907
6867,8,38788
6867,9,57378
6867,10,42919
6867,11,27773
48296,1,29156
48296,2,23701
48296,3,32353
48296,4,26239
48296,5,24946
48296,6,29714
48296,7,28453
48296,8,24348
48296,9,26416
48296,10,31419
48296,11,28482
48296,12,29385
48296,13,30647
48296,14,27874
48296,15,25887
48296,16,32782
48296,17,30575
48296,18,25657
48296,19,26558
48296,20,26072
48296,21,25590
48296,22,29141
48296,23,35109
48296,24,28637
48296,25,22867
48296,26,24233
48296,27,27250
48296,28,26694
48296,29,29503
48296,30,26589
48296,31,27812
48296,32,28246
48296,33,28278
48296,34,28133
48296,35,26349
48296,36,28829
48296,37,26105
48296,38,24171
48296,39,30458
48296,40,25048
48296,41,29032
48296,42,25325
48296,43,27698
48296,44,26618
48296,45,28036
48296,46,27251
48296,47,33326
48296,48,30761
48296,49,27046
48296,50,23281
48296,51,22735
48296,52,24441
37106,1,21568
37106,2,21379
37106,3,20847
37106,4,20617
37106,5,20549
37106,6,20641
37106,7,21606
37106,8,20748
37106,9,21856
37106,10,20897
37106,11,20633
37106,12,21168
37106,13,20827
37106,14,21410
37106,15,22527
37106,16,20913
37106,17,20888
37106,18,20867
37106,19,20707
37106,20,20854
37106,21,21001
37106,22,20572
37106,23,21059
37106,24,20994
37106,25,20952
37106,26,21331
37106,27,20887
37106,28,20639
37106,29,20930
37106,30,21125
37106,31,20914
37106,32,21470
37106,33,21210
37106,34,21073
37106,35,20790
37106,36,20881
37106,37,20946
37106,38,21159
37106,39,20882
37106,40,20640
37106,41,21542
37106,42,21447
37106,43,20693
37106,44,21627
37106,45,20776
37106,46,20520
37106,47,20731
37106,48,20946
37106,49,20547
37106,50,20829
37106,51,20864
37106,52,21194
37106,53,21049
37106,54,21119
37106,55,20566
37106,56,21426
37106,57,20738
37106,58,21547
37106,59,20654
37106,60,20656
67025,1,22202
67025,2,21457
67025,3,20957
67025,4,20770
67025,5,21172
67025,6,21228
67025,7,21000
67025,8,21326
67025,9,20762
67025,10,20790
67025,11,20891
67025,12,21985
67025,13,22608
67025,14,21193
67025,15,20868
67025,16,21095
67025,17,21385
67025,18,21298
67025,19,21102
67025,20,21286
67025,21,21236
67025,22,20961
67025,23,20809
67025,24,21613
67025,25,21404
67025,26,21430
67025,27,20842
67025,28,20463
67025,29,20925
67025,30,21082
67025,31,21967
67025,32,21698
67025,33,20896
67025,34,20992
67025,35,21409
67025,36,21144
67025,37,22640
67025,38,20934
67025,39,21526
67025,40,21791
67025,41,21939
67025,42,21271
67025,43,21206
67025,44,20689
67025,45,20744
67025,46,20818
67025,47,22099
67025,48,21776
67025,49,20600
67025,50,21339
67025,51,21116
67025,52,21095
67025,53,20605
67025,54,22540
67025,55,21136
67025,56,21198
67025,57,21416
67025,58,20849
67025,59,21481
67025,60,21025
25326,1,20387
25326,2,20467
25326,3,22066
25326,4,22595
25326,5,20168
25326,6,23990
25326,7,22409
25326,8,22431
25326,9,20474
25326,10,21836
25326,11,20106
25326,12,20530
25326,13,20446
25326,14,22091
25326,15,20553
25326,16,23793
25326,17,21459
25326,18,20641
25326,19,22179
25326,20,20459
25326,21,22661
25326,22,21030
25326,23,20505
25326,24,21681
25326,25,21317
25326,26,20269
25326,27,22199
25326,28,21878
25326,29,21300
25326,30,20130
25326,31,22636
25326,32,20319
25326,33,20580
25326,34,20535
25326,35,23457
25326,36,21592
25326,37,21158
25326,38,20893
25326,39,22868
25326,40,20066
25326,41,21446
25326,42,20630
25326,43,21569
25326,44,20606
25326,45,22482
25326,46,20224
25326,47,21860
25326,48,20243
25326,49,18220
20121,1,20943
20121,2,28847
20121,3,27772
20121,4,28323
20121,5,23801
20121,6,31974
20121,7,26071
20121,8,16090
20121,9,26585
20121,10,31108
20121,11,19646
17460,1,19928
17460,2,31371
17460,3,38522
17460,4,28712
17460,5,24896
17460,6,27186
17460,7,36760
17460,8,27389
17460,9,25594
17460,10,28589
17460,11,27658
17460,12,33423
17460,13,32580
17460,14,21925
17460,15,33180
17460,16,24287
17460,17,29487
17460,18,22152
17460,19,25195
17460,20,27350
17460,21,30047
17460,22,26702
17460,23,32212
17460,24,30234
17460,25,30689
17460,26,29123
17460,27,20874
17460,28,35632
17460,29,31693
17460,30,33837
17460,31,38642
17460,32,34809
17460,33,20209
17460,34,23785
17460,35,26898
17460,36,25771
17460,37,39162
17460,38,35244
17460,39,41165
17460,40,32510
17460,41,28077
17460,42,34077
17460,43,32726
17460,44,31486
17460,45,31277
17460,46,36535
17460,47,35122
17460,48,35478
17460,49,31200
17460,50,41668
17460,51,32622
17460,52,29860
17460,53,35782
17460,54,39173
17460,55,30710
17460,56,41215
17460,57,45080
17460,58,36027
17460,59,39473
17460,60,28843
1212,1,19678
1212,2,19298
1212,3,20246
1212,4,19677
1212,5,19548
1212,6,18997
1212,7,20603
1212,8,22481
1212,9,21394
1212,10,19765
1212,11,18731
1212,12,19604
1212,13,21180
1212,14,20282
1212,15,19485
1212,16,19542
1212,17,19551
1212,18,19044
1212,19,18671
5700,1,21383
5700,2,21085
5700,3,21431
5700,4,21703
5700,5,21216
5700,6,21526
5700,7,21194
5700,8,21141
5700,9,21405
5700,10,21370
5700,11,21456
5700,12,20781
5700,13,21554
5700,14,21253
5700,15,21258
5700,16,21214
5700,17,21282
5700,18,21710
5700,19,22272
5700,20,21280
5700,21,20906
5700,22,21318
5700,23,20829
5700,24,22268
5700,25,21276
5700,26,21186
5700,27,20834
5700,28,21695
5700,29,21234
5700,30,21017
5700,31,20949
5700,32,21165
5700,33,21135
5700,34,22310
5700,35,21562
5700,36,21086
5700,37,21038
5700,38,21254
5700,39,21383
5700,40,21362
5700,41,21751
5700,42,21332
5700,43,21775
5700,44,21193
5700,45,21512
5700,46,21342
5700,47,21836
5700,48,21296
5700,49,21369
5700,50,21869
5700,51,21204
5700,52,21448
5700,53,21531
5700,54,21069
5700,55,21339
5700,56,21563
5700,57,22998
5700,58,21268
5700,59,21362
5700,60,20939
1510,1,31643
1510,2,21639
1510,3,18520
1510,4,44176
1510,5,62641
3530,1,21352
3530,2,20615
3530,3,20806
3530,4,20924
3530,5,20818
3530,6,21248
3530,7,20695
3530,8,21423
3530,9,20723
3530,10,20700
3530,11,20735
3530,12,20871
3530,13,21298
3530,14,20456
3530,15,21082
3530,16,20705
3530,17,21314
3530,18,20866
3530,19,20591
3530,20,20860
3530,21,20992
3530,22,20984
3530,23,20819
3530,24,20691
3530,25,21380
3530,26,20956
3530,27,20893
3530,28,20774
3530,29,21346
3530,30,21292
3530,31,20826
3530,32,21285
3530,33,20574
3530,34,20521
3530,35,20801
3530,36,21436
3530,37,21251
3530,38,20812
3530,39,21055
3530,40,20945
3530,41,20831
3530,42,21497
3530,43,20546
3530,44,20827
3530,45,20921
3530,46,20891
3530,47,20764
3530,48,21141
3530,49,20772
3530,50,20845
3530,51,21344
3530,52,13575
7700,1,18545
7700,2,18746
7700,3,19242
7700,4,18851
7700,5,20054
7700,6,18473
7700,7,19067
7700,8,19151
7700,9,17993
18547,1,23863
18547,2,32119
18547,3,28676
18547,4,25374
18547,5,25562
18547,6,30583
18547,7,28121
18547,8,20608
18547,9,25882
18547,10,23646
18547,11,25903
18547,12,27095
18547,13,26851
18547,14,22380
18547,15,27615
18547,16,26003
18547,17,23891
18547,18,24702
18547,19,25579
18547,20,26231
18547,21,35982
18547,22,27685
18547,23,24039
18547,24,20878
18547,25,24823
18547,26,24693
18547,27,29098
48893,1,19837
48893,2,19686
48893,3,20705
48893,4,21211
48893,5,19662
48893,6,19936
48893,7,20370
48893,8,19960
48893,9,21369
48893,10,19909
48893,11,21167
48893,12,20085
48893,13,19839
48893,14,20348
48893,15,20434
48893,16,20356
48893,17,19734
48893,18,19673
48893,19,20390
48893,20,19666
48893,21,19596
48893,22,21339
48893,23,20537
48893,24,19794
48893,25,21099
48893,26,22647
48893,27,19866
48893,28,20688
48893,29,20473
48893,30,20417
48893,31,20383
48893,32,20123
48893,33,20245
48893,34,21297
48893,35,19592
48893,36,20271
48893,37,21331
48893,38,20445
48893,39,20147
48893,40,12599
78025,1,13981
78025,2,12152
78025,3,12222
78025,4,14124
78025,5,12862
78025,6,414386
78025,7,668839
78025,8,13011
78025,9,13939
78025,10,18567
78025,11,12363
78025,12,12891
78025,13,12259
78025,14,270907
78025,15,921119
78025,16,114548
78025,17,14154
78025,18,11431
78025,19,12167
78025,20,11333
78025,21,11994
78025,22,1086586
468,1,19936
468,2,19693
468,3,19592
468,4,19504
468,5,20378
468,6,20084
468,7,20136
468,8,19560
468,9,19710
468,10,19502
468,11,20050
468,12,19876
468,13,20466
468,14,19871
468,15,20129
468,16,19953
468,17,20073
468,18,19920
468,19,20067
468,20,19779
468,21,20533
468,22,20569
468,23,20087
468,24,19927
468,25,19798
468,26,20485
468,27,19642
468,28,20457
468,29,19806
468,30,20061
468,31,19878
468,32,19917
468,33,20124
468,34,19697
468,35,19508
468,36,19899
468,37,15485
2680,1,20488
2680,2,22115
2680,3,20181
2680,4,20651
2680,5,20224
2680,6,20055
2680,7,20122
2680,8,21061
2680,9,20966
2680,10,20297
2680,11,20583
2680,12,21117
2680,13,20331
2680,14,20594
2680,15,20022
2680,16,20437
2680,17,19925
2680,18,19943
2680,19,20317
2680,20,20784
2680,21,19897
2680,22,19482
2680,23,19962
2680,24,21048
2680,25,21364
2680,26,20235
2680,27,20022
2680,28,19945
2680,29,20226
2680,30,20136
2680,31,20429
2680,32,19851
2680,33,22968
2680,34,21278
2680,35,20552
2680,36,20905
2680,37,20370
2680,38,20097
2680,39,20453
2680,40,20203
2680,41,20240
2680,42,13030
3875,1,18637
3875,2,31492
3875,3,38543
3875,4,26437
3875,5,30671
3875,6,27702
3875,7,33096
3875,8,36511
3875,9,29821
3875,10,36019
3875,11,26260
3875,12,35648
3875,13,32250
3875,14,32603
3875,15,34878
3875,16,33004
3875,17,38694
3875,18,31492
3875,19,36251
3875,20,37314
3875,21,23831
3875,22,34275
3875,23,35813
3875,24,28602
3875,25,29536
3875,26,27582
3875,27,24988
3875,28,30353
3875,29,33224
3875,30,38449
3875,31,31498
3875,32,34778
3875,33,31810
3875,34,28564
3875,35,33278
3875,36,29893
3875,37,30693
3875,38,40073
3875,39,37868
3875,40,35097
3875,41,35416
3875,42,27117
3875,43,30947
3875,44,33558
3875,45,36676
3875,46,32440
3875,47,25514
3875,48,34780
3875,49,25569
3875,50,35015
3875,51,31399
3875,52,34496
3875,53,24080
3875,54,27015
3875,55,34830
3875,56,25122
3875,57,35572
3875,58,36308
3875,59,42484
3875,60,40438
3567,1,56134
3567,2,35399
3567,3,49165
3567,4,51842
3567,5,39670
3567,6,22186
3567,7,29368
3567,8,37534
3567,9,32556
3567,10,27727
3567,11,29964
3567,12,39141
3567,13,33842
3567,14,38748
3567,15,26862
3567,16,23800
3567,17,42129
3567,18,37970
3567,19,37062
3567,20,37813
3567,21,33303
3567,22,31214
3567,23,29366
3567,24,37922
3567,25,33206
3567,26,35848
3567,27,35027
3567,28,23579
3567,29,43298
3567,30,41994
3567,31,38270
3567,32,25280
3567,33,29509
3567,34,42943
3567,35,37520
3567,36,34010
3567,37,52449
3567,38,42098
3567,39,59339
3567,40,36886
3567,41,30729
3567,42,23002
3567,43,42937
3567,44,34406
3567,45,29442
3567,46,41119
3567,47,33139
3567,48,37554
3567,49,28995
3567,50,30032
3567,51,34860
3567,52,41541
3567,53,21704
3567,54,22587
3567,55,29244
3567,56,23157
3567,57,39691
3567,58,32414
3567,59,42140
3567,60,25625
16199,1,18877
16199,2,19312
16199,3,19211
16199,4,18919
16199,5,19193
16199,6,19166
16199,7,19312
16199,8,18945
16199,9,18569
16199,10,19472
16199,11,18745
16199,12,19381
16199,13,19917
16199,14,19026
16199,15,19352
16199,16,12761
3891,1,42005
3891,2,28097
3891,3,37991
3891,4,29628
3891,5,46098
3891,6,45228
3891,7,29594
3891,8,37789
3891,9,50330
3891,10,48757
3891,11,42246
3891,12,32025
3891,13,48879
3891,14,39212
3891,15,33851
3891,16,57960
3891,17,32776
3891,18,32549
3891,19,55858
3891,20,50351
3891,21,47187
3891,22,56893
3891,23,181565
5200,1,19036
5200,2,20461
5200,3,20800
5200,4,19141
5200,5,19329
5200,6,19283
5200,7,19213
5200,8,18618
5200,9,19237
5200,10,20885
5200,11,19691
5200,12,19233
145,1,14456
145,2,31396
145,3,29545
145,4,37444
145,5,28444
145,6,32481
145,7,37448
145,8,21006
145,9,23997
145,10,35534
145,11,38003
145,12,33560
145,13,51762
145,14,33690
145,15,31967
145,16,43871
145,17,42880
145,18,32143
145,19,39020
145,20,21107
145,21,38476
145,22,29978
145,23,44660
145,24,40493
145,25,39021
145,26,26856
145,27,22526
145,28,32468
145,29,23257
145,30,29790
145,31,26980
145,32,34531
145,33,38324
145,34,23722
145,35,29659
145,36,37953
145,37,47182
145,38,60835
145,39,31589
145,40,38890
145,41,43181
145,42,22945
145,43,38764
145,44,27393
145,45,18779
145,46,53311
145,47,33120
145,48,24233
145,49,32636
145,50,20559
145,51,35540
145,52,40901
145,53,33217
145,54,42193
145,55,38413
145,56,22046
145,57,56940
145,58,33721
145,59,55026
145,60,18202
50603,1,24069
50603,2,19716
50603,3,19922
50603,4,19917
50603,5,20062
50603,6,19576
50603,7,20197
50603,8,19903
50603,9,19986
50603,10,19819
50603,11,20162
50603,12,19817
50603,13,19369
50603,14,19428
50603,15,19115
50603,16,19390
50603,17,18983
50603,18,11298
2701,1,21381
2701,2,22329
2701,3,21595
2701,4,20613
2701,5,20962
2701,6,21077
2701,7,21616
2701,8,20965
2701,9,22807
2701,10,21344
2701,11,21068
2701,12,21883
2701,13,20971
2701,14,21569
2701,15,21996
2701,16,20998
2701,17,20741
2701,18,21238
2701,19,21443
2701,20,21365
2701,21,21761
2701,22,21396
2701,23,21461
2701,24,21685
2701,25,21392
2701,26,21501
2701,27,20523
2701,28,20741
2701,29,20921
2701,30,20873
2701,31,23110
2701,32,20764
2701,33,20846
2701,34,21102
2701,35,20950
2701,36,20800
2701,37,20608
2701,38,20821
2701,39,23437
2701,40,21560
2701,41,21434
2701,42,20951
2701,43,21187
2701,44,20856
2701,45,21016
2701,46,21040
2701,47,22682
2701,48,20910
2701,49,22273
2701,50,20627
2701,51,21061
2701,52,20964
2701,53,20941
2701,54,22040
2701,55,20732
2701,56,23009
2701,57,20779
2701,58,21316
2701,59,22258
2701,60,23246
2489,1,23757
2489,2,19336
2489,3,44212
2489,4,20786
2489,5,15963
2489,6,16464
2489,7,17969
2489,8,16648
2489,9,31711
2489,10,20407
2489,11,15396
2489,12,16372
2489,13,21619
2489,14,15620
2489,15,17934
2489,16,42762
2489,17,24395
2489,18,19207
2489,19,18154
2489,20,16548
2489,21,17704
2489,22,20965
2489,23,13467
2489,24,21128
2489,25,12662
2489,26,18440
2489,27,20889
2489,28,19512
2489,29,17997
2489,30,13127
2489,31,15937
2489,32,41767
2489,33,16995
2489,34,24350
2489,35,26281
2489,36,27863
2489,37,14164
2489,38,13367
2489,39,12980
2489,40,20893
2489,41,33675
2489,42,32958
2489,43,13039
2489,44,23564
2489,45,30224
2489,46,17241
2489,47,17060
2489,48,34676
2489,49,16225
2489,50,18951
2489,51,20084
2489,52,15570
2489,53,20707
2489,54,57470
2489,55,22574
2489,56,18985
2489,57,17084
2489,58,17146
2489,59,16810
2489,60,19905
55059,1,20708
55059,2,21421
55059,3,23255
55059,4,22653
55059,5,20986
55059,6,21299
55059,7,20975
55059,8,21567
55059,9,21312
55059,10,21046
55059,11,21008
55059,12,21062
55059,13,20764
55059,14,20855
55059,15,21065
55059,16,21804
55059,17,20779
55059,18,22261
55059,19,20959
55059,20,21773
55059,21,21173
55059,22,20752
55059,23,21027
55059,24,20864
55059,25,21061
55059,26,21879
55059,27,21053
55059,28,21045
55059,29,20834
55059,30,21350
55059,31,21274
55059,32,23541
55059,33,21203
55059,34,20805
55059,35,21116
55059,36,20940
55059,37,21150
55059,38,21045
55059,39,20973
55059,40,21182
55059,41,20979
55059,42,21672
55059,43,21230
55059,44,21605
55059,45,21418
55059,46,21076
55059,47,20859
55059,48,21187
55059,49,21529
55059,50,21386
55059,51,21155
55059,52,20780
55059,53,20865
55059,54,20811
55059,55,21036
55059,56,20884
55059,57,21605
55059,58,21321
55059,59,21260
55059,60,21289
71046,1,21166
71046,2,21165
71046,3,21363
71046,4,21591
71046,5,20765
71046,6,21316
71046,7,21158
71046,8,21162
71046,9,21346
71046,10,21481
71046,11,21670
71046,12,21228
71046,13,20958
71046,14,21031
71046,15,21057
71046,16,20914
71046,17,21712
71046,18,21178
71046,19,21813
71046,20,20583
71046,21,20772
71046,22,20999
71046,23,21362
71046,24,21351
71046,25,20807
71046,26,20834
71046,27,21154
71046,28,22199
71046,29,21716
71046,30,21157
71046,31,20885
71046,32,20859
71046,33,21720
71046,34,20775
71046,35,21233
71046,36,22561
71046,37,21682
71046,38,20898
71046,39,21181
71046,40,20984
71046,41,22776
71046,42,21416
71046,43,21427
71046,44,21166
71046,45,21848
71046,46,20999
71046,47,20906
71046,48,21358
71046,49,20934
71046,50,21685
71046,51,20892
71046,52,21247
71046,53,21024
71046,54,20984
71046,55,21102
71046,56,21396
71046,57,20759
71046,58,20878
71046,59,20772
71046,60,21399
23184,1,27524
23184,2,27721
23184,3,27140
23184,4,26470
23184,5,26604
23184,6,23973
23184,7,24638
23184,8,26525
23184,9,36310
23184,10,27705
23184,11,31620
23184,12,24858
23184,13,35669
23184,14,27337
23184,15,25955
23184,16,27271
23184,17,24302
23184,18,24203
23184,19,23366
23184,20,34215
23184,21,24697
23184,22,25236
23184,23,24882
23184,24,25083
23184,25,23590
23184,26,24561
23184,27,24840
23184,28,24588
23184,29,34778
23184,30,24614
28203,1,32549
28203,2,39432
28203,3,40277
28203,4,48205
28203,5,43894
28203,6,26852
28203,7,20247
28203,8,25269
28203,9,27145
28203,10,22600
28203,11,23199
28203,12,20899
28203,13,39869
28203,14,28898
28203,15,27811
28203,16,37863
28203,17,35117
28203,18,44859
28203,19,27510
28203,20,33104
28203,21,42226
2739,1,20805
2739,2,21205
2739,3,22505
2739,4,21813
2739,5,24088
2739,6,21848
2739,7,21030
2739,8,21063
2739,9,21433
2739,10,21729
2739,11,22526
2739,12,22071
2739,13,20938
2739,14,21432
2739,15,20658
2739,16,22913
2739,17,21715
2739,18,20761
2739,19,21246
2739,20,22042
2739,21,22600
2739,22,21407
2739,23,22247
2739,24,21536
2739,25,20653
2739,26,20825
2739,27,21142
2739,28,23065
2739,29,21514
2739,30,20875
2739,31,20848
2739,32,21369
2739,33,22015
2739,34,20924
2739,35,22074
2739,36,20637
2739,37,20503
2739,38,21149
2739,39,20930
2739,40,21390
2739,41,21024
2739,42,21600
2739,43,22505
2739,44,21348
2739,45,20716
2739,46,21522
2739,47,20760
2739,48,20882
2739,49,20944
2739,50,22567
2739,51,21236
2739,52,24281
2739,53,21545
2739,54,20858
2739,55,20859
2739,56,25039
2739,57,20902
2739,58,21289
2739,59,20574
2739,60,22032
560,1,47831
560,2,47090
560,3,36758
560,4,47134
560,5,52037
560,6,47037
560,7,36951
560,8,43789
560,9,38128
560,10,31614
560,11,36846
560,12,43177
560,13,38968
560,14,60573
560,15,48404
560,16,36532
560,17,43648
560,18,32523
560,19,28851
560,20,44189
560,21,57640
560,22,35737
71865,1,20077
71865,2,20344
71865,3,20244
71865,4,19872
71865,5,20048
71865,6,19916
71865,7,20457
71865,8,20323
71865,9,20140
71865,10,20234
71865,11,20284
71865,12,20741
71865,13,19962
71865,14,19873
71865,15,20926
71865,16,20189
71865,17,19692
71865,18,20004
71865,19,20362
71865,20,21240
71865,21,20339
71865,22,20244
71865,23,20384
71865,24,21149
71865,25,20107
71865,26,20169
71865,27,20050
71865,28,20074
71865,29,20298
71865,30,20928
71865,31,19748
71865,32,19917
71865,33,20777
71865,34,21115
71865,35,19993
71865,36,20185
71865,37,20002
71865,38,20329
71865,39,12885
202,1,20615
202,2,21159
202,3,21327
202,4,21066
202,5,21086
202,6,23275
202,7,22125
202,8,22469
202,9,21558
202,10,20939
202,11,23688
202,12,22396
202,13,20933
202,14,24163
202,15,21007
202,16,20795
202,17,20659
202,18,21055
202,19,20938
202,20,21300
202,21,21392
202,22,23834
202,23,23913
202,24,22479
202,25,22123
202,26,21195
202,27,22790
202,28,22156
202,29,22894
202,30,21536
202,31,20921
202,32,24288
202,33,20967
202,34,27443
202,35,22923
202,36,21411
202,37,22471
202,38,21073
202,39,21128
202,40,21529
202,41,21393
202,42,22087
202,43,21390
202,44,23863
202,45,22108
202,46,21235
202,47,21349
202,48,21421
202,49,21804
202,50,22250
202,51,21289
202,52,21516
202,53,22142
202,54,21285
202,55,22726
202,56,21974
202,57,20956
202,58,21513
202,59,21222
202,60,21595
19441,1,177393
19441,2,171220
19441,3,66635
19441,4,200309
19441,5,65001
59827,1,46810
59827,2,46048
59827,3,49479
59827,4,57625
59827,5,46512
59827,6,62880
59827,7,22697
59827,8,44047
59827,9,50372
59827,10,47486
59827,11,48205
59827,12,51819
59827,13,51858
59827,14,51320
59827,15,72138
5197,1,21733
5197,2,21472
5197,3,20752
5197,4,21828
5197,5,20732
5197,6,21638
5197,7,20673
5197,8,21001
5197,9,20810
5197,10,20778
5197,11,21983
5197,12,20676
5197,13,21104
5197,14,21596
5197,15,20653
5197,16,21184
5197,17,20701
5197,18,20912
5197,19,20580
5197,20,25575
5197,21,20948
5197,22,21661
5197,23,20838
5197,24,21002
5197,25,21883
5197,26,21893
5197,27,23613
5197,28,20876
5197,29,20817
5197,30,20851
5197,31,22359
5197,32,24428
5197,33,24330
5197,34,22895
5197,35,21370
5197,36,21166
5197,37,22283
5197,38,21170
5197,39,20701
5197,40,20879
5197,41,21513
5197,42,22795
5197,43,22034
5197,44,22293
5197,45,21520
5197,46,21398
5197,47,22346
5197,48,21869
5197,49,20666
5197,50,22040
5197,51,20665
5197,52,20850
5197,53,21345
5197,54,21134
5197,55,20706
5197,56,21087
5197,57,22283
5197,58,21402
5197,59,21194
5197,60,21136
37499,1,21835
37499,2,21060
37499,3,20756
37499,4,21716
37499,5,21875
37499,6,21268
37499,7,21229
37499,8,21093
37499,9,20836
37499,10,20981
37499,11,21109
37499,12,21342
37499,13,20989
37499,14,20939
37499,15,20902
37499,16,21230
37499,17,21227
37499,18,20988
37499,19,21471
37499,20,21346
37499,21,21245
37499,22,21225
37499,23,21224
37499,24,21222
37499,25,21025
37499,26,21867
37499,27,21521
37499,28,21351
37499,29,21216
37499,30,21104
37499,31,20921
37499,32,20675
37499,33,21111
37499,34,25345
37499,35,21277
37499,36,21184
37499,37,21492
37499,38,21574
37499,39,21015
37499,40,21307
37499,41,20662
37499,42,22026
37499,43,20994
37499,44,23147
37499,45,21130
37499,46,20937
37499,47,21207
37499,48,21127
37499,49,21255
37499,50,20804
37499,51,20884
37499,52,21956
37499,53,21800
37499,54,21635
37499,55,21561
37499,56,21650
37499,57,21868
37499,58,21759
37499,59,21063
37499,60,21452
851,1,18430
851,2,20710
851,3,20235
851,4,18971
851,5,19379
851,6,19818
851,7,24732
851,8,18767
851,9,21523
851,10,16152
23,1,36439
23,2,20764
23,3,21284
23,4,17776
23,5,18210
23,6,18818
23,7,16265
23,8,22711
23,9,19609
23,10,20615
23,11,79605
23,12,50284
967,1,23645
967,2,39398
967,3,38432
967,4,41599
967,5,37599
967,6,66990
967,7,30789
967,8,42689
967,9,49721
967,10,45332
967,11,24147
967,12,39373
967,13,45307
967,14,39853
967,15,43474
967,16,59332
967,17,34306
967,18,44839
967,19,50523
967,20,39718
967,21,43147
967,22,48550
967,23,42878
967,24,52512
967,25,44891
967,26,37780
967,27,47664
967,28,52343
967,29,33996
967,30,50676
967,31,29577
967,32,36432
967,33,28452
967,34,50701
967,35,52863
967,36,31596
967,37,54862
967,38,48283
967,39,33776
967,40,53462
967,41,42688
967,42,41101
967,43,46626
967,44,47957
967,45,43447
967,46,45790
967,47,49641
967,48,39305
967,49,49894
967,50,46109
967,51,39223
967,52,42720
967,53,51649
967,54,40124
967,55,41807
967,56,42170
967,57,38204
967,58,25485
967,59,47518
967,60,39599
121,1,18399
121,2,23017
121,3,20753
121,4,17637
121,5,17575
121,6,19894
121,7,26907
121,8,25977
121,9,29512
121,10,32747
121,11,27378
121,12,21887
121,13,28144
121,14,30071
121,15,28918
121,16,26073
121,17,18640
121,18,22054
121,19,19491
121,20,28893
121,21,27410
121,22,30013
121,23,25429
121,24,26878
121,25,27752
121,26,25161
121,27,17704
121,28,30289
121,29,29727
121,30,27315
121,31,17875
2610,1,22460
2610,2,21179
2610,3,21739
2610,4,21424
2610,5,22139
2610,6,22534
2610,7,22828
2610,8,21270
2610,9,21037
2610,10,21094
2610,11,21077
2610,12,21517
2610,13,22104
2610,14,20855
2610,15,21299
2610,16,21001
2610,17,21046
2610,18,20878
2610,19,21247
2610,20,21167
2610,21,21595
2610,22,21986
2610,23,21239
2610,24,21359
2610,25,21328
2610,26,21736
2610,27,21008
2610,28,21297
2610,29,21201
2610,30,22899
2610,31,20964
2610,32,21582
2610,33,21779
2610,34,21333
2610,35,20713
2610,36,22490
2610,37,20861
2610,38,21184
2610,39,21251
2610,40,21388
2610,41,21298
2610,42,20939
2610,43,21029
2610,44,20957
2610,45,22500
2610,46,20828
2610,47,21667
2610,48,21540
2610,49,21061
2610,50,23151
2610,51,21453
2610,52,21268
2610,53,21259
2610,54,21146
2610,55,21654
2610,56,21424
2610,57,21849
2610,58,22240
2610,59,21645
2610,60,21814
30434,1,20589
30434,2,20338
30434,3,20013
30434,4,20222
30434,5,19983
30434,6,20562
30434,7,19824
30434,8,20532
30434,9,20315
30434,10,20004
30434,11,20200
30434,12,20045
30434,13,20610
30434,14,20464
30434,15,20247
30434,16,20239
30434,17,20502
30434,18,20113
30434,19,20210
30434,20,20362
30434,21,19928
30434,22,20267
30434,23,20484
30434,24,20251
30434,25,20236
30434,26,20619
30434,27,21031
30434,28,19994
30434,29,20284
30434,30,20058
30434,31,20113
30434,32,19959
30434,33,20301
30434,34,20188
30434,35,20391
30434,36,20148
30434,37,20217
30434,38,20033
30434,39,19847
30434,40,20384
30434,41,20425
30434,42,19922
30434,43,13774
27673,1,19908
27673,2,18807
27673,3,18824
27673,4,18996
27673,5,19012
27673,6,19466
27673,7,18875
27673,8,19418
27673,9,20339
27673,10,19018
27673,11,18707
27673,12,12647
1353,1,21180
1353,2,22140
1353,3,21417
1353,4,21707
1353,5,21030
1353,6,21675
1353,7,21612
1353,8,21539
1353,9,20792
1353,10,20894
1353,11,21483
1353,12,20929
1353,13,20671
1353,14,20823
1353,15,20689
1353,16,21537
1353,17,21225
1353,18,21272
1353,19,21376
1353,20,21147
1353,21,20933
1353,22,21299
1353,23,21710
1353,24,21087
1353,25,20837
1353,26,21255
1353,27,21129
1353,28,21119
1353,29,20715
1353,30,21396
1353,31,21036
1353,32,21063
1353,33,21193
1353,34,21230
1353,35,21337
1353,36,20856
1353,37,21684
1353,38,21231
1353,39,21119
1353,40,21343
1353,41,21321
1353,42,21168
1353,43,21067
1353,44,21653
1353,45,21378
1353,46,21341
1353,47,21081
1353,48,21305
1353,49,21242
1353,50,21476
1353,51,20963
1353,52,20909
1353,53,21262
1353,54,21219
1353,55,21082
1353,56,21830
1353,57,21138
1353,58,21505
1353,59,21483
1353,60,20982
47530,1,27296
47530,2,22591
47530,3,24783
47530,4,26671
47530,5,21715
47530,6,23882
47530,7,36921
47530,8,25974
47530,9,30814
47530,10,32562
47530,11,34407
47530,12,29679
47530,13,29363
47530,14,32019
47530,15,26310
47530,16,15522
47530,17,33330
36725,1,32784
36725,2,24807
36725,3,42561
36725,4,25971
36725,5,34822
36725,6,44369
36725,7,34508
36725,8,67528
36725,9,45762
36725,10,34438
36725,11,32775
36725,12,47399
36725,13,35291
36725,14,17741
36725,15,24705
36725,16,42739
36725,17,31119
36725,18,44684
36725,19,39133
36725,20,37040
36725,21,42043
36725,22,33593
36725,23,59416
36725,24,39512
36725,25,27654
36725,26,33494
36725,27,28211
36725,28,30447
36725,29,38025
36725,30,30538
36725,31,27282
36725,32,24819
36725,33,25439
36725,34,34387
36725,35,26451
36725,36,26833
36725,37,25303
36725,38,30626
36725,39,30606
36725,40,31436
36725,41,33069
785,1,75087
785,2,83955
785,3,75338
785,4,91607
785,5,108682
785,6,96604
57641,1,26059
57641,2,26268
57641,3,26084
57641,4,19660
57641,5,21380
57641,6,22080
57641,7,19639
57641,8,21772
57641,9,18886
57641,10,19381
57641,11,22225
57641,12,19446
57641,13,19372
57641,14,24788
57641,15,20559
57641,16,24147
57641,17,22848
57641,18,24241
57641,19,24437
57641,20,20050
57641,21,26771
57641,22,23722
57641,23,23060
57641,24,28056
57641,25,22462
57641,26,23299
57641,27,23112
57641,28,27767
57641,29,24437
57641,30,20835
57641,31,24824
57641,32,18087
57641,33,22631
57641,34,21731
57641,35,25194
57641,36,20570
57641,37,20602
57641,38,28404
57641,39,19896
57641,40,19303
57641,41,39941
19707,1,36535
19707,2,38586
19707,3,40090
19707,4,36643
19707,5,36250
19707,6,35414
19707,7,40567
19707,8,35260
19707,9,34933
19707,10,38628
19707,11,36423
19707,12,38036
19707,13,38115
19707,14,36878
19707,15,32903
19707,16,38874
19707,17,23575
55179,1,20605
55179,2,20567
55179,3,21324
55179,4,20927
55179,5,20940
55179,6,20954
55179,7,21118
55179,8,20710
55179,9,21002
55179,10,20752
55179,11,20735
55179,12,20847
55179,13,21296
55179,14,20647
55179,15,20906
55179,16,20552
55179,17,20929
55179,18,20688
55179,19,20687
55179,20,20858
55179,21,21069
55179,22,20772
55179,23,20775
55179,24,20734
55179,25,21343
55179,26,20952
55179,27,20981
55179,28,21019
55179,29,20846
55179,30,21058
55179,31,20929
55179,32,20743
55179,33,21771
55179,34,20981
55179,35,20964
55179,36,20573
55179,37,20749
55179,38,20677
55179,39,20758
55179,40,20800
55179,41,20855
55179,42,21123
55179,43,20981
55179,44,21402
55179,45,21223
55179,46,20600
55179,47,20993
55179,48,20722
55179,49,20729
55179,50,20990
55179,51,20664
55179,52,21256
55179,53,20896
55179,54,21132
55179,55,20814
55179,56,20722
55179,57,20799
55179,58,21274
55179,59,20769
55179,60,21229
53416,1,35167
53416,2,31259
53416,3,31587
53416,4,26710
53416,5,34282
53416,6,24703
53416,7,30885
53416,8,26250
53416,9,31373
53416,10,26862
53416,11,55724
53416,12,27021
53416,13,24276
53416,14,21502
53416,15,38326
53416,16,26640
53416,17,31906
53416,18,47883
53416,19,28482
53416,20,31387
53416,21,26031
53416,22,19441
53416,23,29312
53416,24,27566
53416,25,24373
53416,26,23964
53416,27,27056
53416,28,26887
53416,29,27229
53416,30,23839
53416,31,31001
53416,32,21098
53416,33,27452
53416,34,27830
53416,35,28412
53416,36,27928
53416,37,32580
53416,38,24052
53416,39,36496
53416,40,28010
53416,41,32306
53416,42,52527
553,1,52488
553,2,53370
553,3,53190
553,4,45429
553,5,45414
20,1,46080
20,2,57795
20,3,43016
20,4,56061
20,5,50583
20,6,51271
20,7,68206
20,8,63070
20,9,59882
20,10,79449
7735,1,25250
7735,2,33656
7735,3,29185
7735,4,43545
7735,5,27137
7735,6,41027
7735,7,32167
7735,8,24344
7735,9,52300
7735,10,39048
7735,11,61106
7735,12,33033
7735,13,48317
7735,14,26512
7735,15,56066
7735,16,47336
7735,17,19882
7735,18,60624
7735,19,32677
7735,20,31016
7735,21,42431
7735,22,35073
7735,23,36442
7735,24,26827
7735,25,46511
7735,26,23065
7735,27,48700
7735,28,27064
7735,29,22150
7735,30,40782
7735,31,64235
7735,32,49989
7735,33,50489
7735,34,72271
7735,35,96753
70200,1,20757
70200,2,20909
70200,3,21685
70200,4,20371
70200,5,20570
70200,6,20399
70200,7,20565
70200,8,23857
70200,9,20349
70200,10,20500
70200,11,21271
70200,12,20168
70200,13,20796
70200,14,20664
70200,15,20446
70200,16,21064
70200,17,21186
70200,18,22046
70200,19,20401
70200,20,22668
70200,21,20456
70200,22,20626
70200,23,20623
70200,24,20469
70200,25,20356
70200,26,21004
70200,27,20771
70200,28,20464
70200,29,20530
70200,30,20540
70200,31,20749
70200,32,20576
70200,33,20611
70200,34,20727
70200,35,20965
70200,36,20301
70200,37,21582
70200,38,20515
70200,39,20809
70200,40,20613
70200,41,20996
70200,42,21291
70200,43,21395
70200,44,21229
70200,45,20489
70200,46,20596
70200,47,18487
4367,1,31493
4367,2,29380
4367,3,33512
4367,4,28700
4367,5,24854
4367,6,21360
4367,7,31259
4367,8,26005
4367,9,24382
4367,10,26685
4367,11,40858
4367,12,27144
4367,13,32633
4367,14,23319
4367,15,24507
4367,16,36961
4367,17,29220
4367,18,28057
4367,19,31729
4367,20,28196
4367,21,25869
4367,22,39734
4367,23,30112
4367,24,39762
4367,25,35341
4367,26,28809
4367,27,37880
4367,28,23249
4367,29,21720
4367,30,31914
4367,31,36570
4367,32,33820
4367,33,26512
4367,34,29349
4367,35,39921
4367,36,23896
4367,37,29089
4367,38,43083
4367,39,34916
4367,40,28032
4367,41,26636
4367,42,32935
4367,43,28027
4367,44,29784
4367,45,34281
4367,46,32594
4367,47,35107
4367,48,26039
4367,49,33148
4367,50,36991
4367,51,27884
4367,52,24648
4367,53,28527
4367,54,33362
4367,55,30223
4367,56,36165
4367,57,42945
4367,58,33686
4367,59,55257
4367,60,19839
16,1,26426
16,2,27351
16,3,34801
16,4,26823
16,5,30156
16,6,25531
16,7,22589
16,8,32399
16,9,15627
16,10,21563
16,11,24416
16,12,18585
16,13,25521
16,14,23269
16,15,28469
16,16,27116
16,17,29973
28780,1,17432
28780,2,21687
28780,3,16112
28780,4,15976
28780,5,21695
28780,6,22368
28780,7,24452
28780,8,22516
28780,9,18126
28780,10,20616
28780,11,16651
28780,12,29947
28780,13,15521
28780,14,20120
28780,15,27840
28780,16,25886
28780,17,30473
28780,18,21338
28780,19,18864
28780,20,23278
28780,21,24256
28780,22,17716
28780,23,19321
28780,24,27397
28780,25,27830
28780,26,24206
28780,27,22720
28780,28,18986
28780,29,29251
28780,30,17208
28780,31,19719
28780,32,20280
28780,33,24336
28780,34,26710
28780,35,19166
28780,36,15140
28780,37,20238
28780,38,16995
28780,39,26306
28780,40,24057
28780,41,14722
28780,42,16910
28780,43,25505
28780,44,21785
28780,45,20821
28780,46,22103
28780,47,21168
28780,48,14482
28780,49,18199
28780,50,28858
28780,51,20122
28780,52,16142
1658,1,19556
1658,2,19339
1658,3,19265
1658,4,19879
1658,5,19708
1658,6,19073
1658,7,20038
1658,8,19734
1658,9,19401
1658,10,19117
1658,11,19105
1658,12,21422
1658,13,19287
1658,14,19729
1658,15,19932
1658,16,20335
1658,17,19106
1658,18,19107
1658,19,18938
1658,20,19765
1658,21,19184
1658,22,19899
1658,23,19552
1658,24,19462
1658,25,13470
1636,1,24027
1636,2,18882
1636,3,22213
1636,4,19757
1636,5,19140
1636,6,19053
1636,7,19304
1636,8,19595
1636,9,19271
1636,10,18721
1636,11,19897
1636,12,19259
1636,13,19159
1636,14,20612
1636,15,19523
1636,16,18798
1636,17,19146
1636,18,19145
1636,19,18986
1636,20,19540
1636,21,19360
1636,22,16801
16921,1,31702
16921,2,29685
16921,3,28751
16921,4,28324
16921,5,28108
16921,6,28826
16921,7,29222
16921,8,29642
16921,9,28299
16921,10,28582
16921,11,28898
16921,12,29008
16921,13,27989
16921,14,29189
16921,15,28511
16921,16,27158
16921,17,27990
16921,18,27896
14140,1,21845
14140,2,20865
14140,3,20823
14140,4,21890
14140,5,21003
14140,6,20898
14140,7,22575
14140,8,21534
14140,9,20926
14140,10,23747
14140,11,20837
14140,12,21178
14140,13,20633
14140,14,21052
14140,15,22955
14140,16,20812
14140,17,20590
14140,18,21312
14140,19,20896
14140,20,20701
14140,21,20966
14140,22,21238
14140,23,20905
14140,24,21790
14140,25,21000
14140,26,22980
14140,27,21552
14140,28,21713
14140,29,21548
14140,30,21188
14140,31,21198
14140,32,20440
14140,33,21229
14140,34,20797
14140,35,22108
14140,36,21560
14140,37,22446
14140,38,20650
14140,39,20890
14140,40,20437
14140,41,22557
14140,42,21514
14140,43,20776
14140,44,21131
14140,45,20940
14140,46,23428
14140,47,22739
14140,48,22885
14140,49,21190
14140,50,20784
14140,51,21866
14140,52,23098
14140,53,21762
14140,54,20738
14140,55,21238
14140,56,23029
14140,57,23189
14140,58,21012
14140,59,21927
14140,60,21327
23639,1,21223
23639,2,23193
23639,3,21214
23639,4,21852
23639,5,20822
23639,6,23108
23639,7,20583
23639,8,21019
23639,9,24447
23639,10,20803
23639,11,24036
23639,12,23942
23639,13,20935
23639,14,20490
23639,15,20451
23639,16,20872
23639,17,21581
23639,18,20750
23639,19,21202
23639,20,20693
23639,21,21500
23639,22,20741
23639,23,22605
23639,24,22709
23639,25,22530
23639,26,22076
23639,27,21648
23639,28,22076
23639,29,22051
23639,30,21174
23639,31,20415
23639,32,21059
23639,33,20853
23639,34,20514
23639,35,21982
23639,36,21409
23639,37,20990
23639,38,21753
23639,39,21655
23639,40,20853
23639,41,20566
23639,42,21422
23639,43,20820
23639,44,20705
23639,45,20802
23639,46,21063
23639,47,21379
23639,48,21558
23639,49,20506
23639,50,21836
23639,51,20792
23639,52,21499
23639,53,20585
23639,54,21686
23639,55,21829
23639,56,20732
23639,57,21341
23639,58,20790
23639,59,21369
23639,60,20947
674,1,23596
674,2,20650
674,3,22016
674,4,20473
674,5,22786
674,6,21172
674,7,20466
674,8,21336
674,9,21104
674,10,22026
674,11,20680
674,12,22458
674,13,21382
674,14,22203
674,15,22130
674,16,22167
674,17,22037
674,18,21336
674,19,21898
674,20,20454
674,21,21380
674,22,21673
674,23,22042
674,24,21234
674,25,23296
674,26,23075
674,27,20782
674,28,21888
674,29,21505
674,30,22561
674,31,20519
674,32,22756
674,33,21006
674,34,20985
674,35,20616
674,36,21081
674,37,21337
674,38,22043
674,39,20842
674,40,20881
674,41,21880
674,42,22144
674,43,20475
674,44,21605
674,45,20865
674,46,20975
674,47,20834
674,48,21151
674,49,21160
674,50,20670
674,51,21897
674,52,21929
674,53,21921
674,54,23137
674,55,22594
674,56,22041
674,57,23055
674,58,20560
674,59,21779
674,60,20713
1279,1,23275
1279,2,22092
1279,3,20999
1279,4,21543
1279,5,21635
1279,6,21334
1279,7,21801
1279,8,21802
1279,9,21554
1279,10,22220
1279,11,21498
1279,12,21906
1279,13,21712
1279,14,21664
1279,15,22224
1279,16,21921
1279,17,21475
1279,18,21650
1279,19,21713
1279,20,22392
1279,21,21276
1279,22,21710
1279,23,21999
1279,24,22045
1279,25,21545
1279,26,21592
1279,27,21534
1279,28,21544
1279,29,21559
1279,30,21249
1279,31,21648
1279,32,21974
1279,33,21596
1279,34,21533
1279,35,21929
1279,36,21565
1279,37,21808
1279,38,21725
1279,39,21762
1279,40,21770
1279,41,21468
1279,42,21532
1279,43,21513
1279,44,21739
1279,45,23216
1279,46,21789
1279,47,23168
1279,48,21340
1279,49,21676
1279,50,21125
1279,51,21483
1279,52,21654
1279,53,21937
1279,54,21798
1279,55,21649
1279,56,21429
1279,57,21360
1279,58,22671
1279,59,22558
1279,60,21126
61262,1,20411
61262,2,20512
61262,3,20842
61262,4,20711
61262,5,20262
61262,6,20287
61262,7,20722
61262,8,20499
61262,9,20231
61262,10,20434
61262,11,20552
61262,12,19668
61262,13,20219
61262,14,20262
61262,15,20120
61262,16,19845
61262,17,21342
61262,18,20080
61262,19,20294
61262,20,20804
61262,21,20668
61262,22,20554
61262,23,20451
61262,24,20254
61262,25,20065
61262,26,20466
61262,27,20835
61262,28,20354
61262,29,20063
61262,30,21288
61262,31,20101
61262,32,19961
1342,1,16448
1342,2,21746
1342,3,17875
1342,4,17209
1342,5,25460
1342,6,23716
1342,7,23644
1342,8,22214
1342,9,26283
1342,10,21036
1342,11,15472
1342,12,21743
1342,13,18510
1342,14,21577
1342,15,31917
1342,16,19298
1342,17,42127
1342,18,22692
1342,19,21178
1342,20,23658
1342,21,22064
1342,22,21365
1342,23,23051
1342,24,20825
1342,25,25272
1342,26,19031
1342,27,20414
1342,28,26062
1342,29,19185
1342,30,20850
1342,31,20611
1342,32,22620
1342,33,23983
1342,34,28781
1342,35,23942
1342,36,20007
1342,37,17788
1342,38,20910
1342,39,21796
1342,40,25339
1342,41,22877
1342,42,40371
1342,43,25140
1342,44,22015
1342,45,29108
1342,46,35633
1342,47,25077
1342,48,25812
1342,49,24600
1342,50,23320
1342,51,29282
1342,52,28949
1342,53,21063
1342,54,25129
1342,55,28538
1342,56,21296
1342,57,26416
1342,58,26052
1342,59,20566
1342,60,19035
42671,1,15952
42671,2,15920
42671,3,21341
42671,4,18160
42671,5,17001
42671,6,24980
42671,7,22923
42671,8,23034
42671,9,21385
42671,10,24248
42671,11,20570
42671,12,15378
42671,13,21580
42671,14,18005
42671,15,21398
42671,16,30794
42671,17,18737
42671,18,41259
42671,19,22176
42671,20,20792
42671,21,23024
42671,22,21702
42671,23,21500
42671,24,22958
42671,25,20138
42671,26,24755
42671,27,18804
42671,28,19678
42671,29,25606
42671,30,18982
42671,31,20447
42671,32,20217
42671,33,22271
42671,34,23611
42671,35,30079
42671,36,23275
42671,37,19420
42671,38,17548
42671,39,19757
42671,40,20804
42671,41,24866
42671,42,22737
42671,43,39593
42671,44,25405
42671,45,21702
42671,46,29112
42671,47,34475
42671,48,24341
42671,49,24332
42671,50,24312
42671,51,23123
42671,52,29030
42671,53,27719
42671,54,20629
42671,55,24927
42671,56,27460
42671,57,21206
42671,58,25629
42671,59,25560
42671,60,20297
21394,1,15895
21394,2,24099
21394,3,33179
21394,4,31338
21394,5,28773
21394,6,37522
21394,7,33106
21394,8,29311
21394,9,26412
21394,10,30858
21394,11,31984
21394,12,32279
21394,13,34075
21394,14,29894
21394,15,30935
21394,16,23490
21394,17,30970
21394,18,28494
21394,19,51132
21394,20,31075
21394,21,32455
21394,22,16969
47221,1,47103
47221,2,41416
47221,3,37425
47221,4,28758
47221,5,30030
47221,6,37692
47221,7,35806
47221,8,40447
47221,9,28149
47221,10,42280
47221,11,38387
47221,12,27615
47221,13,46058
47221,14,31332
47221,15,24270
47221,16,28357
47221,17,38629
47221,18,32306
47221,19,38287
47221,20,31579
47221,21,42928
47221,22,49122
60979,1,21675
60979,2,21409
60979,3,21415
60979,4,20783
60979,5,22000
60979,6,21306
60979,7,20630
60979,8,21116
60979,9,20943
60979,10,21023
60979,11,21200
60979,12,20715
60979,13,21888
60979,14,21169
60979,15,21493
60979,16,22026
60979,17,21611
60979,18,20758
60979,19,21083
60979,20,21197
60979,21,21611
60979,22,20754
60979,23,21467
60979,24,21047
60979,25,20801
60979,26,20518
60979,27,21195
60979,28,21044
60979,29,21038
60979,30,21845
60979,31,21388
60979,32,21343
60979,33,21834
60979,34,21199
60979,35,20655
60979,36,20946
60979,37,20866
60979,38,20537
60979,39,21326
60979,40,20723
60979,41,21374
60979,42,21510
60979,43,21660
60979,44,22096
60979,45,20543
60979,46,20513
60979,47,21421
60979,48,21350
60979,49,21023
60979,50,21497
60979,51,21356
60979,52,20658
60979,53,20553
60979,54,21071
60979,55,20687
60979,56,20590
60979,57,20803
60979,58,20775
60979,59,22205
60979,60,22221
48438,1,11501
48438,2,12196
48438,3,12129
48438,4,12218
48438,5,66650
27997,1,31880
27997,2,22538
27997,3,24989
27997,4,26002
27997,5,32539
27997,6,26587
27997,7,34814
27997,8,27295
27997,9,31860
27997,10,49938
27997,11,32035
27997,12,33376
27997,13,26324
27997,14,30313
27997,15,39929
27997,16,31449
27997,17,26284
27997,18,23848
27997,19,32580
27997,20,24681
27997,21,26773
27997,22,20120
27997,23,33101
27997,24,18087
27997,25,20635
27997,26,41250
27997,27,36673
27997,28,16882
27997,29,29729
27997,30,44445
1513,1,10996
1513,2,44199
1513,3,41521
1513,4,48375
1513,5,29242
1513,6,30575
1112,1,19271
1112,2,18786
1112,3,19213
1112,4,18829
1112,5,18826
1112,6,18877
1112,7,18755
1112,8,18882
1112,9,18915
1112,10,19051
1112,11,19392
1112,12,19356
1112,13,19746
1112,14,18668
1112,15,17468
57821,1,20525
57821,2,19731
57821,3,19419
57821,4,18882
57821,5,19647
57821,6,19548
57821,7,19044
57821,8,19853
57821,9,19137
57821,10,19172
57821,11,18974
57821,12,18756
57821,13,18671
57821,14,19680
57821,15,18745
57821,16,17552
21839,1,26705
21839,2,20350
21839,3,22186
21839,4,19996
21839,5,22121
21839,6,16914
21839,7,18607
21839,8,18447
21839,9,18397
21839,10,21977
21839,11,23319
21839,12,19721
21839,13,20580
21839,14,23379
21839,15,19662
21839,16,25839
21839,17,22734
21839,18,20569
21839,19,20208
21839,20,27660
21839,21,24185
21839,22,28185
21839,23,27022
21839,24,24959
21839,25,22930
21839,26,21974
21839,27,25593
21839,28,25551
21839,29,19772
21839,30,33142
21839,31,27825
21839,32,32843
21839,33,26218
21839,34,28610
21839,35,26635
21839,36,24311
21839,37,28819
21839,38,36230
21839,39,28119
21839,40,22742
21839,41,25972
21839,42,25700
21839,43,21775
21839,44,31013
21839,45,42245
21839,46,23456
21839,47,27913
21839,48,25157
21839,49,18983
21839,50,35329
21839,51,25889
161,1,20221
161,2,22329
161,3,20126
161,4,22950
161,5,17508
161,6,18948
161,7,18530
161,8,18395
161,9,22278
161,10,23511
161,11,19869
161,12,20563
161,13,23691
161,14,19662
161,15,26020
161,16,22951
161,17,21087
161,18,20076
161,19,27726
161,20,25327
161,21,28513
161,22,27618
161,23,25287
161,24,23244
161,25,22071
161,26,25797
161,27,26347
161,28,19627
161,29,33744
161,30,28322
161,31,33144
161,32,26364
161,33,28788
161,34,27163
161,35,24937
161,36,28993
161,37,37228
161,38,28483
161,39,22699
161,40,26353
161,41,26221
161,42,21744
161,43,31440
161,44,43147
161,45,23727
161,46,28339
161,47,25292
161,48,18639
161,49,35745
161,50,25919
19412,1,21339
19412,2,22458
19412,3,20720
19412,4,20969
19412,5,20998
19412,6,21078
19412,7,21931
19412,8,20703
19412,9,20849
19412,10,21204
19412,11,21194
19412,12,20886
19412,13,20939
19412,14,20683
19412,15,21435
19412,16,20941
19412,17,20830
19412,18,20886
19412,19,21155
19412,20,21097
19412,21,21323
19412,22,21478
19412,23,21152
19412,24,21188
19412,25,20910
19412,26,20985
19412,27,21151
19412,28,20910
19412,29,20835
19412,30,21570
19412,31,21290
19412,32,21650
19412,33,20851
19412,34,20598
19412,35,20813
19412,36,21652
19412,37,21106
19412,38,20623
19412,39,21100
19412,40,21565
19412,41,20955
19412,42,20680
19412,43,20842
19412,44,21349
19412,45,21135
19412,46,20860
19412,47,21692
19412,48,20551
19412,49,20413
19412,50,21011
19412,51,20633
19412,52,20664
19412,53,20520
19412,54,20739
19412,55,20700
19412,56,22773
19412,57,21041
19412,58,21537
19412,59,20720
19412,60,20881
42196,1,18658
42196,2,18971
42196,3,18698
42196,4,18482
42196,5,18540
42196,6,18882
42196,7,19034
42196,8,12372
42188,1,18548
42188,2,18700
42188,3,18323
42188,4,18480
42188,5,18897
42188,6,18233
42188,7,18493
42188,8,13719
1041,1,19138
1041,2,19440
1041,3,18958
1041,4,18991
1041,5,18920
1041,6,18912
1041,7,19162
1041,8,19218
1041,9,19109
1041,10,19133
1041,11,11648
26315,1,11828
26315,2,13742
26315,3,19861
26315,4,21200
26315,5,22598
26315,6,30343
26315,7,40426
26315,8,29761
26315,9,56409
26315,10,53304
26315,11,14623
26315,12,17442
26315,13,36287
26315,14,28983
26315,15,45845
26315,16,49051
26315,17,17989
26315,18,23898
26315,19,42236
26315,20,127943
77092,1,20372
77092,2,22138
77092,3,21805
77092,4,19067
77092,5,24762
77092,6,22381
77092,7,21868
77092,8,25725
77092,9,21579
77092,10,21450
77092,11,22689
77092,12,22283
77092,13,22565
77092,14,25391
77092,15,24528
77092,16,19971
77092,17,25941
77092,18,25110
77092,19,22383
77092,20,23201
77092,21,23946
77092,22,24546
77092,23,26826
77092,24,20149
77092,25,24448
77092,26,24438
77092,27,24437
77092,28,23495
77092,29,24454
77092,30,25578
77092,31,23751
77092,32,20997
77092,33,24426
14568,1,19439
14568,2,19172
14568,3,19388
14568,4,19272
14568,5,19702
14568,6,19997
14568,7,20418
14568,8,20308
14568,9,20642
14568,10,20495
14568,11,20641
14568,12,20168
14568,13,20035
14568,14,20541
14568,15,20489
14568,16,21752
14568,17,19762
14568,18,20741
14568,19,20714
14568,20,20724
14568,21,20879
14568,22,20489
14568,23,20711
14568,24,20354
14568,25,19304
55300,1,17000
55300,2,26296
55300,3,16495
55300,4,20311
55300,5,17503
55300,6,19721
55300,7,18143
55300,8,24728
55300,9,23279
55300,10,24240
55300,11,22661
55300,12,17667
55300,13,22913
55300,14,17937
55300,15,22684
55300,16,20660
55300,17,26318
55300,18,24040
55300,19,19908
55300,20,17817
55300,21,18704
55300,22,21052
55300,23,24137
55300,24,19765
55300,25,19856
55300,26,23786
55300,27,38645
37734,1,15792
37734,2,13064
37734,3,18645
37734,4,14008
37734,5,78758
37734,6,735171
1934,1,18850
1934,2,18807
1934,3,18779
1934,4,12612
2002,1,18889
2002,2,18825
2002,3,18668
2002,4,13149
50290,1,20037
50290,2,19576
50290,3,19731
50290,4,19521
50290,5,19411
50290,6,19578
50290,7,19535
50290,8,19425
50290,9,19422
50290,10,19386
50290,11,19736
50290,12,19694
50290,13,19592
50290,14,20179
50290,15,19665
50290,16,19878
50290,17,19580
50290,18,19418
50290,19,19352
50290,20,19446
50290,21,19682
50290,22,19671
50290,23,19624
50290,24,19664
50290,25,19556
50290,26,19490
50290,27,19739
50290,28,19501
50290,29,19597
50290,30,19808
50290,31,16231
15272,1,20845
15272,2,20662
15272,3,20982
15272,4,20326
15272,5,21778
15272,6,20633
15272,7,20549
15272,8,20515
15272,9,20705
15272,10,20610
15272,11,20509
15272,12,20893
15272,13,20539
15272,14,20808
15272,15,20712
15272,16,20499
15272,17,20758
15272,18,20374
15272,19,20950
15272,20,20600
15272,21,20112
15272,22,20540
15272,23,20471
15272,24,20686
15272,25,20615
15272,26,20451
15272,27,20663
15272,28,20292
15272,29,20841
15272,30,20746
15272,31,20510
15272,32,20234
15272,33,20870
15272,34,21014
15272,35,20818
15272,36,20947
15272,37,20501
15272,38,20589
15272,39,20282
15272,40,20436
15272,41,20439
15272,42,20993
15272,43,20383
15272,44,20354
15272,45,20269
15272,46,20542
15272,47,20999
15272,48,20726
15272,49,20333
15272,50,20728
15272,51,18262
26471,1,18570
26471,2,17730
22342,1,21952
22342,2,21155
22342,3,21248
22342,4,21148
22342,5,21612
22342,6,21288
22342,7,20262
22342,8,21325
22342,9,21205
22342,10,20757
22342,11,21556
22342,12,21555
22342,13,21659
22342,14,21619
22342,15,21805
22342,16,21293
22342,17,21630
22342,18,21884
22342,19,21568
22342,20,21245
22342,21,21336
22342,22,20569
22342,23,20617
22342,24,20870
22342,25,20989
22342,26,22034
22342,27,21080
22342,28,22677
22342,29,20735
22342,30,22042
22342,31,21370
22342,32,21309
22342,33,21879
22342,34,21840
22342,35,21070
22342,36,21044
22342,37,20788
22342,38,20466
22342,39,20578
22342,40,20732
22342,41,21459
22342,42,21906
22342,43,22660
22342,44,21670
20439,1,20910
20439,2,20596
20439,3,21032
20439,4,21599
20439,5,21202
20439,6,21009
20439,7,20717
20439,8,20529
20439,9,23052
20439,10,20686
20439,11,21512
20439,12,21487
20439,13,21829
20439,14,21137
20439,15,20666
20439,16,20830
20439,17,20910
20439,18,21862
20439,19,20801
20439,20,21152
20439,21,20760
20439,22,21222
20439,23,21105
20439,24,20878
20439,25,20949
20439,26,20991
20439,27,20490
20439,28,20908
20439,29,20976
20439,30,21133
20439,31,21263
20439,32,21081
20439,33,20870
20439,34,20796
20439,35,21010
20439,36,20782
20439,37,20991
20439,38,20755
20439,39,20881
20439,40,20985
20439,41,21175
20439,42,20677
20439,43,20744
20439,44,20838
20439,45,20882
20439,46,21054
20439,47,20617
20439,48,21019
20439,49,20639
20439,50,21023
20439,51,20534
20439,52,21350
20439,53,20700
20439,54,21309
20439,55,20853
20439,56,21041
20439,57,22072
20439,58,20533
20439,59,21124
20439,60,20734
1600,1,18566
1600,2,18681
1600,3,19478
1600,4,19644
1600,5,21648
1600,6,19424
1600,7,19510
1600,8,19967
1600,9,19259
1600,10,19500
1600,11,20945
1600,12,18917
1600,13,20687
1600,14,20000
1600,15,20907
1600,16,20000
1600,17,18650
1600,18,17111
78105,1,19995
78105,2,19365
78105,3,19546
78105,4,19585
78105,5,19132
78105,6,19322
78105,7,19346
78105,8,18949
78105,9,19365
78105,10,19620
78105,11,19597
78105,12,19027
78105,13,19200
78105,14,19428
78105,15,19569
78105,16,20664
78105,17,20819
78105,18,19959
78105,19,17218
537,1,21209
537,2,20450
537,3,20128
537,4,20659
537,5,20043
537,6,19924
537,7,20972
537,8,20284
537,9,20262
537,10,20060
537,11,20513
537,12,19912
537,13,20016
537,14,20433
537,15,19970
537,16,21620
537,17,19920
537,18,20345
537,19,20088
537,20,19870
537,21,21475
537,22,19800
537,23,19782
537,24,20035
537,25,20391
537,26,20291
537,27,20050
537,28,20450
537,29,20201
537,30,20371
537,31,20111
537,32,20363
537,33,20053
537,34,19961
537,35,20213
537,36,20141
537,37,20317
537,38,19871
537,39,20078
537,40,20061
537,41,20372
537,42,20448
537,43,20415
537,44,17782
21638,1,20152
21638,2,25753
21638,3,22461
21638,4,25192
21638,5,27582
21638,6,24557
21638,7,23411
21638,8,28149
21638,9,15446
21638,10,24961
21638,11,22306
21638,12,22850
21638,13,15563
21638,14,18889
21638,15,22205
21638,16,17348
21638,17,18258
21638,18,19829
21638,19,16512
21638,20,18081
21638,21,22122
21638,22,21880
21638,23,26681
21638,24,18593
21638,25,17691
21638,26,26087
21638,27,19885
21638,28,18630
21638,29,18124
21638,30,15456
21638,31,16034
21638,32,21850
21638,33,13942
21638,34,19804
21638,35,15259
21638,36,15773
21638,37,27637
79,1,62862
79,2,62476
79,3,42690
79,4,62193
79,5,45365
79,6,42244
79,7,50418
79,8,33291
79,9,46352
79,10,43455
79,11,51254
79,12,47186
79,13,39058
79,14,72041
79,15,52127
79,16,74790
79,17,62454
79,18,63770
79,19,74650
79,20,55450
79,21,47790
79,22,48907
79,23,55731
79,24,52452
79,25,41972
79,26,51435
79,27,57084
79,28,51168
79,29,57783
79,30,60133
27475,1,29891
27475,2,31875
27475,3,25802
27475,4,32550
27475,5,32536
27475,6,31851
27475,7,26515
27475,8,28270
27475,9,27750
27475,10,23543
27475,11,28592
27475,12,27136
27475,13,37933
27475,14,35031
27475,15,23188
27475,16,29919
27475,17,27569
27475,18,38401
27475,19,30517
27475,20,25874
27475,21,26337
27475,22,26005
27475,23,38029
27475,24,20551
27475,25,30963
27475,26,24051
27475,27,19636
27475,28,41439
51428,1,21165
51428,2,21612
51428,3,20633
51428,4,21313
51428,5,21014
51428,6,20867
51428,7,21076
51428,8,20668
51428,9,21193
51428,10,21070
51428,11,20638
51428,12,21138
51428,13,20723
51428,14,20878
51428,15,20543
51428,16,20904
51428,17,20827
51428,18,21090
51428,19,20569
51428,20,20846
51428,21,20872
51428,22,20848
51428,23,20951
51428,24,21153
51428,25,21307
51428,26,21850
51428,27,20736
51428,28,21457
51428,29,21062
51428,30,20627
51428,31,20667
51428,32,21614
51428,33,21067
51428,34,21010
51428,35,21137
51428,36,20940
51428,37,21141
51428,38,20453
51428,39,20881
51428,40,20721
51428,41,21598
51428,42,20929
51428,43,20823
51428,44,20995
51428,45,21258
51428,46,21303
51428,47,21035
51428,48,20363
51428,49,21226
51428,50,20856
51428,51,20752
51428,52,20838
51428,53,21550
51428,54,20651
51428,55,20552
51428,56,21587
51428,57,21078
51428,58,20750
51428,59,20688
51428,60,21445
6761,1,12764
6761,2,496532
6761,3,497280
500,1,14014
500,2,14675
500,3,16480
500,4,13941
500,5,13909
500,6,13007
500,7,15097
500,8,13862
500,9,14177
500,10,13911
500,11,14898
500,12,17083
500,13,15631
500,14,15317
500,15,14550
500,16,15620
500,17,18122
500,18,17738
500,19,15553
500,20,14393
500,21,14385
500,22,15294
500,23,17635
500,24,18912
500,25,15019
500,26,14815
500,27,20442
500,28,18063
500,29,21443
500,30,18341
500,31,20458
500,32,19413
500,33,22094
500,34,21185
500,35,19179
500,36,27432
4085,1,22341
4085,2,20595
4085,3,20712
4085,4,21521
4085,5,19193
4085,6,22997
4085,7,26268
4085,8,26443
4085,9,27479
4085,10,23146
4085,11,24354
4085,12,28184
4085,13,29485
4085,14,27457
4085,15,25568
4085,16,25511
4085,17,31333
4085,18,30350
4085,19,25679
4085,20,20105
4085,21,23946
4085,22,32168
4085,23,36189
4085,24,37425
4085,25,30373
4085,26,22376
4085,27,20918
4085,28,28714
4085,29,22753
4085,30,22739
4085,31,29458
4085,32,19357
4085,33,22352
4085,34,24345
4085,35,30769
4085,36,23304
4085,37,24482
4085,38,21690
4085,39,28078
4085,40,26093
4085,41,23118
4085,42,31348
4085,43,26367
4085,44,24914
4085,45,36148
4085,46,44056
4085,47,35354
4085,48,31209
4085,49,20588
4085,50,28664
4085,51,35141
4085,52,29712
4085,53,31864
4085,54,24325
4085,55,28399
4085,56,32441
4085,57,32089
4085,58,29777
4085,59,23388
4085,60,25133
1661,1,21504
1661,2,21587
1661,3,21560
1661,4,21786
1661,5,21733
1661,6,21436
1661,7,22053
1661,8,21446
1661,9,21077
1661,10,21865
1661,11,21385
1661,12,21272
1661,13,21176
1661,14,21452
1661,15,22335
1661,16,21170
1661,17,21901
1661,18,21927
1661,19,21579
1661,20,21038
1661,21,21751
1661,22,22008
1661,23,21525
1661,24,21442
1661,25,21252
1661,26,21000
1661,27,21104
1661,28,21607
1661,29,21789
1661,30,21554
1661,31,21145
1661,32,21720
1661,33,21629
1661,34,21588
1661,35,21587
1661,36,21395
1661,37,21426
1661,38,21635
1661,39,21495
1661,40,21087
1661,41,21732
1661,42,20883
1661,43,21653
1661,44,21551
1661,45,21586
1661,46,21392
1661,47,21693
1661,48,22007
1661,49,20884
1661,50,21194
1661,51,21296
1661,52,21172
1661,53,21222
1661,54,21183
1661,55,21154
1661,56,21513
1661,57,21539
1661,58,21322
1661,59,20829
1661,60,21536
74,1,24967
74,2,21933
74,3,23519
74,4,30943
74,5,21544
74,6,32047
74,7,21927
74,8,20889
74,9,23413
74,10,23259
74,11,19341
74,12,20166
74,13,25644
74,14,22504
74,15,20339
74,16,29895
74,17,17170
74,18,27908
74,19,15151
74,20,20090
74,21,23741
74,22,16263
74,23,22618
74,24,12706
74,25,24083
74,26,26730
74,27,16298
74,28,16926
74,29,26581
74,30,29047
74,31,27928
74,32,16069
74,33,30521
74,34,16013
74,35,21483
228,1,67754
228,2,69517
228,3,60942
228,4,64177
228,5,72164
228,6,77431
228,7,69333
228,8,62884
228,9,69641
228,10,81072
228,11,81127
228,12,84385
40361,1,28145
40361,2,28150
40361,3,28994
40361,4,25174
40361,5,28758
40361,6,29211
40361,7,23725
40361,8,30803
40361,9,21936
40361,10,24857
40361,11,27861
40361,12,23026
40361,13,22835
40361,14,28236
40361,15,24748
40361,16,34711
40361,17,30784
40361,18,25641
40361,19,62258
24149,1,19169
24149,2,18820
24149,3,18150
24149,4,18199
24149,5,17875
46976,1,13842
46976,2,13890
46976,3,13751
46976,4,13982
46976,5,14134
46976,6,13511
46976,7,24521
46976,8,16279
46976,9,14235
46976,10,14017
46976,11,14708
46976,12,16308
46976,13,16433
46976,14,15722
46976,15,14992
46976,16,16226
46976,17,13944
46976,18,15263
46976,19,16278
46976,20,13858
46976,21,14231
46976,22,15108
46976,23,14794
46976,24,15951
46976,25,15994
46976,26,16435
46976,27,16250
46976,28,14933
46976,29,14162
46976,30,14421
46976,31,13856
46976,32,15163
46976,33,13980
46976,34,14430
46976,35,14356
46976,36,14032
46976,37,13911
46976,38,14341
46976,39,15209
46976,40,15352
46976,41,14789
46976,42,14394
46976,43,16250
46976,44,15650
46976,45,13973
46976,46,14388
46976,47,15405
46976,48,14913
46976,49,15043
46976,50,15372
46976,51,14231
46976,52,14622
46976,53,13406
46976,54,14441
46976,55,13827
46976,56,15946
46976,57,16100
46976,58,14188
46976,59,14301
46976,60,14594
160,1,20020
160,2,20082
160,3,20041
160,4,20111
160,5,20118
160,6,20567
160,7,20262
160,8,20479
160,9,20238
160,10,20101
160,11,20339
160,12,20640
160,13,20528
160,14,20833
160,15,20560
160,16,19895
160,17,20763
160,18,20722
160,19,20150
160,20,19950
160,21,20506
160,22,20790
160,23,20368
160,24,20312
160,25,20551
160,26,20504
160,27,20607
160,28,20466
160,29,20335
160,30,19894
160,31,20602
160,32,20765
160,33,20254
160,34,21052
160,35,20543
160,36,20228
160,37,20060
160,38,20570
160,39,16649
60316,1,65564
60316,2,31874
60316,3,22019
60316,4,22910
60316,5,20364
60316,6,16308
60316,7,22277
60316,8,23884
60316,9,21650
60316,10,20354
60316,11,277347
1719,1,18713
1719,2,18725
1719,3,18930
1719,4,18608
1719,5,19022
1719,6,18892
1719,7,18804
1719,8,18845
1719,9,18726
1719,10,18809
1719,11,18730
1719,12,18600
1719,13,18088
6235,1,29159
6235,2,40263
6235,3,18422
6235,4,19614
6235,5,14240
6235,6,18797
6235,7,18476
6235,8,35004
76576,1,20465
76576,2,20496
76576,3,20986
76576,4,20933
76576,5,20806
76576,6,21069
76576,7,21362
76576,8,21101
76576,9,20807
76576,10,20416
76576,11,20598
76576,12,21465
76576,13,22268
76576,14,20519
76576,15,20903
76576,16,20725
76576,17,20341
76576,18,21940
76576,19,20594
76576,20,20721
76576,21,20689
76576,22,21286
76576,23,21302
76576,24,20910
76576,25,20755
76576,26,21058
76576,27,21055
76576,28,21144
76576,29,20982
76576,30,21166
76576,31,20797
76576,32,20458
76576,33,20355
76576,34,21004
76576,35,20924
76576,36,20732
76576,37,21292
76576,38,20429
76576,39,20790
76576,40,21069
76576,41,20683
76576,42,21474
76576,43,20672
76576,44,21174
76576,45,20966
76576,46,21058
76576,47,21203
76576,48,21502
76576,49,22018
76576,50,20652
76576,51,20743
76576,52,19571
23599,1,18547
23599,2,18322
23599,3,18545
23599,4,18792
23599,5,18791
23599,6,16095
70114,1,19482
70114,2,20009
70114,3,19765
70114,4,19480
70114,5,19728
70114,6,20277
70114,7,19691
70114,8,19808
70114,9,19887
70114,10,19918
70114,11,20571
70114,12,19996
70114,13,19729
70114,14,19837
70114,15,19499
70114,16,20004
70114,17,20102
70114,18,19991
70114,19,19781
70114,20,19614
70114,21,20671
70114,22,20123
70114,23,20012
70114,24,19779
70114,25,19625
70114,26,20030
70114,27,19512
70114,28,19753
70114,29,19638
70114,30,19463
70114,31,19806
70114,32,19668
70114,33,20336
70114,34,13577
51356,1,19943
51356,2,19582
51356,3,19662
51356,4,20346
51356,5,22453
51356,6,19577
51356,7,20705
51356,8,21135
51356,9,20014
51356,10,21283
51356,11,19976
51356,12,19447
51356,13,20591
51356,14,21432
51356,15,19642
51356,16,19531
51356,17,20488
51356,18,19719
51356,19,20692
51356,20,19978
51356,21,19733
51356,22,20107
51356,23,20408
51356,24,21974
51356,25,19894
51356,26,20519
51356,27,22119
51356,28,19632
51356,29,20908
51356,30,20404
51356,31,20317
51356,32,19547
51356,33,19686
67979,1,31084
67979,2,17122
67979,3,20489
67979,4,15051
67979,5,18874
67979,6,20578
67979,7,23589
67979,8,29263
67979,9,19186
67979,10,22111
67979,11,36047
67979,12,13595
67979,13,15713
67979,14,23864
67979,15,17200
67979,16,15456
67979,17,18038
67979,18,22114
67979,19,23067
67979,20,28693
67979,21,23992
67979,22,14859
67979,23,17166
67979,24,16687
67979,25,19164
67979,26,20335
67979,27,33045
67979,28,18431
67979,29,18768
67979,30,17920
67979,31,23553
67979,32,19364
67979,33,15023
67979,34,17525
67979,35,18467
67979,36,13784
67979,37,17120
67979,38,30750
67979,39,17084
67979,40,23845
67979,41,14307
67979,42,29191
67979,43,14703
67979,44,13045
393,1,18202
393,2,22834
393,3,17803
393,4,21526
393,5,19672
393,6,25695
393,7,16394
393,8,23932
393,9,22438
393,10,16557
393,11,17747
393,12,23596
393,13,18397
393,14,20288
393,15,14662
393,16,28357
393,17,18212
393,18,17770
393,19,18771
393,20,19808
393,21,16670
393,22,15380
393,23,14766
393,24,14787
393,25,21544
393,26,16717
393,27,19833
393,28,17456
393,29,23730
393,30,17463
393,31,17811
393,32,12865
393,33,15645
393,34,19198
393,35,15196
393,36,14486
393,37,17634
393,38,15368
393,39,17516
393,40,15904
393,41,15105
393,42,22040
393,43,14638
393,44,12736
393,45,12376
393,46,15801
393,47,15599
393,48,27559
393,49,35734
51252,1,21321
51252,2,21180
51252,3,21548
51252,4,20919
51252,5,37414
51252,6,21897
51252,7,31481
51252,8,21367
51252,9,24632
51252,10,25262
51252,11,21020
51252,12,21881
51252,13,23339
51252,14,22485
51252,15,20657
51252,16,26895
51252,17,20512
51252,18,21402
51252,19,20661
51252,20,21641
51252,21,21200
51252,22,21053
51252,23,25367
51252,24,20964
51252,25,30306
51252,26,22211
51252,27,21953
51252,28,20600
51252,29,21034
51252,30,20671
51252,31,21125
51252,32,21030
51252,33,25995
51252,34,24091
51252,35,21198
51252,36,23289
51252,37,20474
51252,38,31540
51252,39,24738
51252,40,26129
51252,41,24537
51252,42,20956
51252,43,21486
51252,44,22313
51252,45,21282
51252,46,21265
51252,47,20965
51252,48,29237
51252,49,22717
51252,50,21354
51252,51,23841
51252,52,23688
51252,53,20491
51252,54,21127
51252,55,23459
51252,56,20720
51252,57,21641
51252,58,21856
51252,59,28344
51252,60,21517
36223,1,11852
36223,2,31799
36223,3,31613
36223,4,38740
36223,5,20431
36223,6,21870
36223,7,15249
36223,8,20548
36223,9,19060
36223,10,35385
36223,11,32520
36223,12,18480
36223,13,32802
36223,14,21469
36223,15,32490
36223,16,24680
36223,17,21785
36223,18,19644
36223,19,37270
36223,20,22522
36223,21,27354
36223,22,18448
36223,23,34355
36223,24,18074
36223,25,13398
36223,26,28478
36223,27,28493
36223,28,19148
36223,29,23947
36223,30,25169
36223,31,25877
36223,32,24417
36223,33,16392
36223,34,24689
36223,35,13959
36223,36,18444
36223,37,41664
28054,1,12887
28054,2,19356
28054,3,18759
28054,4,26660
28054,5,31994
28054,6,32380
28054,7,22807
28054,8,32224
28054,9,29481
28054,10,29114
28054,11,34209
28054,12,35763
28054,13,33037
28054,14,32125
28054,15,24564
28054,16,20842
28054,17,30497
28054,18,30836
28054,19,31850
28054,20,24423
28054,21,24659
28054,22,29426
28054,23,24326
28054,24,38700
28054,25,30180
28054,26,35964
28054,27,22860
28054,28,22307
28054,29,25789
28054,30,38729
28054,31,30921
28054,32,36697
28054,33,37459
28054,34,26808
28054,35,33738
28054,36,40364
28054,37,64677
28054,38,37281
28054,39,32415
28054,40,47585
28054,41,63416
28054,42,46131
28054,43,42424
28054,44,25795
28054,45,57650
28054,46,23161
28054,47,39298
28054,48,29072
28054,49,40664
28054,50,26341
28054,51,50682
28054,52,30571
28054,53,52691
28054,54,45194
28054,55,27826
28054,56,27809
28054,57,33122
28054,58,29749
28054,59,39469
28054,60,31212
38983,1,25948
38983,2,29025
38983,3,22310
38983,4,20834
38983,5,20843
38983,6,25099
38983,7,29133
38983,8,25163
38983,9,17890
38983,10,40169
38983,11,14242
38983,12,17942
38983,13,24008
38983,14,12842
38983,15,20283
38983,16,19758
38983,17,21235
38983,18,29060
38983,19,40455
38983,20,16061
38983,21,13661
38983,22,38322
25132,1,20684
25132,2,21089
25132,3,20390
25132,4,20431
25132,5,20825
25132,6,20803
25132,7,20559
25132,8,20900
25132,9,20813
25132,10,20584
25132,11,20759
25132,12,21130
25132,13,20837
25132,14,20746
25132,15,20762
25132,16,20829
25132,17,21434
25132,18,20470
25132,19,21148
25132,20,21180
25132,21,21685
25132,22,21116
25132,23,20939
25132,24,21149
25132,25,20884
25132,26,21109
25132,27,21037
25132,28,20823
25132,29,21095
25132,30,21370
25132,31,20815
25132,32,20698
25132,33,20625
25132,34,20959
25132,35,20961
25132,36,20677
25132,37,20827
25132,38,21096
25132,39,21891
25132,40,20837
25132,41,20534
25132,42,21272
25132,43,21032
25132,44,20871
25132,45,21034
25132,46,20900
25132,47,20849
25132,48,21220
25132,49,21109
25132,50,21095
25132,51,21006
25132,52,21123
25132,53,20853
25132,54,20915
25132,55,20790
25132,56,21434
25132,57,20728
25132,58,21060
25132,59,20789
25132,60,20729
2383,1,22058
2383,2,20657
2383,3,23488
2383,4,21468
2383,5,21672
2383,6,21594
2383,7,21105
2383,8,22834
2383,9,20603
2383,10,21328
2383,11,21216
2383,12,21967
2383,13,21298
2383,14,21014
2383,15,22884
2383,16,21595
2383,17,21622
2383,18,22029
2383,19,23013
2383,20,22129
2383,21,20770
2383,22,23028
2383,23,22009
2383,24,21781
2383,25,21487
2383,26,21904
2383,27,23824
2383,28,22909
2383,29,22256
2383,30,24271
2383,31,22050
2383,32,21397
2383,33,21388
2383,34,21153
2383,35,20935
2383,36,20755
2383,37,20968
2383,38,20916
2383,39,24543
2383,40,25616
2383,41,29057
2383,42,20963
2383,43,22233
2383,44,21919
2383,45,21577
2383,46,21853
2383,47,23734
2383,48,21236
2383,49,23148
2383,50,21247
2383,51,21030
2383,52,21152
2383,53,21231
2383,54,21105
2383,55,20952
2383,56,21408
2383,57,22023
2383,58,24244
2383,59,21897
2383,60,22375
23500,1,21574
23500,2,21094
23500,3,21956
23500,4,21779
23500,5,22003
23500,6,21391
23500,7,21697
23500,8,21372
23500,9,21720
23500,10,21977
23500,11,21024
23500,12,21269
23500,13,21764
23500,14,22459
23500,15,21297
23500,16,21297
23500,17,22585
23500,18,21094
23500,19,21026
23500,20,20847
23500,21,20855
23500,22,21353
23500,23,21311
23500,24,21914
23500,25,21414
23500,26,21020
23500,27,22288
23500,28,21326
23500,29,21407
23500,30,21733
23500,31,21580
23500,32,21214
23500,33,21542
23500,34,21653
23500,35,21592
23500,36,21396
23500,37,20702
23500,38,20678
23500,39,21796
23500,40,20827
23500,41,21324
23500,42,21280
23500,43,20870
23500,44,20722
23500,45,21891
23500,46,21350
23500,47,21159
23500,48,20971
23500,49,21118
23500,50,21397
23500,51,21375
23500,52,21782
23500,53,21346
23500,54,20864
23500,55,21276
23500,56,20290
23500,57,20932
23500,58,21577
23500,59,21258
23500,60,20874
5610,1,20377
5610,2,20339
5610,3,20221
5610,4,20540
5610,5,19901
5610,6,20301
5610,7,20430
5610,8,20331
5610,9,21594
5610,10,19803
5610,11,19738
5610,12,20421
5610,13,20323
5610,14,19627
5610,15,20077
5610,16,20222
5610,17,20260
5610,18,20676
5610,19,20450
5610,20,20571
5610,21,20089
5610,22,20013
5610,23,19668
5610,24,19990
5610,25,20351
5610,26,20512
5610,27,20080
5610,28,19925
5610,29,20097
5610,30,20216
5610,31,19894
5610,32,19690
1063,1,18818
1063,2,12899
696,1,57259
696,2,55325
696,3,52834
696,4,50351
696,5,45550
1153,1,31186
1153,2,31348
1153,3,35232
1153,4,34950
1153,5,29644
1153,6,35109
1153,7,34086
1153,8,30100
1153,9,32672
1153,10,29592
1153,11,31777
1153,12,29469
1153,13,31347
1153,14,32042
1153,15,31677
1153,16,31838
1153,17,31581
1153,18,34208
1153,19,29011
1153,20,32709
1153,21,29075
1153,22,38708
20796,1,19734
20796,2,19708
20796,3,19758
20796,4,19433
20796,5,19536
20796,6,19317
20796,7,19267
20796,8,19380
20796,9,19345
20796,10,19230
20796,11,19964
20796,12,19676
20796,13,19419
20796,14,19315
20796,15,19665
20796,16,19758
20796,17,19306
20796,18,19520
20796,19,19597
20796,20,19525
20796,21,19846
20796,22,20153
20796,23,19392
20796,24,19406
20796,25,19208
20796,26,19509
20796,27,19681
20796,28,19705
20796,29,12810
31100,1,26851
31100,2,23067
31100,3,27378
31100,4,22057
31100,5,30139
31100,6,33050
31100,7,30441
31100,8,30316
31100,9,27683
31100,10,33955
31100,11,29353
31100,12,42981
31100,13,27389
31100,14,25702
31100,15,27702
31100,16,25524
31100,17,31912
31100,18,34217
31100,19,25202
31100,20,31523
31100,21,50921
31100,22,44929
31100,23,49043
31100,24,21487
31100,25,19426
31100,26,24105
31100,27,20989
31100,28,19214
31100,29,18954
31100,30,20967
31100,31,27119
31100,32,26557
31100,33,29983
31100,34,33295
31100,35,28005
31100,36,22676
31100,37,29199
31100,38,30603
31100,39,29576
31100,40,26997
31100,41,19673
31100,42,22861
31100,43,20325
31100,44,29926
31100,45,28431
31100,46,30626
31100,47,26406
31100,48,27714
31100,49,28330
31100,50,25925
31100,51,18493
31100,52,31401
31100,53,30634
31100,54,28070
31100,55,19086
31100,56,28783
31100,57,32486
31100,58,31826
31100,59,31344
31100,60,27324
100,1,38385
100,2,47137
100,3,35245
100,4,43487
100,5,33351
100,6,38064
100,7,49867
100,8,51110
100,9,42687
100,10,34323
100,11,39509
100,12,36870
100,13,46506
100,14,30778
100,15,33998
100,16,23816
100,17,28530
100,18,28681
100,19,35167
100,20,32623
100,21,52240
100,22,46988
100,23,44903
100,24,44817
100,25,43555
100,26,48307
100,27,35027
100,28,49400
100,29,39510
100,30,55096
100,31,52873
100,32,46643
100,33,55660
100,34,43315
100,35,46604
100,36,40846
100,37,54599
100,38,42223
100,39,29149
100,40,37226
100,41,14238
100,42,39502
100,43,51591
100,44,32092
100,45,53230
100,46,37499
100,47,14139
100,48,30348
100,49,38439
100,50,46876
100,51,60721
100,52,37309
100,53,12768
100,54,42711
100,55,35487
100,56,35687
100,57,39151
100,58,38878
100,59,12504
100,60,44611
3913,1,23436
3913,2,99563
3913,3,106599
3913,4,104037
3913,5,105946
3913,6,128291
3913,7,123064
3913,8,192199
3913,9,140731
3913,10,220589
3913,11,141763
3913,12,115776
3913,13,185814
3296,1,47994
3296,2,30129
3296,3,39962
3296,4,47467
3296,5,46426
3296,6,52790
3296,7,55461
3296,8,53824
3296,9,58073
3296,10,97262
3296,11,59859
3296,12,66378
3296,13,79051
14328,1,10551
14328,2,42263
14328,3,10327
14328,4,51542
14328,5,12796
14328,6,71686
14328,7,10620
14328,8,63716
14328,9,11805
14328,10,52898
1184,1,21244
1184,2,22613
1184,3,21825
1184,4,22401
1184,5,21401
1184,6,21435
1184,7,22572
1184,8,21131
1184,9,21267
1184,10,21513
1184,11,21968
1184,12,21141
1184,13,21759
1184,14,21482
1184,15,21490
1184,16,21838
1184,17,21746
1184,18,21882
1184,19,21390
1184,20,21869
1184,21,21966
1184,22,21388
1184,23,21839
1184,24,21494
1184,25,22232
1184,26,22235
1184,27,21988
1184,28,20966
1184,29,20939
1184,30,21921
1184,31,21077
1184,32,21589
1184,33,21443
1184,34,21696
1184,35,22256
1184,36,22544
1184,37,21567
1184,38,21584
1184,39,21348
1184,40,21779
1184,41,21420
1184,42,21363
1184,43,22628
1184,44,21415
1184,45,21217
1184,46,22801
1184,47,21008
1184,48,21075
1184,49,20964
1184,50,20937
1184,51,21082
1184,52,21229
1184,53,20940
1184,54,20915
1184,55,21581
1184,56,21655
1184,57,22032
1184,58,21579
1184,59,21550
1184,60,21725
70854,1,82836
70854,2,347683
70854,3,500964
70854,4,634863
70854,5,160335
70854,6,165981
70854,7,165076
26563,1,19497
26563,2,21725
26563,3,21778
26563,4,18935
26563,5,19849
26563,6,20943
26563,7,19959
26563,8,18553
26563,9,23748
26563,10,21293
26563,11,16413
26563,12,23135
26563,13,19295
26563,14,22746
26563,15,23860
26563,16,24322
26563,17,20086
26563,18,23541
26563,19,21719
26563,20,39277
10102,1,39252
10102,2,36510
10102,3,37908
10102,4,38063
10102,5,35003
10102,6,35589
10102,7,36254
10102,8,35544
10102,9,37132
10102,10,37264
10102,11,75140
10102,12,48763
10102,13,38769
10102,14,24168
10102,15,34419
10102,16,24657
10102,17,36021
10102,18,44674
23172,1,18733
23172,2,17466
14818,1,25927
14818,2,23239
14818,3,23580
14818,4,25022
14818,5,25832
14818,6,18686
14818,7,19843
14818,8,22654
14818,9,18774
14818,10,19877
14818,11,21490
14818,12,20429
14818,13,21972
14818,14,19471
14818,15,25768
14818,16,23904
14818,17,25282
14818,18,20407
14818,19,22418
14818,20,21571
14818,21,21068
14818,22,22117
14818,23,23477
14818,24,23965
14818,25,22293
14818,26,22709
14818,27,25138
14818,28,21308
14818,29,24015
14818,30,25831
14818,31,26908
14818,32,25199
14818,33,23810
14818,34,23671
14818,35,26697
14818,36,19015
23700,1,20498
23700,2,20590
23700,3,21265
23700,4,21944
23700,5,20585
23700,6,21657
23700,7,20746
23700,8,20555
23700,9,21267
23700,10,22119
23700,11,20942
23700,12,21034
23700,13,21017
23700,14,20532
23700,15,21183
23700,16,21693
23700,17,20580
23700,18,21684
23700,19,20887
23700,20,20654
23700,21,21590
23700,22,20908
23700,23,21554
23700,24,21460
23700,25,20475
23700,26,21277
23700,27,21228
23700,28,21517
23700,29,21391
23700,30,20837
23700,31,20949
23700,32,21952
23700,33,21555
23700,34,21396
23700,35,20853
23700,36,21366
23700,37,22269
23700,38,21618
23700,39,20468
23700,40,21280
23700,41,39433
23700,42,28146
23700,43,25300
23700,44,26290
23700,45,23306
23700,46,32234
23700,47,22552
23700,48,25567
23700,49,20698
23700,50,21187
23700,51,20721
23700,52,21649
23700,53,20552
23700,54,20884
23700,55,21524
23700,56,20615
23700,57,20592
23700,58,21032
23700,59,20773
23700,60,20825
4200,1,20958
4200,2,20950
4200,3,22822
4200,4,21341
4200,5,21377
4200,6,20599
4200,7,20698
4200,8,20866
4200,9,26311
4200,10,20953
4200,11,20952
4200,12,21924
4200,13,22464
4200,14,21243
4200,15,22080
4200,16,21860
4200,17,22387
4200,18,21785
4200,19,20847
4200,20,22595
4200,21,22537
4200,22,20835
4200,23,22002
4200,24,21617
4200,25,21080
4200,26,20760
4200,27,21444
4200,28,21500
4200,29,20687
4200,30,21548
4200,31,21064
4200,32,21994
4200,33,21172
4200,34,20996
4200,35,20936
4200,36,20878
4200,37,24037
4200,38,22174
4200,39,20639
4200,40,20921
4200,41,21422
4200,42,21986
4200,43,21198
4200,44,20976
4200,45,20923
4200,46,20709
4200,47,22410
4200,48,21274
4200,49,21639
4200,50,20722
4200,51,20726
4200,52,21050
4200,53,20631
4200,54,20892
4200,55,22010
4200,56,20978
4200,57,20407
4200,58,20764
4200,59,22075
4200,60,20980
50133,1,18513
50133,2,19084
50133,3,18157
50133,4,18641
50133,5,18702
50133,6,18965
50133,7,19031
50133,8,18864
50133,9,18550
50133,10,19022
50133,11,16432
69566,1,14913
69566,2,30813
69566,3,15730
69566,4,13229
69566,5,13430
69566,6,13102
69566,7,12860
69566,8,14929
69566,9,36599
69566,10,22273
69566,11,18011
69566,12,30476
69566,13,27871
69566,14,15042
69566,15,13726
69566,16,13835
69566,17,13559
69566,18,16912
69566,19,17420
69566,20,13471
69566,21,15942
69566,22,20576
69566,23,14083
69566,24,17140
69566,25,13755
69566,26,15904
69566,27,15328
69566,28,18439
69566,29,16346
69566,30,15436
69566,31,22636
69566,32,12561
69566,33,13771
69566,34,13192
69566,35,16783
69566,36,14356
69566,37,15311
69566,38,12798
69566,39,17154
69566,40,32287
69566,41,14065
69566,42,15567
69566,43,13491
69566,44,13918
69566,45,19348
69566,46,16719
69566,47,13634
69566,48,13029
69566,49,13947
69566,50,23472
69566,51,13882
69566,52,13242
69566,53,13908
69566,54,12973
69566,55,13458
69566,56,14491
69566,57,16109
69566,58,13518
69566,59,13767
69566,60,14358
14471,1,19910
14471,2,19648
14471,3,19677
14471,4,19651
14471,5,19991
14471,6,20387
14471,7,19898
14471,8,19864
14471,9,20099
14471,10,19769
14471,11,20426
14471,12,20085
14471,13,20086
14471,14,20024
14471,15,20321
14471,16,20625
14471,17,20340
14471,18,20578
14471,19,19919
14471,20,19890
14471,21,19951
14471,22,20149
14471,23,20145
14471,24,19822
14471,25,19883
14471,26,19771
14471,27,20020
14471,28,20539
14471,29,19861
14471,30,20195
14471,31,19583
14471,32,20191
14471,33,20242
14471,34,19954
14471,35,20345
14471,36,19638
14471,37,19579
14471,38,20194
14471,39,20193
14471,40,17189
16389,1,40098
16389,2,24969
16389,3,30724
16389,4,21674
16389,5,28901
16389,6,35422
16389,7,25950
16389,8,38759
16389,9,30451
16389,10,28407
16389,11,27288
16389,12,36764
16389,13,41252
16389,14,31290
16389,15,33437
16389,16,32872
16389,17,27617
16389,18,29783
16389,19,32418
16389,20,21256
16389,21,29432
16389,22,33243
45109,1,19127
45109,2,19068
45109,3,18957
45109,4,19655
45109,5,18458
45109,6,18489
45109,7,22317
19146,1,20781
19146,2,27373
19146,3,17752
19146,4,21479
19146,5,23984
19146,6,25330
19146,7,19944
19146,8,55066
19146,9,35735
19146,10,21476
19146,11,30491
19146,12,49927
19146,13,25319
19146,14,56416
19146,15,29287
19146,16,38487
19146,17,34003
19146,18,42623
19146,19,25242
19146,20,49880
19146,21,50824
19146,22,25489
19146,23,40790
19146,24,34163
19146,25,47963
19146,26,41858
19146,27,48583
19146,28,15928
19146,29,20595
19146,30,24839
19146,31,40928
19146,32,37257
19146,33,22170
19146,34,33423
19146,35,27999
19146,36,25302
19146,37,37449
19146,38,31193
19146,39,42877
19146,40,28505
19146,41,35581
19146,42,18101
19146,43,28119
19146,44,42428
19146,45,33112
19146,46,17261
19146,47,69337
2160,1,20614
2160,2,22453
2160,3,20944
2160,4,23456
2160,5,23768
2160,6,32105
2160,7,21347
2160,8,20766
2160,9,20899
2160,10,21617
2160,11,20927
2160,12,21120
2160,13,21750
2160,14,22038
2160,15,21332
2160,16,20850
2160,17,20989
2160,18,21908
2160,19,21254
2160,20,21468
2160,21,20695
2160,22,25882
2160,23,22734
2160,24,20564
2160,25,22851
2160,26,23400
2160,27,20809
2160,28,21044
2160,29,20724
2160,30,20826
2160,31,20777
2160,32,21158
2160,33,20778
2160,34,22424
2160,35,22257
2160,36,21165
2160,37,22022
2160,38,21865
2160,39,20965
2160,40,22151
2160,41,21738
2160,42,21475
2160,43,20600
2160,44,22216
2160,45,21343
2160,46,21268
2160,47,21132
2160,48,20971
2160,49,21054
2160,50,21254
2160,51,23543
2160,52,24057
2160,53,23197
2160,54,20902
2160,55,20512
2160,56,20890
2160,57,21555
2160,58,21774
2160,59,21219
2160,60,21797
6133,1,20422
6133,2,20229
6133,3,19913
6133,4,20505
6133,5,20554
6133,6,21079
6133,7,20493
6133,8,19928
6133,9,19972
6133,10,21585
6133,11,20173
6133,12,21435
6133,13,20631
6133,14,20533
6133,15,20871
6133,16,20271
6133,17,20779
6133,18,20009
6133,19,20691
6133,20,20318
6133,21,20496
6133,22,20880
6133,23,20853
6133,24,20538
6133,25,20019
6133,26,19871
6133,27,20115
6133,28,21008
6133,29,20459
6133,30,20269
6133,31,19830
6133,32,20274
6133,33,20848
27432,1,19637
27432,2,20320
27432,3,19640
27432,4,19404
27432,5,20324
27432,6,20412
27432,7,19822
27432,8,19783
27432,9,19987
27432,10,19678
27432,11,20156
27432,12,19767
27432,13,20412
27432,14,19757
27432,15,20004
27432,16,19615
27432,17,19332
27432,18,19545
27432,19,19706
27432,20,20103
27432,21,19888
27432,22,19253
27432,23,19814
27432,24,19752
27432,25,19532
27432,26,20106
27432,27,19845
27432,28,19666
27432,29,19463
27432,30,19809
27432,31,19525
27432,32,19860
27432,33,20222
27432,34,19403
27432,35,15903
33823,1,27070
33823,2,29534
33823,3,27298
33823,4,24346
33823,5,27265
33823,6,30056
33823,7,23193
33823,8,26645
33823,9,25529
33823,10,23164
33823,11,28901
33823,12,26909
33823,13,27501
33823,14,28183
33823,15,25493
33823,16,25694
33823,17,30055
33823,18,24186
33823,19,29579
33823,20,27734
33823,21,28819
33823,22,27695
33823,23,29194
33823,24,26621
33823,25,34613
33823,26,23668
16433,1,20588
16433,2,20296
16433,3,19998
16433,4,20399
16433,5,20449
16433,6,20765
16433,7,22347
16433,8,20394
16433,9,21065
16433,10,20168
16433,11,20514
16433,12,20305
16433,13,20498
16433,14,20727
16433,15,20895
16433,16,20306
16433,17,20552
16433,18,20503
16433,19,20024
16433,20,20472
16433,21,20734
16433,22,20331
16433,23,20414
16433,24,20501
16433,25,20425
16433,26,20672
16433,27,20478
16433,28,20578
16433,29,20550
16433,30,20704
16433,31,20546
16433,32,21045
16433,33,20528
16433,34,20401
16433,35,20643
16433,36,20489
16433,37,20240
16433,38,21022
16433,39,20499
16433,40,20460
16433,41,20309
16433,42,20597
16433,43,20873
16433,44,20603
16433,45,20394
16433,46,20286
16433,47,20709
16433,48,21047
16433,49,20651
16433,50,16255
7524,1,21103
7524,2,20210
7524,3,19956
7524,4,21530
7524,5,20813
7524,6,21836
7524,7,19500
7524,8,19793
7524,9,20573
7524,10,19306
7524,11,19986
7524,12,20331
7524,13,20822
7524,14,20504
7524,15,20156
7524,16,20048
7524,17,19935
7524,18,19546
7524,19,19812
7524,20,19418
7524,21,19418
7524,22,19897
7524,23,19687
7524,24,19697
7524,25,19360
7524,26,19114
7524,27,19953
7524,28,19488
7524,29,19594
7524,30,15966
52404,1,20638
52404,2,20679
52404,3,20982
52404,4,21212
52404,5,20883
52404,6,20780
52404,7,20892
52404,8,21117
52404,9,21166
52404,10,21543
52404,11,20619
52404,12,20981
52404,13,20753
52404,14,20972
52404,15,21050
52404,16,20855
52404,17,20891
52404,18,20927
52404,19,21342
52404,20,21082
52404,21,20858
52404,22,21036
52404,23,20987
52404,24,21200
52404,25,20863
52404,26,21217
52404,27,20652
52404,28,21005
52404,29,20823
52404,30,20920
52404,31,20591
52404,32,21005
52404,33,20756
52404,34,21130
52404,35,20956
52404,36,20850
52404,37,20630
52404,38,20764
52404,39,20853
52404,40,20934
52404,41,20753
52404,42,20909
52404,43,20905
52404,44,20592
52404,45,20687
52404,46,20728
52404,47,20883
52404,48,21011
52404,49,20969
52404,50,20919
52404,51,21177
52404,52,20764
52404,53,21475
52404,54,20927
52404,55,20881
52404,56,20654
52404,57,20831
52404,58,20837
52404,59,20917
52404,60,20979
20717,1,32446
20717,2,51003
20717,3,28179
20717,4,44747
20717,5,21742
20717,6,18402
20717,7,29940
20717,8,33642
20717,9,29751
20717,10,37535
20717,11,27023
20717,12,27941
20717,13,22702
20717,14,24021
20717,15,30858
20717,16,29924
20717,17,91222
2813,1,20700
2813,2,21174
2813,3,20988
2813,4,20803
2813,5,20705
2813,6,20819
2813,7,20748
2813,8,21140
2813,9,20598
2813,10,20314
2813,11,20667
2813,12,20850
2813,13,22561
2813,14,21391
2813,15,20922
2813,16,21084
2813,17,20938
2813,18,20032
2813,19,20858
2813,20,20621
2813,21,20725
2813,22,21153
2813,23,20644
2813,24,20724
2813,25,20011
2813,26,20551
2813,27,20761
2813,28,23313
2813,29,20714
2813,30,21196
2813,31,21455
2813,32,21183
2813,33,21256
2813,34,20088
2813,35,20421
2813,36,21162
2813,37,20954
2813,38,20577
2813,39,21195
2813,40,20942
2813,41,17707
64317,1,19859
64317,2,20074
64317,3,20684
64317,4,20017
64317,5,20196
64317,6,21001
64317,7,19729
64317,8,20211
64317,9,20341
64317,10,19983
64317,11,20002
64317,12,21258
64317,13,20169
64317,14,20656
64317,15,20319
64317,16,19995
64317,17,20279
64317,18,20493
64317,19,20960
64317,20,20637
64317,21,21226
64317,22,21200
64317,23,20488
64317,24,20091
64317,25,19846
64317,26,19843
64317,27,20366
64317,28,20985
64317,29,20154
64317,30,12077
389,1,19016
389,2,20042
389,3,18931
389,4,19401
389,5,18787
389,6,19489
389,7,19016
389,8,21206
389,9,18902
389,10,21174
389,11,18665
389,12,20503
10441,1,19520
10441,2,20014
10441,3,19704
10441,4,19435
10441,5,19691
10441,6,19919
10441,7,19619
10441,8,19882
10441,9,19953
10441,10,19605
10441,11,20153
10441,12,20098
10441,13,19750
10441,14,19817
10441,15,19850
10441,16,19592
10441,17,19990
10441,18,19488
10441,19,20062
10441,20,19597
10441,21,19979
10441,22,20116
10441,23,19916
10441,24,19624
10441,25,19859
10441,26,19728
10441,27,19747
10441,28,19728
10441,29,19992
10441,30,19717
10441,31,11396
2868,1,21734
2868,2,21174
2868,3,20848
2868,4,20587
2868,5,20996
2868,6,21375
2868,7,21050
2868,8,21215
2868,9,21079
2868,10,20656
2868,11,21090
2868,12,21698
2868,13,20901
2868,14,20937
2868,15,21066
2868,16,21459
2868,17,21175
2868,18,20837
2868,19,21393
2868,20,21160
2868,21,21045
2868,22,20717
2868,23,20720
2868,24,20612
2868,25,21032
2868,26,21150
2868,27,20944
2868,28,20924
2868,29,20963
2868,30,21602
2868,31,21747
2868,32,21764
2868,33,21248
2868,34,21212
2868,35,21171
2868,36,23041
2868,37,21264
2868,38,21287
2868,39,20762
2868,40,20932
2868,41,21251
2868,42,20988
2868,43,21337
2868,44,21177
2868,45,20852
2868,46,21066
2868,47,21237
2868,48,20947
2868,49,20544
2868,50,21726
2868,51,20905
2868,52,21498
2868,53,18043
20546,1,26336
20546,2,26115
20546,3,37932
20546,4,27554
20546,5,24711
20546,6,37420
20546,7,33654
20546,8,38005
20546,9,36422
20546,10,30214
20546,11,34699
20546,12,26298
20546,13,36296
20546,14,42313
20546,15,28559
20546,16,31616
20546,17,29494
20546,18,24407
20546,19,33043
20546,20,31136
20546,21,31465
20546,22,32280
20546,23,25483
20546,24,37384
20546,25,32683
20546,26,33733
20546,27,26850
20546,28,42742
15721,1,23265
15721,2,23360
15721,3,24444
15721,4,23337
15721,5,20890
15721,6,27841
15721,7,16814
15721,8,26838
15721,9,32425
15721,10,22691
15721,11,17673
15721,12,24979
15721,13,20795
15721,14,15631
15721,15,20040
15721,16,16587
15721,17,24106
15721,18,27607
15721,19,20087
15721,20,25053
15721,21,22141
15721,22,29950
15721,23,16981
15721,24,20645
15721,25,27800
15721,26,21084
15721,27,24185
15721,28,29312
15721,29,27386
15721,30,25169
15721,31,24282
15721,32,21882
15721,33,23796
15721,34,24668
19742,1,182157
19742,2,282969
19742,3,165635
19742,4,101362
42681,1,21366
42681,2,24780
42681,3,25582
42681,4,31471
42681,5,19943
42681,6,22716
42681,7,29099
42681,8,21476
42681,9,23899
42681,10,27323
42681,11,17999
42681,12,25259
42681,13,28767
42681,14,21418
42681,15,28803
42681,16,21933
42681,17,14595
42681,18,21339
42681,19,16776
42681,20,26846
42681,21,38847
42681,22,15864
42681,23,18542
42681,24,39683
42681,25,22766
42681,26,21133
42681,27,36562
42681,28,44487
42681,29,55761
5921,1,131280
5921,2,22633
5921,3,24482
5921,4,25224
5921,5,25908
5921,6,20970
5921,7,27829
5921,8,22453
5921,9,29023
5921,10,22829
5921,11,23021
5921,12,23769
5921,13,25017
5921,14,31979
5921,15,27871
5921,16,27935
5921,17,28133
5921,18,30312
5921,19,34553
5921,20,28143
5921,21,41390
5921,22,37578
5921,23,36104
5921,24,37698
5921,25,31066
5921,26,48809
5921,27,28973
5921,28,48243
5921,29,44140
5921,30,38385
5921,31,35065
5921,32,32503
5921,33,26757
5921,34,54763
5921,35,54396
5921,36,31110
5921,37,32610
5921,38,35047
5921,39,21078
5921,40,29485
5921,41,38731
5921,42,56070
5921,43,27661
5921,44,33352
5921,45,30822
5921,46,29021
5921,47,30085
5921,48,33871
5921,49,29030
5921,50,26760
5921,51,25806
5921,52,23287
5921,53,35525
17851,1,18734
17851,2,18716
17851,3,19338
17851,4,18946
17851,5,18546
17851,6,18972
17851,7,19044
17851,8,19154
17851,9,20246
17851,10,19387
17851,11,20401
17851,12,19371
17851,13,18753
17851,14,19270
17851,15,18889
17851,16,16190
9904,1,41555
9904,2,33499
9904,3,40332
9904,4,30819
9904,5,38247
9904,6,46992
9904,7,45790
9904,8,48021
9904,9,25134
9904,10,25760
9904,11,31733
9904,12,26465
9904,13,40372
9904,14,36026
9904,15,42566
9904,16,38377
9904,17,40034
9904,18,41464
9904,19,69689
9904,20,28967
9904,21,46521
9904,22,50110
9904,23,44589
9904,24,23543
9904,25,39673
9904,26,33061
9904,27,43341
9904,28,37752
9904,29,31280
9904,30,25578
9904,31,29396
9904,32,29822
9904,33,36491
9904,34,27073
9904,35,30595
9904,36,63161
23784,1,12574
23784,2,24303
23784,3,40703
23784,4,23710
23784,5,33308
23784,6,34951
23784,7,39791
23784,8,38736
23784,9,27825
23784,10,28320
23784,11,31083
23784,12,38835
23784,13,41171
23784,14,36020
23784,15,38605
23784,16,30596
23784,17,34858
23784,18,32187
23784,19,36667
23784,20,23894
23784,21,31610
23784,22,29655
23784,23,39113
23784,24,49100
23784,25,30678
23784,26,39311
23784,27,38258
23784,28,48895
23784,29,32743
23784,30,38662
23784,31,37674
23784,32,34357
23784,33,41412
23784,34,41555
23784,35,38790
23784,36,39656
23784,37,36758
23784,38,37015
23784,39,56155
23784,40,40509
23784,41,33017
23784,42,31005
23784,43,29903
23784,44,41559
23784,45,35896
23784,46,35863
23784,47,47761
23784,48,21684
23784,49,47247
23784,50,51005
23784,51,36143
23784,52,35747
23784,53,32524
23784,54,39489
23784,55,40274
23784,56,38653
23784,57,49968
23784,58,35443
23784,59,48586
23784,60,69226
2620,1,20810
2620,2,21131
2620,3,21015
2620,4,20850
2620,5,20977
2620,6,20974
2620,7,21151
2620,8,20888
2620,9,20950
2620,10,21121
2620,11,20908
2620,12,20777
2620,13,21010
2620,14,20903
2620,15,20956
2620,16,21633
2620,17,20842
2620,18,20989
2620,19,21107
2620,20,20783
2620,21,20785
2620,22,21132
2620,23,20901
2620,24,21356
2620,25,21273
2620,26,20791
2620,27,20759
2620,28,20963
2620,29,20911
2620,30,20934
2620,31,21252
2620,32,20972
2620,33,21202
2620,34,21164
2620,35,20988
2620,36,20925
2620,37,20771
2620,38,21056
2620,39,20978
2620,40,21120
2620,41,20978
2620,42,20999
2620,43,21055
2620,44,20809
2620,45,24315
2620,46,21008
2620,47,20580
2620,48,21015
2620,49,21109
2620,50,20804
2620,51,20951
2620,52,20987
2620,53,20736
2620,54,20972
2620,55,20780
2620,56,20742
2620,57,20799
2620,58,21108
2620,59,21021
2620,60,20801
2852,1,24469
2852,2,35029
2852,3,30544
2852,4,36427
2852,5,32284
2852,6,31692
2852,7,41072
2852,8,26029
2852,9,49526
2852,10,32211
2852,11,37996
2852,12,40251
2852,13,31742
2852,14,35523
2852,15,34693
3070,1,22438
3070,2,31288
3070,3,26201
3070,4,32453
3070,5,29349
3070,6,29156
3070,7,36670
3070,8,24482
3070,9,45165
3070,10,29102
3070,11,34376
3070,12,32903
3070,13,32057
3070,14,32273
3070,15,32279
42243,1,20023
42243,2,19986
42243,3,20209
42243,4,20434
42243,5,20311
42243,6,19790
42243,7,20166
42243,8,20776
42243,9,20310
42243,10,20663
42243,11,20463
42243,12,20391
42243,13,20118
42243,14,19984
42243,15,19916
42243,16,20215
42243,17,20484
42243,18,19857
42243,19,19871
42243,20,19907
42243,21,20070
42243,22,20012
42243,23,20306
42243,24,20233
42243,25,20069
42243,26,20821
42243,27,20064
42243,28,19741
42243,29,20240
42243,30,20085
42243,31,20287
42243,32,20641
42243,33,19649
42243,34,20036
42243,35,20614
42243,36,19958
42243,37,20819
42243,38,20104
42243,39,20203
42243,40,20174
42243,41,20160
42243,42,19957
42243,43,20453
42243,44,20289
10002,1,20033
10002,2,19586
10002,3,20064
10002,4,19571
10002,5,19313
10002,6,19141
10002,7,19305
10002,8,20026
10002,9,19407
10002,10,19331
10002,11,19868
10002,12,19629
10002,13,19316
10002,14,19588
10002,15,19472
10002,16,19835
10002,17,19455
10002,18,19303
10002,19,19233
10002,20,19447
10002,21,19852
10002,22,19738
10002,23,19232
10002,24,19247
10002,25,19174
10002,26,19171
10002,27,19396
10002,28,19593
10002,29,19772
10002,30,19572
10002,31,12294
67160,1,19125
67160,2,19232
67160,3,15159
6130,1,130101
6130,2,49011
6130,3,61946
6130,4,38249
6130,5,41522
6130,6,65118
6130,7,43488
6130,8,39286
6130,9,45501
6130,10,50634
6130,11,43587
6130,12,58964
6130,13,37325
6130,14,62175
6130,15,40555
6130,16,53950
6130,17,60864
6130,18,51454
6130,19,45085
6130,20,33421
6130,21,38908
6130,22,45141
6130,23,42438
6130,24,61261
6130,25,175584
2199,1,44972
2199,2,58357
2199,3,34668
2199,4,40188
2199,5,61576
2199,6,39760
2199,7,36440
2199,8,41788
2199,9,49903
2199,10,42925
2199,11,60803
2199,12,38103
2199,13,60276
2199,14,41074
2199,15,53642
2199,16,63262
2199,17,52861
2199,18,45777
2199,19,33602
2199,20,40326
2199,21,46694
2199,22,41983
2199,23,63411
2199,24,58344
173,1,23143
173,2,25636
173,3,21645
173,4,28150
173,5,21006
173,6,29886
173,7,25665
173,8,23473
173,9,26063
173,10,21080
173,11,28399
173,12,24764
173,13,25972
173,14,24043
173,15,25678
173,16,27531
173,17,31765
173,18,30168
173,19,22323
173,20,19392
173,21,29052
173,22,15687
173,23,23233
173,24,28480
173,25,21078
173,26,19358
173,27,21456
173,28,24043
173,29,22447
173,30,21876
15399,1,20213
15399,2,21496
15399,3,20170
15399,4,19967
15399,5,19863
15399,6,20056
15399,7,21699
15399,8,25639
15399,9,21985
15399,10,26557
15399,11,21275
15399,12,20591
15399,13,19675
15399,14,22040
15399,15,21015
15399,16,22545
15399,17,19952
15399,18,21645
15399,19,24529
15399,20,29485
15399,21,19875
15399,22,23066
15399,23,27346
15399,24,20133
15399,25,20347
15399,26,21635
15399,27,26968
15399,28,31474
15399,29,21119
15399,30,25464
15399,31,19688
15399,32,20046
15399,33,33941
15399,34,26276
15399,35,19728
15399,36,19870
15399,37,19805
15399,38,20024
15399,39,12646
14860,1,22831
14860,2,20634
14860,3,21041
14860,4,20918
14860,5,22973
14860,6,20657
14860,7,21018
14860,8,21512
14860,9,21252
14860,10,21327
14860,11,21355
14860,12,21955
14860,13,20798
14860,14,20679
14860,15,21129
14860,16,21115
14860,17,21525
14860,18,20861
14860,19,20883
14860,20,21162
14860,21,20948
14860,22,21109
14860,23,21395
14860,24,22008
14860,25,21539
14860,26,20968
14860,27,21623
14860,28,21116
14860,29,23707
14860,30,21795
14860,31,21894
14860,32,21043
14860,33,20372
14860,34,20872
14860,35,21081
14860,36,21944
14860,37,21208
14860,38,20729
14860,39,21101
14860,40,20793
14860,41,20743
14860,42,20666
14860,43,21984
14860,44,20777
14860,45,20723
14860,46,21671
14860,47,20933
14860,48,20748
14860,49,20758
14860,50,21597
14860,51,21180
14860,52,21032
14860,53,21245
14860,54,20796
14860,55,21330
14860,56,20647
14860,57,20688
14860,58,21108
14860,59,20900
14860,60,21712
8419,1,21853
8419,2,20854
8419,3,20631
8419,4,21035
8419,5,21399
8419,6,20687
8419,7,21642
8419,8,20591
8419,9,21069
8419,10,21613
8419,11,22010
8419,12,22671
8419,13,21196
8419,14,22059
8419,15,20428
8419,16,20983
8419,17,20418
8419,18,21507
8419,19,20999
8419,20,20747
8419,21,21876
8419,22,20660
8419,23,21253
8419,24,20801
8419,25,21835
8419,26,21556
8419,27,20720
8419,28,20587
8419,29,21859
8419,30,20914
8419,31,21486
8419,32,22717
8419,33,20910
8419,34,21382
8419,35,20822
8419,36,20554
8419,37,21763
8419,38,24281
8419,39,21556
8419,40,20862
8419,41,23153
8419,42,21413
8419,43,20988
8419,44,22069
8419,45,20956
8419,46,20623
8419,47,20640
8419,48,20599
8419,49,20926
8419,50,21570
8419,51,21038
8419,52,20740
8419,53,21562
8419,54,21295
8419,55,21108
8419,56,20962
8419,57,21013
8419,58,21150
8419,59,21336
8419,60,21079
236,1,19865
236,2,22184
236,3,19710
236,4,20268
236,5,19991
236,6,19366
236,7,19863
236,8,19484
236,9,19834
236,10,19786
236,11,19598
236,12,20996
236,13,20353
236,14,20456
236,15,20160
236,16,19865
236,17,19628
236,18,19668
236,19,20350
236,20,20422
236,21,19597
236,22,20652
236,23,19666
236,24,19626
236,25,19845
236,26,19928
236,27,20612
236,28,20351
236,29,19809
27827,1,13335
27827,2,20032
27827,3,19161
27827,4,23879
27827,5,19377
27827,6,23997
27827,7,16711
27827,8,16774
27827,9,15931
27827,10,17047
27827,11,17416
27827,12,16808
27827,13,16842
27827,14,18679
27827,15,18566
27827,16,17144
27827,17,18307
27827,18,18102
27827,19,18819
27827,20,17713
27827,21,19631
27827,22,23048
27827,23,19088
27827,24,17454
27827,25,15516
27827,26,24431
27827,27,19770
27827,28,20297
27827,29,12721
27827,30,19822
27827,31,18593
27827,32,18642
27827,33,18637
27827,34,18375
27827,35,21779
27827,36,21568
27827,37,32529
8492,1,20409
8492,2,20388
8492,3,20865
8492,4,20477
8492,5,20968
8492,6,21729
8492,7,20440
8492,8,20394
8492,9,20272
8492,10,21362
8492,11,20319
8492,12,20082
8492,13,19988
8492,14,21340
8492,15,21839
8492,16,20627
8492,17,20149
8492,18,19844
8492,19,20797
8492,20,19987
8492,21,20818
8492,22,21248
8492,23,20098
8492,24,22762
8492,25,21236
8492,26,21206
8492,27,20967
8492,28,20834
8492,29,20229
8492,30,20535
8492,31,20447
8492,32,20899
8492,33,21750
8492,34,21208
8492,35,20997
8492,36,21709
8492,37,22084
8492,38,21459
8492,39,20598
8492,40,21105
8492,41,20895
8492,42,22645
8492,43,17663
9473,1,33446
9473,2,44615
9473,3,30994
9473,4,71986
9473,5,56217
9473,6,24779
9473,7,30724
9473,8,25499
9473,9,29107
9473,10,24489
9473,11,45667
9473,12,34374
9473,13,24996
9473,14,22195
9473,15,24783
9473,16,24468
9473,17,26383
9473,18,26366
9473,19,20451
9473,20,29827
9473,21,45653
9473,22,38329
9473,23,26332
9473,24,53833
9473,25,20222
9473,26,47144
9473,27,37270
9473,28,29675
9473,29,25176
9473,30,16669
9473,31,43079
9473,32,16195
9473,33,36468
9473,34,50605
9473,35,27947
9473,36,17449
9473,37,37502
9473,38,64408
9473,39,40244
9473,40,37035
9473,41,31023
9473,42,78072
9473,43,19148
9473,44,19478
9473,45,16233
9473,46,27858
9473,47,19821
9473,48,22006
9473,49,30096
9473,50,24503
9473,51,28942
9473,52,24163
9473,53,28263
9473,54,30302
9473,55,34329
9473,56,34911
9473,57,30566
9473,58,28228
9473,59,35000
3011,1,20890
3011,2,20767
3011,3,20814
3011,4,20095
3011,5,20243
3011,6,20884
3011,7,20785
3011,8,20610
3011,9,20317
3011,10,21002
3011,11,20103
3011,12,20573
3011,13,20374
3011,14,21001
3011,15,20695
3011,16,21213
3011,17,21712
3011,18,20402
3011,19,21263
3011,20,20469
3011,21,20772
3011,22,21538
3011,23,21031
3011,24,20062
3011,25,20250
3011,26,20347
3011,27,20662
3011,28,20617
3011,29,20661
3011,30,19985
3011,31,20497
3011,32,20904
3011,33,20470
3011,34,20444
3011,35,21508
3011,36,20821
3011,37,20606
3011,38,20351
3011,39,20506
3011,40,22169
3011,41,20309
3011,42,20147
3011,43,20381
3011,44,20439
3011,45,20592
3011,46,20616
3011,47,20396
3011,48,20999
3011,49,22171
3011,50,21624
3011,51,14032
551,1,28322
551,2,30100
551,3,37458
551,4,49529
551,5,29528
551,6,30066
551,7,19176
551,8,30652
551,9,25863
551,10,19260
4712,1,21809
4712,2,21306
4712,3,21299
4712,4,21139
4712,5,21256
4712,6,20890
4712,7,21170
4712,8,21043
4712,9,21055
4712,10,21440
4712,11,21284
4712,12,20740
4712,13,21176
4712,14,21338
4712,15,20978
4712,16,21117
4712,17,20985
4712,18,21256
4712,19,21311
4712,20,21028
4712,21,21690
4712,22,21609
4712,23,21044
4712,24,21247
4712,25,20967
4712,26,21713
4712,27,21880
4712,28,21428
4712,29,21547
4712,30,21570
4712,31,21130
4712,32,21195
4712,33,21275
4712,34,21010
4712,35,21446
4712,36,21937
4712,37,22397
4712,38,21239
4712,39,21496
4712,40,21071
4712,41,21407
4712,42,21069
4712,43,21480
4712,44,21158
4712,45,21071
4712,46,20792
4712,47,21440
4712,48,21109
4712,49,21536
4712,50,21066
4712,51,20995
4712,52,20762
4712,53,20948
4712,54,21158
4712,55,22247
4712,56,21563
4712,57,21409
4712,58,21434
4712,59,21556
4712,60,21245
940,1,18573
940,2,34674
940,3,30108
940,4,31346
940,5,30461
940,6,31590
940,7,37559
940,8,37512
940,9,33790
940,10,30486
940,11,37420
940,12,39363
940,13,44328
940,14,35547
940,15,42267
940,16,37168
940,17,36995
940,18,43552
940,19,37868
940,20,39442
940,21,38341
940,22,35286
940,23,37037
940,24,41484
940,25,38443
940,26,40492
940,27,34903
940,28,33739
940,29,34199
940,30,40876
940,31,37185
940,32,29922
940,33,45677
940,34,40648
41,1,18482
41,2,18572
41,3,18334
41,4,19127
41,5,18398
41,6,19196
41,7,18308
41,8,14222
4206,1,20846
4206,2,20666
4206,3,21021
4206,4,20956
4206,5,20962
4206,6,20558
4206,7,21452
4206,8,20925
4206,9,20517
4206,10,20667
4206,11,21397
4206,12,20719
4206,13,20537
4206,14,20771
4206,15,20613
4206,16,21225
4206,17,20771
4206,18,20984
4206,19,20632
4206,20,21395
4206,21,21098
4206,22,20875
4206,23,20608
4206,24,21948
4206,25,21009
4206,26,21744
4206,27,20888
4206,28,20430
4206,29,21204
4206,30,20978
4206,31,21704
4206,32,21141
4206,33,20973
4206,34,20825
4206,35,21575
4206,36,20879
4206,37,20967
4206,38,20877
4206,39,21152
4206,40,21139
4206,41,21731
4206,42,20785
4206,43,20649
4206,44,20528
4206,45,21657
4206,46,21971
4206,47,20698
4206,48,20625
4206,49,21248
4206,50,21260
4206,51,20522
4206,52,20652
4206,53,20626
4206,54,20588
4206,55,21142
4206,56,20717
4206,57,20587
4206,58,20637
4206,59,20808
4206,60,20785
5307,1,21002
5307,2,20184
5307,3,21073
5307,4,20473
5307,5,20220
5307,6,20267
5307,7,21096
5307,8,22435
5307,9,23593
5307,10,20885
5307,11,24997
5307,12,20254
5307,13,21586
5307,14,22396
5307,15,21199
5307,16,20822
5307,17,21436
5307,18,20736
5307,19,23128
5307,20,19840
5307,21,22827
5307,22,22821
5307,23,20531
5307,24,20967
5307,25,20877
5307,26,20450
5307,27,20783
5307,28,21912
5307,29,22557
5307,30,20959
5307,31,21862
5307,32,22169
5307,33,20014
5307,34,20332
5307,35,20633
5307,36,21570
5307,37,20829
5307,38,20166
5307,39,22430
5307,40,20995
5307,41,20011
5307,42,20440
5307,43,20164
5307,44,20521
5307,45,21481
5307,46,21860
5307,47,21160
5307,48,14030
521,1,21306
521,2,21158
521,3,20785
521,4,21170
521,5,21020
521,6,21321
521,7,21006
521,8,20822
521,9,20937
521,10,21007
521,11,20794
521,12,20947
521,13,20979
521,14,20830
521,15,20596
521,16,21138
521,17,21054
521,18,21293
521,19,21104
521,20,22484
521,21,23065
521,22,20762
521,23,20673
521,24,21317
521,25,21960
521,26,20843
521,27,21605
521,28,20868
521,29,20549
521,30,20646
521,31,20579
521,32,21912
521,33,20560
521,34,21623
521,35,20913
521,36,21000
521,37,24152
521,38,22662
521,39,21243
521,40,20676
521,41,21350
521,42,21780
521,43,22573
521,44,21964
521,45,20900
521,46,21443
521,47,21901
521,48,21274
521,49,21451
521,50,21052
521,51,21964
521,52,21084
521,53,20908
521,54,21703
521,55,21710
521,56,21983
521,57,23818
521,58,21165
521,59,20878
521,60,20416
40058,1,11774
40058,2,11803
40058,3,11426
40058,4,11658
40058,5,11550
40058,6,11401
40058,7,11738
40058,8,11971
40058,9,12396
40058,10,46653
40058,11,60506
40058,12,55798
40058,13,67151
40058,14,58082
40058,15,50939
40058,16,57874
40058,17,48207
40058,18,65772
40058,19,65237
40058,20,59003
40058,21,43467
40058,22,75817
40058,23,77226
40058,24,64389
40058,25,81192
40058,26,85043
40058,27,51369
40058,28,334277
4918,1,31340
4918,2,16236
4918,3,16029
4918,4,24847
4918,5,22709
4918,6,22965
4918,7,18617
4918,8,18351
4918,9,34155
4918,10,19738
4918,11,27623
4918,12,20241
4918,13,25542
4918,14,20211
4918,15,17745
4918,16,23551
4918,17,15457
4918,18,17993
4918,19,21184
4918,20,17578
4918,21,31267
4918,22,28062
4918,23,23217
4918,24,16444
4918,25,26232
4918,26,30894
4918,27,20890
4918,28,52311
4918,29,18533
4918,30,20323
4918,31,49656
4918,32,24385
4918,33,20488
4918,34,21543
4918,35,19719
4918,36,18093
4918,37,20457
4918,38,19632
4918,39,16875
4918,40,20821
4918,41,21562
57342,1,11835
57342,2,120436
57342,3,135933
57342,4,98975
57342,5,68231
57342,6,89757
57342,7,104069
57342,8,191023
57342,9,87162
57342,10,113543
57342,11,239739
6400,1,21051
6400,2,21826
6400,3,20538
6400,4,21347
6400,5,21267
6400,6,20640
6400,7,20982
6400,8,21122
6400,9,21197
6400,10,21200
6400,11,21872
6400,12,21583
6400,13,20368
6400,14,21037
6400,15,20849
6400,16,21481
6400,17,21922
6400,18,22421
6400,19,21218
6400,20,21412
6400,21,20883
6400,22,22299
6400,23,22843
6400,24,21166
6400,25,21727
6400,26,21068
6400,27,20937
6400,28,22166
6400,29,21013
6400,30,21781
6400,31,22003
6400,32,21259
6400,33,21139
6400,34,21921
6400,35,20803
6400,36,21500
6400,37,20829
6400,38,20608
6400,39,20658
6400,40,20892
6400,41,20555
6400,42,20491
6400,43,21640
6400,44,21749
6400,45,21556
6400,46,21651
6400,47,21333
6400,48,20650
6400,49,21345
6400,50,21264
6400,51,20871
6400,52,22109
6400,53,22579
6400,54,20925
6400,55,22175
6400,56,20788
6400,57,20741
6400,58,21114
6400,59,20844
6400,60,21263
2038,1,21068
2038,2,21185
2038,3,21056
2038,4,20803
2038,5,21978
2038,6,20609
2038,7,20876
2038,8,20553
2038,9,21170
2038,10,20678
2038,11,21187
2038,12,20960
2038,13,21192
2038,14,21722
2038,15,21185
2038,16,21022
2038,17,20974
2038,18,20579
2038,19,20906
2038,20,21282
2038,21,21179
2038,22,20810
2038,23,21566
2038,24,20848
2038,25,20765
2038,26,21425
2038,27,20921
2038,28,21170
2038,29,21085
2038,30,22361
2038,31,20722
2038,32,20649
2038,33,21374
2038,34,21030
2038,35,20879
2038,36,21521
2038,37,21337
2038,38,21030
2038,39,20763
2038,40,21192
2038,41,20858
2038,42,21128
2038,43,21022
2038,44,20779
2038,45,20869
2038,46,21130
2038,47,20886
2038,48,20809
2038,49,20805
2038,50,20723
2038,51,21339
2038,52,21116
2038,53,21681
2038,54,20998
2038,55,20942
2038,56,21139
2038,57,21117
2038,58,21357
2038,59,20815
2038,60,21633
149,1,44417
149,2,21206
149,3,28518
149,4,59381
149,5,31375
149,6,31448
149,7,18446
149,8,34699
149,9,30508
139,1,21192
139,2,23398
139,3,23552
139,4,40863
139,5,35715
139,6,28775
139,7,29542
139,8,35060
139,9,55619
139,10,37728
139,11,41123
139,12,40915
139,13,39622
139,14,39487
139,15,42578
139,16,47017
32155,1,19273
32155,2,18265
32155,3,18617
32155,4,12311
34413,1,12725
34413,2,15846
34413,3,12749
34413,4,13099
34413,5,12437
34413,6,13400
34413,7,13755
34413,8,13459
34413,9,12831
34413,10,13060
34413,11,13035
34413,12,12965
34413,13,13740
34413,14,13307
34413,15,15565
34413,16,13998
34413,17,12809
34413,18,14022
34413,19,13541
34413,20,13161
34413,21,14000
34413,22,13803
34413,23,14565
34413,24,14119
34413,25,12765
34413,26,12689
34413,27,14584
34413,28,14709
34413,29,14012
34413,30,13388
34413,31,13280
34413,32,12554
34413,33,17578
34413,34,13409
34413,35,12306
34413,36,13035
34413,37,12871
34413,38,12634
34413,39,12558
34413,40,14352
34413,41,13293
34413,42,13096
34413,43,13912
34413,44,13371
34413,45,13521
34413,46,13705
34413,47,14793
34413,48,14102
34413,49,12551
34413,50,13212
34413,51,12405
34413,52,15043
34413,53,13883
34413,54,13680
34413,55,15204
15474,1,1407049
15474,2,464103
15474,3,1955677
6768,1,21051
6768,2,21191
6768,3,21537
6768,4,20853
6768,5,20510
6768,6,21575
6768,7,21353
6768,8,21178
6768,9,20773
6768,10,20935
6768,11,20938
6768,12,20670
6768,13,21251
6768,14,20948
6768,15,21398
6768,16,21017
6768,17,20861
6768,18,20626
6768,19,20920
6768,20,20868
6768,21,20887
6768,22,20800
6768,23,21117
6768,24,20946
6768,25,20874
6768,26,20733
6768,27,21096
6768,28,20844
6768,29,21216
6768,30,21103
6768,31,21080
6768,32,21774
6768,33,20932
6768,34,21051
6768,35,21143
6768,36,20951
6768,37,21042
6768,38,20761
6768,39,20888
6768,40,21915
6768,41,21292
6768,42,20854
6768,43,20573
6768,44,21290
6768,45,21230
6768,46,20703
6768,47,21184
6768,48,20535
6768,49,20782
6768,50,21354
6768,51,20854
6768,52,20629
6768,53,21206
6768,54,21058
6768,55,20570
6768,56,20533
6768,57,21142
6768,58,20721
6768,59,21138
6768,60,20706
45451,1,21925
45451,2,21286
45451,3,21185
45451,4,21341
45451,5,21385
45451,6,20976
45451,7,21750
45451,8,21040
45451,9,21086
45451,10,21654
45451,11,21375
45451,12,20602
45451,13,21158
45451,14,21690
45451,15,21235
45451,16,20413
45451,17,21472
45451,18,21236
45451,19,21327
45451,20,20728
45451,21,21231
45451,22,20832
45451,23,20961
45451,24,21210
45451,25,20553
45451,26,21319
45451,27,20725
45451,28,20760
45451,29,20979
45451,30,20686
45451,31,20758
45451,32,20681
45451,33,20537
45451,34,20925
45451,35,20742
45451,36,20667
45451,37,20562
45451,38,20631
45451,39,20559
45451,40,20529
45451,41,21062
45451,42,20790
45451,43,21741
45451,44,22219
45451,45,20436
45451,46,20836
45451,47,20785
45451,48,21141
45451,49,20996
45451,50,20876
45451,51,21853
45451,52,21162
45451,53,21174
45451,54,21735
45451,55,21121
45451,56,21025
45451,57,21354
45451,58,21285
45451,59,21313
45451,60,21637
1695,1,30588
1695,2,26703
1695,3,32011
1695,4,30234
1695,5,27894
1695,6,26517
1695,7,28051
1695,8,35440
1695,9,41097
1695,10,41903
1695,11,27511
1695,12,42336
1695,13,33590
1695,14,33824
1695,15,26754
61168,1,20736
61168,2,21077
61168,3,20442
61168,4,20164
61168,5,16272
61168,6,22057
61168,7,17412
61168,8,22706
61168,9,29776
61168,10,18743
61168,11,23958
61168,12,21934
61168,13,21628
61168,14,24473
61168,15,21093
61168,16,28182
61168,17,20159
61168,18,23776
61168,19,25374
61168,20,30140
61168,21,23147
61168,22,20099
61168,23,19243
61168,24,32752
61168,25,28220
61168,26,28035
61168,27,25116
61168,28,19821
61168,29,23418
61168,30,19898
61168,31,20971
61168,32,32803
61168,33,23414
61168,34,17240
61168,35,16982
61168,36,16565
20131,1,35003
20131,2,29047
20131,3,28320
20131,4,27668
20131,5,24003
20131,6,23951
20131,7,31125
20131,8,34309
20131,9,25719
20131,10,31453
20131,11,29314
20131,12,21340
20131,13,27683
20131,14,26414
20131,15,28796
20131,16,26812
20131,17,24842
20131,18,24303
20131,19,23703
20131,20,31965
834,1,20894
834,2,21123
834,3,21243
834,4,21362
834,5,21408
834,6,21344
834,7,21978
834,8,21147
834,9,21250
834,10,21220
834,11,20809
834,12,21130
834,13,21028
834,14,21061
834,15,21732
834,16,21282
834,17,21235
834,18,21588
834,19,21586
834,20,21382
834,21,21116
834,22,21477
834,23,21456
834,24,21358
834,25,21269
834,26,22928
834,27,21487
834,28,21349
834,29,21942
834,30,21304
834,31,21039
834,32,21039
834,33,21507
834,34,22134
834,35,21412
834,36,21591
834,37,22240
834,38,22200
834,39,21109
834,40,21141
834,41,21075
834,42,21454
834,43,21406
834,44,21347
834,45,21195
834,46,21287
834,47,21385
834,48,21242
834,49,20722
834,50,21328
834,51,21649
834,52,20961
834,53,21325
834,54,21431
834,55,21355
834,56,20858
834,57,21025
834,58,20680
834,59,21502
834,60,20988
32474,1,17697
32474,2,19063
32474,3,20263
32474,4,18620
32474,5,15410
32474,6,21784
32474,7,16332
32474,8,21229
32474,9,15335
32474,10,14121
32474,11,19176
32474,12,14372
32474,13,19097
32474,14,15292
32474,15,13494
32474,16,21238
32474,17,14585
32474,18,20435
32474,19,17951
32474,20,17923
32474,21,15584
32474,22,16740
32474,23,20959
32474,24,15120
32474,25,16018
32474,26,13166
32474,27,21631
32474,28,14419
32474,29,18573
32474,30,17897
32474,31,20197
32474,32,16515
32474,33,14937
32474,34,19096
32474,35,18245
32474,36,23321
32474,37,16858
32474,38,22602
32474,39,20773
32474,40,18401
32474,41,19537
32474,42,19116
32474,43,14597
32474,44,17929
32474,45,18352
32474,46,18190
32474,47,18099
32474,48,17733
32474,49,15824
32474,50,14787
32474,51,24507
32474,52,16364
32474,53,15815
32474,54,17684
32474,55,16571
32474,56,17819
32474,57,16743
32474,58,15736
32474,59,15241
32474,60,17305
10148,1,20587
10148,2,21907
10148,3,21556
10148,4,21127
10148,5,20682
10148,6,21018
10148,7,20854
10148,8,21349
10148,9,21926
10148,10,20656
10148,11,20944
10148,12,20557
10148,13,20790
10148,14,20960
10148,15,20851
10148,16,20797
10148,17,21365
10148,18,21169
10148,19,21170
10148,20,20762
10148,21,21201
10148,22,21045
10148,23,20790
10148,24,21357
10148,25,20798
10148,26,21084
10148,27,21162
10148,28,21109
10148,29,21102
10148,30,20426
10148,31,20654
10148,32,20932
10148,33,21322
10148,34,21431
10148,35,20587
10148,36,20623
10148,37,21282
10148,38,20877
10148,39,20696
10148,40,20778
10148,41,21844
10148,42,20639
10148,43,20928
10148,44,21011
10148,45,20989
10148,46,20644
10148,47,20881
10148,48,20860
10148,49,20627
10148,50,21004
10148,51,21650
10148,52,20871
10148,53,20681
10148,54,21484
10148,55,21492
10148,56,21834
10148,57,21062
10148,58,20554
10148,59,21100
10148,60,21616
21765,1,10611
21765,2,10972
21765,3,10657
21765,4,10361
21765,5,10409
21765,6,763559
22541,1,18382
22541,2,18472
22541,3,18307
22541,4,18369
22541,5,18588
22541,6,19012
22541,7,16488
67173,1,18883
67173,2,18665
601,1,12742
601,2,68317
601,3,104949
601,4,79880
601,5,128459
601,6,65805
601,7,70454
601,8,54931
601,9,53473
601,10,82842
601,11,73182
601,12,93964
601,13,52925
155,1,23598
155,2,15922
155,3,20809
155,4,26648
155,5,29735
155,6,28479
155,7,37809
155,8,19978
155,9,36137
155,10,25802
155,11,38907
155,12,57928
155,13,37781
155,14,24639
155,15,30603
155,16,44085
155,17,32625
155,18,26619
155,19,26492
155,20,22466
155,21,18288
155,22,34191
155,23,32173
155,24,38853
155,25,37855
155,26,36325
155,27,35419
155,28,30795
155,29,30889
155,30,14574
155,31,35789
155,32,45595
155,33,36572
155,34,21628
155,35,34500
155,36,21514
155,37,27612
155,38,29627
155,39,44494
155,40,31391
155,41,33049
155,42,41515
155,43,42432
155,44,46268
155,45,130667
155,46,101863
58866,1,20734
58866,2,20747
58866,3,20901
58866,4,20878
58866,5,21101
58866,6,20692
58866,7,21114
58866,8,21023
58866,9,20958
58866,10,20822
58866,11,21424
58866,12,21242
58866,13,20616
58866,14,20798
58866,15,21060
58866,16,20573
58866,17,20934
58866,18,20564
58866,19,20793
58866,20,20377
58866,21,20960
58866,22,20595
58866,23,20106
58866,24,20571
58866,25,21409
58866,26,20969
58866,27,20341
58866,28,20621
58866,29,20734
58866,30,21382
58866,31,20891
58866,32,20478
58866,33,20533
58866,34,21334
58866,35,20456
58866,36,21006
58866,37,20816
58866,38,20331
58866,39,20408
51649,1,35878
51649,2,44012
51649,3,25788
51649,4,33049
51649,5,38870
51649,6,27166
51649,7,30951
51649,8,30894
51649,9,38295
51649,10,37622
51649,11,41485
51649,12,31883
51649,13,27291
51649,14,24345
51649,15,41850
51649,16,45055
51649,17,42691
51649,18,37196
51649,19,50919
51649,20,21657
51649,21,47942
51649,22,48410
51649,23,25207
51649,24,51168
51649,25,37795
51649,26,31024
51649,27,46985
51649,28,27649
51649,29,32990
51649,30,29008
51649,31,43940
51649,32,27330
51649,33,129201
51649,34,35139
51649,35,36393
51649,36,31356
51649,37,39651
51649,38,43832
51649,39,33914
51649,40,44192
51649,41,24745
51649,42,49947
51649,43,55710
51649,44,36989
51649,45,30614
51649,46,44460
51649,47,34631
51649,48,23282
51649,49,37281
51649,50,33673
51649,51,30780
51649,52,36285
51649,53,59379
51649,54,34207
51649,55,33655
51649,56,43958
51649,57,40835
51649,58,40018
51649,59,28739
51649,60,35763
3268,1,59668
3268,2,29695
3268,3,32883
3268,4,46575
3268,5,30788
3268,6,57483
3268,7,35203
3268,8,54027
3268,9,21819
3268,10,47386
3268,11,21764
3268,12,67858
3268,13,65837
3268,14,34896
3268,15,36658
3268,16,92418
3268,17,32755
3268,18,63040
3268,19,94131
3268,20,62045
3268,21,21159
3268,22,50262
3268,23,50059
3268,24,28170
3268,25,36101
3268,26,39766
3268,27,25179
3268,28,48096
3268,29,22387
3268,30,46466
3268,31,74898
3268,32,35267
3268,33,64222
3268,34,70687
3268,35,40645
3268,36,42850
3268,37,28780
3268,38,55623
3268,39,29291
3268,40,17653
3268,41,35377
3268,42,31858
3268,43,27783
3268,44,44204
3268,45,40199
3268,46,19520
3268,47,31562
3268,48,41211
3268,49,23293
3268,50,71629
3268,51,38754
3268,52,34744
3268,53,19940
3268,54,45890
3268,55,36686
3268,56,26696
3268,57,17653
863,1,34861
863,2,25631
863,3,22421
863,4,47653
863,5,60233
863,6,32539
863,7,32014
863,8,41344
863,9,34953
863,10,39182
863,11,44848
863,12,30405
863,13,34833
1268,1,24488
1268,2,30750
1268,3,26641
1268,4,29198
1268,5,27178
1268,6,27691
1268,7,28707
1268,8,29031
1268,9,31478
1268,10,30375
1268,11,33223
1268,12,30413
1268,13,32736
1268,14,29499
1268,15,27720
1268,16,28630
1268,17,30636
1268,18,28186
1268,19,28886
1268,20,26972
1268,21,29262
1268,22,35588
1268,23,29814
1268,24,30065
1268,25,31086
1268,26,28536
1268,27,31959
1268,28,30466
1268,29,30022
1268,30,30277
1268,31,28347
1268,32,28309
1268,33,33309
1268,34,36368
1268,35,30472
1268,36,32218
1268,37,28747
1268,38,33581
1268,39,32780
1268,40,31559
1268,41,30405
1268,42,33160
1268,43,32417
1268,44,30611
1268,45,35344
1268,46,33185
1268,47,28876
1268,48,30829
1268,49,27244
1268,50,19832
1268,51,29257
1268,52,26397
1268,53,29270
1268,54,29189
1268,55,32903
1268,56,31461
1268,57,35341
1268,58,30656
1268,59,27841
1268,60,39158
564,1,17155
564,2,35265
564,3,36324
564,4,31079
564,5,25595
564,6,33447
564,7,29880
564,8,30964
564,9,44258
564,10,42387
564,11,41933
564,12,42234
564,13,33878
564,14,40505
564,15,29109
564,16,33481
564,17,44114
564,18,30130
564,19,25787
564,20,33510
564,21,22059
564,22,50425
564,23,58085
25656,1,19028
25656,2,20661
25656,3,18871
25656,4,20122
25656,5,18570
25656,6,19657
25656,7,19346
25656,8,19154
25656,9,19655
25656,10,18809
25656,11,18888
25656,12,19222
25656,13,18875
25656,14,19798
25656,15,19021
25656,16,19429
25656,17,19378
25656,18,18976
1685,1,28959
1685,2,23785
1685,3,29339
1685,4,19423
1685,5,19041
1685,6,34489
1685,7,26942
1685,8,21955
1685,9,26220
1685,10,24409
1685,11,51041
1685,12,19963
1685,13,34762
1685,14,23422
1685,15,32442
1685,16,14965
1685,17,24944
1685,18,13733
1685,19,34061
1685,20,18066
1685,21,26103
1685,22,16878
1685,23,15787
1685,24,24727
1685,25,11609
1685,26,25008
1685,27,63174
1685,28,17357
1685,29,22108
5000,1,21981
5000,2,20658
5000,3,21139
5000,4,22852
5000,5,21359
5000,6,21375
5000,7,21298
5000,8,21187
5000,9,21392
5000,10,20528
5000,11,20961
5000,12,21035
5000,13,22421
5000,14,20857
5000,15,21434
5000,16,21072
5000,17,21240
5000,18,22363
5000,19,20662
5000,20,20528
5000,21,21271
5000,22,21067
5000,23,21022
5000,24,21605
5000,25,20699
5000,26,21020
5000,27,20910
5000,28,20749
5000,29,20849
5000,30,21140
5000,31,20608
5000,32,20908
5000,33,21239
5000,34,21201
5000,35,22334
5000,36,20723
5000,37,21235
5000,38,20632
5000,39,21368
5000,40,21196
5000,41,22123
5000,42,21009
5000,43,20908
5000,44,21612
5000,45,20555
5000,46,20743
5000,47,20673
5000,48,20690
5000,49,21257
5000,50,21045
5000,51,20950
5000,52,21033
5000,53,21205
5000,54,20800
5000,55,21422
5000,56,21808
5000,57,20397
5000,58,23131
5000,59,20568
5000,60,20486
1727,1,26385
1727,2,32145
1727,3,32652
1727,4,35501
1727,5,53578
1727,6,35016
1727,7,28037
1727,8,28686
1727,9,40786
1727,10,40487
1727,11,40174
1727,12,42281
1727,13,34421
1727,14,32607
1727,15,38312
1727,16,39289
1727,17,34395
1727,18,41872
1727,19,32613
1727,20,42331
1727,21,31111
1727,22,32686
1727,23,34923
1727,24,30184
1727,25,96058
38177,1,20965
38177,2,20828
38177,3,21398
38177,4,20935
38177,5,21359
38177,6,20963
38177,7,20798
38177,8,20671
38177,9,21131
38177,10,21520
38177,11,20720
38177,12,20847
38177,13,21059
38177,14,21147
38177,15,20845
38177,16,21334
38177,17,21041
38177,18,20791
38177,19,21121
38177,20,20866
38177,21,20732
38177,22,21150
38177,23,20771
38177,24,20784
38177,25,20660
38177,26,21409
38177,27,20586
38177,28,20936
38177,29,21084
38177,30,21039
38177,31,20838
38177,32,21024
38177,33,20960
38177,34,20896
38177,35,20736
38177,36,20672
38177,37,21467
38177,38,21088
38177,39,20960
38177,40,20651
38177,41,20876
38177,42,21818
38177,43,20755
38177,44,21192
38177,45,20501
38177,46,21163
38177,47,20676
38177,48,21694
38177,49,21158
38177,50,20667
38177,51,20790
38177,52,21090
38177,53,20634
38177,54,21075
38177,55,21087
38177,56,20939
38177,57,21598
38177,58,20763
38177,59,21091
38177,60,21344
30340,1,21143
30340,2,22175
30340,3,20555
30340,4,20616
30340,5,20650
30340,6,20811
30340,7,22011
30340,8,20957
30340,9,21141
30340,10,20736
30340,11,21153
30340,12,20610
30340,13,20804
30340,14,21264
30340,15,21064
30340,16,21541
30340,17,20821
30340,18,20996
30340,19,20519
30340,20,21370
30340,21,21780
30340,22,21301
30340,23,20643
30340,24,21175
30340,25,21816
30340,26,21287
30340,27,20537
30340,28,20845
30340,29,20627
30340,30,20866
30340,31,20770
30340,32,20581
30340,33,21202
30340,34,20482
30340,35,21202
30340,36,20401
30340,37,21128
30340,38,21496
30340,39,21377
30340,40,21174
30340,41,21418
30340,42,21265
30340,43,21371
30340,44,20893
30340,45,20571
30340,46,20518
30340,47,21746
30340,48,22892
30340,49,21216
30340,50,20576
30340,51,20383
30340,52,21581
30340,53,21123
30340,54,20554
30340,55,22145
30340,56,20611
30340,57,21073
30340,58,20891
30340,59,21903
30340,60,22220
42259,1,19167
42259,2,19259
42259,3,18694
42259,4,19142
42259,5,19053
42259,6,18758
42259,7,18772
42259,8,18840
42259,9,19084
42259,10,19206
42259,11,19319
42259,12,18884
42259,13,19084
42259,14,18900
42259,15,19430
42259,16,18756
42259,17,19346
42259,18,19465
42259,19,17427
2806,1,19813
2806,2,19971
2806,3,19680
2806,4,20119
2806,5,19572
2806,6,19581
2806,7,20045
2806,8,19583
2806,9,20069
2806,10,20124
2806,11,19609
2806,12,20374
2806,13,20638
2806,14,19733
2806,15,20408
2806,16,20555
2806,17,20104
2806,18,21319
2806,19,20465
2806,20,19983
2806,21,19946
2806,22,20702
2806,23,20065
2806,24,20051
2806,25,20219
2806,26,19840
2806,27,13155
175,1,20289
175,2,20564
175,3,20520
175,4,20479
175,5,21175
175,6,20969
175,7,20461
175,8,20838
175,9,20481
175,10,20900
175,11,20473
175,12,20770
175,13,20866
175,14,20481
175,15,20108
175,16,20190
175,17,20809
175,18,20788
175,19,20308
175,20,20562
175,21,20409
175,22,21539
175,23,20800
175,24,20522
175,25,20590
175,26,20413
175,27,20332
175,28,20720
175,29,21071
175,30,20706
175,31,20593
175,32,20621
175,33,20600
175,34,20599
175,35,20754
175,36,20205
175,37,20556
175,38,20699
175,39,20910
175,40,20592
175,41,21494
175,42,21455
175,43,20184
175,44,20359
175,45,20460
175,46,20409
175,47,20729
175,48,20280
175,49,20786
175,50,20570
175,51,15023
580,1,24027
580,2,20760
580,3,22184
580,4,21254
580,5,21854
580,6,21702
580,7,21276
580,8,21441
580,9,21742
580,10,21382
580,11,21578
580,12,21145
580,13,20749
580,14,21559
580,15,21212
580,16,21368
580,17,21250
580,18,21334
580,19,20998
580,20,20847
580,21,21540
580,22,21584
580,23,21130
580,24,21168
580,25,21156
580,26,21409
580,27,21906
580,28,21552
580,29,21090
580,30,22394
580,31,21810
580,32,21583
580,33,21106
580,34,21727
580,35,20852
580,36,21213
580,37,21562
580,38,21642
580,39,21239
580,40,21504
580,41,22350
580,42,21010
580,43,21625
580,44,20872
580,45,21659
580,46,22241
580,47,22092
580,48,21231
580,49,21409
580,50,21812
580,51,21720
580,52,22248
580,53,22051
580,54,22176
580,55,20850
580,56,21067
580,57,21864
580,58,21522
580,59,21778
580,60,21986
174,1,11687
174,2,38065
174,3,42363
174,4,36548
174,5,41945
174,6,35056
174,7,26537
174,8,34720
174,9,39870
174,10,31745
174,11,28145
174,12,52323
174,13,25036
174,14,23987
174,15,35768
174,16,28714
174,17,27779
174,18,21619
174,19,29181
174,20,29970
174,21,19976
42389,1,30965
42389,2,34415
42389,3,25064
42389,4,51348
42389,5,44511
42389,6,34853
42389,7,53431
42389,8,31127
42389,9,28861
42389,10,33772
42389,11,37803
42389,12,46011
42389,13,33118
42389,14,32719
42389,15,29538
42389,16,37705
42389,17,39197
42389,18,38258
42389,19,43900
42389,20,75810
42389,21,37131
42389,22,50987
42389,23,42050
42389,24,29748
42389,25,30248
42389,26,34129
42389,27,24841
42389,28,35002
42389,29,31596
42389,30,40084
42389,31,43675
42389,32,30656
42389,33,31249
42389,34,41567
42389,35,29941
42389,36,45199
42389,37,37206
42389,38,31219
42389,39,33473
42389,40,36159
42389,41,24221
42389,42,57125
26593,1,25726
26593,2,23831
26593,3,24057
26593,4,28537
26593,5,35249
26593,6,30214
26593,7,27269
26593,8,26387
26593,9,25690
26593,10,24436
26593,11,19959
26593,12,24895
26593,13,24250
26593,14,24145
26593,15,24266
26593,16,27896
26593,17,28656
26593,18,25203
26593,19,25393
26593,20,23318
66446,1,18982
66446,2,19196
66446,3,19316
2833,1,33517
2833,2,23633
2833,3,30408
2833,4,26139
2833,5,38609
2833,6,32285
2833,7,32778
2833,8,25741
2833,9,25015
2833,10,37954
2833,11,26118
2833,12,35159
2833,13,44421
2833,14,32505
2833,15,44574
2833,16,36631
2833,17,26189
2833,18,46656
2833,19,58265
2833,20,41294
2833,21,25549
2833,22,50514
2833,23,30756
2833,24,42770
2833,25,23889
2833,26,41809
2833,27,34960
18875,1,19911
18875,2,19980
18875,3,19924
18875,4,20000
18875,5,20003
18875,6,19312
18875,7,20000
18875,8,19707
18875,9,19591
18875,10,19217
18875,11,19751
18875,12,19773
18875,13,19726
18875,14,19481
18875,15,19987
18875,16,20002
18875,17,19768
18875,18,19433
18875,19,19585
18875,20,19529
18875,21,19875
18875,22,19959
18875,23,19329
18875,24,19153
18875,25,19844
18875,26,19967
18875,27,19684
18875,28,20436
18875,29,19266
18875,30,19542
18875,31,21061
18875,32,13823
1232,1,11534
1232,2,27260
1232,3,15242
1232,4,12424
1232,5,16776
1232,6,25516
1232,7,19315
1232,8,17609
1232,9,13762
1232,10,14953
1232,11,21230
1232,12,18027
1232,13,14861
1232,14,12862
1232,15,14589
1232,16,23796
1232,17,30509
1232,18,18995
1232,19,18341
1232,20,12305
1232,21,14215
1232,22,12642
1232,23,16446
1232,24,92430
1837,1,22433
1837,2,20079
1837,3,20972
1837,4,21275
1837,5,20927
1837,6,20515
1837,7,21228
1837,8,20588
1837,9,20345
1837,10,20458
1837,11,20109
1837,12,20894
1837,13,20572
1837,14,20678
1837,15,22435
1837,16,20314
1837,17,21407
1837,18,20521
1837,19,20863
1837,20,20794
1837,21,21329
1837,22,21261
1837,23,20157
1837,24,20410
1837,25,21658
1837,26,20758
1837,27,20784
1837,28,20371
1837,29,20808
1837,30,20480
1837,31,21125
1837,32,21764
1837,33,20555
1837,34,21256
1837,35,20604
1837,36,20759
1837,37,20211
1837,38,20547
1837,39,20253
1837,40,20511
1837,41,20827
1837,42,19236
1874,1,19984
1874,2,20408
1874,3,20170
1874,4,20045
1874,5,20390
1874,6,20672
1874,7,20615
1874,8,20386
1874,9,20111
1874,10,20703
1874,11,20031
1874,12,19931
1874,13,20210
1874,14,20414
1874,15,20261
1874,16,20495
1874,17,20242
1874,18,20719
1874,19,20431
1874,20,20633
1874,21,20482
1874,22,20259
1874,23,20556
1874,24,20519
1874,25,20612
1874,26,20463
1874,27,20761
1874,28,20232
1874,29,20408
1874,30,20629
1874,31,20463
1874,32,20861
1874,33,20799
1874,34,19877
1874,35,20338
1874,36,13839
15384,1,24421
15384,2,23510
15384,3,24601
15384,4,24719
15384,5,22753
15384,6,31385
15384,7,26242
15384,8,19898
15384,9,22891
15384,10,31811
15384,11,35811
15384,12,20048
15384,13,35691
15384,14,36559
15384,15,41051
15384,16,38994
15384,17,38606
15384,18,27857
15384,19,16915
15384,20,32565
15384,21,17294
15384,22,30346
15384,23,28881
15384,24,24187
15384,25,42968
15384,26,44805
15384,27,33931
15384,28,43495
15384,29,29146
15384,30,42181
15384,31,37461
15384,32,51909
15384,33,35761
15384,34,28843
15384,35,44993
15384,36,23161
15384,37,31640
15384,38,37745
15384,39,45006
15384,40,42460
15384,41,25505
15384,42,56902
15384,43,54074
15384,44,52873
15384,45,71354
15384,46,54027
15384,47,54100
73,1,31952
73,2,26759
73,3,27327
73,4,16894
73,5,22745
73,6,22954
73,7,17404
73,8,21081
73,9,20394
73,10,18482
73,11,22245
73,12,23384
73,13,22564
73,14,20322
73,15,16622
73,16,21172
73,17,19277
73,18,19469
73,19,21303
73,20,20937
73,21,21934
73,22,19840
73,23,19783
73,24,18770
1872,1,25086
1872,2,27070
1872,3,26467
1872,4,26910
1872,5,27277
1872,6,24741
1872,7,24531
1872,8,30200
1872,9,28311
1872,10,26382
1872,11,25873
1872,12,23946
1872,13,26237
1872,14,25494
1872,15,27138
1872,16,28067
1872,17,36354
1872,18,24434
1872,19,28459
1872,20,21856
1872,21,32074
1872,22,23383
3922,1,158484
3922,2,148891
3922,3,161043
1747,1,20327
1747,2,20354
1747,3,20055
1747,4,20229
1747,5,19759
1747,6,20749
1747,7,19785
1747,8,20952
1747,9,20088
1747,10,20453
1747,11,20277
1747,12,20719
1747,13,20394
1747,14,20651
1747,15,20454
1747,16,20292
1747,17,20564
1747,18,20583
1747,19,20489
1747,20,20386
1747,21,20470
1747,22,20466
1747,23,20304
1747,24,20444
1747,25,20093
1747,26,20066
1747,27,20185
1747,28,20327
1747,29,20360
1747,30,20719
1747,31,20361
1747,32,19989
1747,33,20417
1747,34,20977
1747,35,20679
108,1,21770
108,2,21724
108,3,20921
108,4,21158
108,5,21967
108,6,20682
108,7,20976
108,8,21157
108,9,21606
108,10,21218
108,11,21681
108,12,21409
108,13,21594
108,14,21053
108,15,21089
108,16,22278
108,17,21255
108,18,21066
108,19,21030
108,20,20680
108,21,21196
108,22,21688
108,23,21638
108,24,21274
108,25,21397
108,26,21371
108,27,21676
108,28,21973
108,29,21840
108,30,21961
108,31,21414
108,32,21970
108,33,21025
108,34,21481
108,35,21384
108,36,21089
108,37,22051
108,38,21593
108,39,21517
108,40,21495
108,41,21275
108,42,21343
108,43,21595
108,44,22113
108,45,21448
108,46,21385
108,47,21767
108,48,21599
108,49,21478
108,50,21289
108,51,21345
108,52,21221
108,53,22100
108,54,21467
108,55,21057
108,56,21417
108,57,21900
108,58,21752
108,59,20943
108,60,21269
221,1,21342
221,2,21515
221,3,22256
221,4,20961
221,5,20819
221,6,21481
221,7,21259
221,8,21309
221,9,20846
221,10,21465
221,11,21081
221,12,20747
221,13,21772
221,14,21473
221,15,20927
221,16,21306
221,17,21752
221,18,22295
221,19,21133
221,20,21275
221,21,21261
221,22,21561
221,23,22021
221,24,20969
221,25,21597
221,26,21563
221,27,21670
221,28,21316
221,29,20938
221,30,22092
221,31,21180
221,32,20752
221,33,21906
221,34,20815
221,35,21148
221,36,21010
221,37,21379
221,38,22766
221,39,20963
221,40,22247
221,41,21454
221,42,21132
221,43,21894
221,44,20958
221,45,21616
221,46,21835
221,47,21375
221,48,21749
221,49,23219
221,50,21080
221,51,21837
221,52,21331
221,53,21215
221,54,21154
221,55,21139
221,56,21251
221,57,21287
221,58,21218
221,59,21127
221,60,21598
19027,1,29244
19027,2,28375
19027,3,23579
19027,4,29215
19027,5,23902
19027,6,24876
19027,7,29847
19027,8,24167
19027,9,26799
19027,10,25647
19027,11,26275
19027,12,21459
19027,13,24788
19027,14,26772
19027,15,23304
19027,16,27356
19027,17,22853
19027,18,19980
19027,19,26094
19027,20,24311
2360,1,25372
2360,2,38334
2360,3,31971
2360,4,27304
2360,5,26833
2360,6,25221
2360,7,36999
2360,8,36065
2360,9,30192
2360,10,27735
2360,11,28247
2360,12,32851
2360,13,22097
2360,14,28283
2360,15,25196
2360,16,39665
2360,17,34253
2360,18,22168
2360,19,37484
2360,20,33980
2360,21,40966
2360,22,35458
2360,23,37724
2360,24,41761
2360,25,34615
2360,26,36515
2360,27,40918
2360,28,48979
75883,1,21024
75883,2,21244
75883,3,21453
75883,4,22044
75883,5,21496
75883,6,21634
75883,7,20574
75883,8,23886
75883,9,20933
75883,10,23154
75883,11,21866
75883,12,22443
75883,13,20888
75883,14,22191
75883,15,20945
75883,16,20796
75883,17,21014
75883,18,21268
75883,19,20685
75883,20,21412
75883,21,21986
75883,22,21209
75883,23,21525
75883,24,22915
75883,25,21668
75883,26,22636
75883,27,21828
75883,28,21598
75883,29,26781
75883,30,21196
75883,31,20799
75883,32,21605
75883,33,21182
75883,34,21115
75883,35,20658
75883,36,22431
75883,37,22327
75883,38,20750
75883,39,21704
75883,40,20752
75883,41,21225
75883,42,23842
75883,43,20679
75883,44,21074
75883,45,20728
75883,46,21017
75883,47,21260
75883,48,22126
75883,49,21229
75883,50,21134
75883,51,22606
75883,52,21230
75883,53,21101
75883,54,25726
75883,55,21606
75883,56,22541
75883,57,20826
75883,58,20809
75883,59,20916
75883,60,20914
14244,1,18982
14244,2,18903
14244,3,18266
14244,4,19259
14244,5,19505
14244,6,19524
14244,7,19082
14244,8,18979
14244,9,19513
14244,10,19954
14244,11,19260
14244,12,19104
14244,13,19605
14244,14,20110
14244,15,13525
22163,1,18709
22163,2,20111
22163,3,20354
22163,4,19534
22163,5,18833
22163,6,18315
22163,7,18494
22163,8,18045
22163,9,18698
22163,10,19425
22163,11,18709
22163,12,18364
22163,13,19959
22163,14,21460
22163,15,18369
22163,16,19005
22163,17,19349
22163,18,18721
22163,19,18505
22163,20,18359
22163,21,17474
22163,22,18237
22163,23,18065
22163,24,17662
22163,25,18029
22163,26,17764
22163,27,18361
22163,28,17988
22163,29,17922
22163,30,36072
26000,1,20972
26000,2,21548
26000,3,20731
26000,4,20745
26000,5,20905
26000,6,21270
26000,7,20936
26000,8,20967
26000,9,20649
26000,10,21071
26000,11,20993
26000,12,21234
26000,13,21246
26000,14,20757
26000,15,21155
26000,16,20918
26000,17,21134
26000,18,21344
26000,19,21174
26000,20,21054
26000,21,21620
26000,22,20755
26000,23,20721
26000,24,21824
26000,25,20910
26000,26,20971
26000,27,20959
26000,28,20987
26000,29,20897
26000,30,21769
26000,31,21038
26000,32,20878
26000,33,21150
26000,34,21026
26000,35,20799
26000,36,20847
26000,37,20669
26000,38,21198
26000,39,20648
26000,40,21234
26000,41,20826
26000,42,22061
26000,43,21233
26000,44,21077
26000,45,21255
26000,46,20954
26000,47,21153
26000,48,20965
26000,49,20927
26000,50,21975
26000,51,20855
26000,52,21216
26000,53,20801
26000,54,20782
26000,55,20843
26000,56,20762
26000,57,21005
26000,58,20892
26000,59,20820
26000,60,21050
34323,1,21487
34323,2,20740
34323,3,20715
34323,4,21126
34323,5,20723
34323,6,20843
34323,7,21261
34323,8,21323
34323,9,21084
34323,10,21151
34323,11,20862
34323,12,21314
34323,13,21175
34323,14,20895
34323,15,20657
34323,16,20597
34323,17,21541
34323,18,20677
34323,19,20908
34323,20,21056
34323,21,21244
34323,22,20809
34323,23,21218
34323,24,20855
34323,25,20908
34323,26,21196
34323,27,21436
34323,28,20705
34323,29,20579
34323,30,20502
34323,31,20712
34323,32,21389
34323,33,20919
34323,34,21222
34323,35,20596
34323,36,20723
34323,37,20606
34323,38,20808
34323,39,20771
34323,40,20849
34323,41,20875
34323,42,21081
34323,43,21169
34323,44,20750
34323,45,20831
34323,46,20831
34323,47,20979
34323,48,21233
34323,49,21068
34323,50,20920
34323,51,21402
34323,52,20558
34323,53,20706
34323,54,20881
34323,55,21118
34323,56,20768
34323,57,20711
34323,58,20741
34323,59,20653
34323,60,20880
5225,1,21121
5225,2,21788
5225,3,20483
5225,4,20619
5225,5,31184
5225,6,21380
5225,7,20532
5225,8,26010
5225,9,21372
5225,10,20704
5225,11,22561
5225,12,23137
5225,13,22235
5225,14,23707
5225,15,21224
5225,16,20816
5225,17,20788
5225,18,21251
5225,19,22337
5225,20,21213
5225,21,20745
5225,22,20688
5225,23,21028
5225,24,22655
5225,25,22631
5225,26,20473
5225,27,20388
5225,28,21997
5225,29,21232
5225,30,21349
5225,31,20573
5225,32,20790
5225,33,21502
5225,34,21904
5225,35,21217
5225,36,23386
5225,37,21039
5225,38,28370
5225,39,20628
5225,40,20623
5225,41,21092
5225,42,22003
5225,43,21083
5225,44,32019
5225,45,21357
5225,46,20733
5225,47,20875
5225,48,20979
5225,49,20743
5225,50,21672
5225,51,21179
5225,52,20602
5225,53,20620
5225,54,20362
5225,55,20198
5222,1,19020
5222,2,18161
5222,3,18389
5222,4,18373
5222,5,18902
5222,6,18650
1155,1,21532
1155,2,21526
1155,3,21032
1155,4,21394
1155,5,21446
1155,6,20801
1155,7,21359
1155,8,21251
1155,9,21609
1155,10,21222
1155,11,20202
1155,12,21135
1155,13,21100
1155,14,21025
1155,15,21025
1155,16,21317
1155,17,21771
1155,18,22040
1155,19,21617
1155,20,21340
1155,21,21490
1155,22,21068
1155,23,21015
1155,24,21608
1155,25,20958
1155,26,20783
1155,27,21959
1155,28,20356
1155,29,21856
1155,30,21284
1155,31,21324
1155,32,21113
1155,33,20895
1155,34,21211
1155,35,21106
1155,36,21479
1155,37,20397
1155,38,21848
1155,39,21234
1155,40,21913
1155,41,20427
1155,42,20687
1155,43,21167
1155,44,21493
1155,45,20861
1155,46,16648
974,1,23834
974,2,63823
974,3,45720
974,4,42871
974,5,52013
974,6,65294
974,7,39856
974,8,62809
974,9,63831
974,10,36720
974,11,76703
974,12,72758
974,13,27010
113,1,20556
113,2,25761
113,3,18481
113,4,42193
113,5,22626
113,6,22665
113,7,22128
113,8,25754
113,9,28359
113,10,32441
113,11,25725
113,12,25750
113,13,34317
113,14,32546
113,15,33442
113,16,24027
113,17,23277
113,18,23392
113,19,31079
113,20,25069
113,21,30122
113,22,20099
113,23,33792
113,24,34036
113,25,23302
113,26,28563
113,27,39478
65238,1,21723
65238,2,21364
65238,3,21032
65238,4,21480
65238,5,21049
65238,6,21225
65238,7,21194
65238,8,20555
65238,9,21573
65238,10,20676
65238,11,21106
65238,12,20826
65238,13,21591
65238,14,21268
65238,15,20954
65238,16,21223
65238,17,21438
65238,18,20888
65238,19,21165
65238,20,21519
65238,21,21420
65238,22,21576
65238,23,21279
65238,24,21397
65238,25,21319
65238,26,21146
65238,27,21083
65238,28,21097
65238,29,21647
65238,30,21124
65238,31,21381
65238,32,21397
65238,33,21599
65238,34,21002
65238,35,21941
65238,36,21916
65238,37,21336
65238,38,21364
65238,39,21141
65238,40,20803
65238,41,21167
65238,42,21759
65238,43,21402
65238,44,20878
65238,45,21385
65238,46,21394
65238,47,13359
1686,1,21794
1686,2,21406
1686,3,21495
1686,4,20903
1686,5,21566
1686,6,20994
1686,7,22202
1686,8,20756
1686,9,20929
1686,10,21534
1686,11,21285
1686,12,21305
1686,13,21135
1686,14,21094
1686,15,20867
1686,16,21337
1686,17,21109
1686,18,21345
1686,19,21746
1686,20,21772
1686,21,21078
1686,22,20964
1686,23,21117
1686,24,22154
1686,25,21548
1686,26,21055
1686,27,25308
1686,28,23197
1686,29,22452
1686,30,21395
1686,31,21065
1686,32,21294
1686,33,20895
1686,34,21368
1686,35,21525
1686,36,20577
1686,37,21060
1686,38,21322
1686,39,21686
1686,40,21439
1686,41,21640
1686,42,20944
1686,43,21295
1686,44,22702
1686,45,21160
1686,46,22215
1686,47,21354
1686,48,20836
1686,49,21023
1686,50,21288
1686,51,20735
1686,52,20787
1686,53,22760
1686,54,21256
1686,55,21286
1686,56,20729
1686,57,21157
1686,58,18496
75288,1,28841
75288,2,19367
75288,3,25502
75288,4,22896
75288,5,19749
75288,6,20657
75288,7,18509
75288,8,20735
75288,9,23026
75288,10,19368
75288,11,23036
75288,12,26916
75288,13,23037
75288,14,22587
75288,15,21714
75288,16,23329
75288,17,20665
75288,18,17706
75288,19,19047
75288,20,19991
75288,21,23375
75288,22,25913
75288,23,23153
75288,24,21404
75288,25,25439
75288,26,17401
75288,27,19896
75288,28,21458
75288,29,23144
75288,30,24055
75288,31,19966
75288,32,15927
75288,33,29392
75288,34,12852
40284,1,18935
40284,2,19098
40284,3,19111
40284,4,18810
40284,5,18808
40284,6,19097
40284,7,19068
40284,8,19444
40284,9,19228
40284,10,19019
40284,11,18948
40284,12,19073
40284,13,19092
40284,14,19260
40284,15,19253
40284,16,19289
40284,17,19062
40284,18,19216
40284,19,19057
40284,20,11429
31469,1,18991
31469,2,18241
31469,3,19668
31469,4,19256
31469,5,18644
31469,6,18814
31469,7,15411
2097,1,27134
2097,2,20772
2097,3,19627
2097,4,30964
2097,5,24506
2097,6,27945
2097,7,34105
2097,8,29227
2097,9,30104
2097,10,28148
2097,11,21579
2097,12,65570
31635,1,34592
31635,2,39155
31635,3,40412
31635,4,37912
31635,5,35471
31635,6,35611
31635,7,38485
31635,8,41034
31635,9,39618
31635,10,40245
31635,11,36542
31635,12,38131
31635,13,40116
31635,14,40008
31635,15,40995
31635,16,31871
31635,17,31739
4599,1,31165
4599,2,37886
4599,3,35864
4599,4,34637
4599,5,28937
4599,6,40822
4599,7,39709
4599,8,28640
4599,9,40130
4599,10,32002
4599,11,27440
4599,12,46429
4599,13,34514
4599,14,28193
4599,15,39015
4599,16,26334
4599,17,46160
4599,18,31571
4599,19,33716
4599,20,29246
4599,21,41818
4599,22,31565
4599,23,53268
4599,24,22834
4599,25,34183
4599,26,32560
4599,27,36543
4599,28,37287
4599,29,32071
4599,30,36153
4599,31,33204
4599,32,32361
4599,33,37039
4599,34,29401
4599,35,38303
4599,36,39130
4599,37,28181
4599,38,37012
4599,39,38447
4599,40,45340
4599,41,30091
4599,42,30789
4599,43,38250
4599,44,30230
4599,45,38784
4599,46,39818
4599,47,30748
4599,48,37012
4599,49,35563
4599,50,29323
4599,51,41784
4599,52,35333
4599,53,32519
4599,54,37119
4599,55,43116
4599,56,30707
4599,57,32457
4599,58,32599
4599,59,35482
4599,60,35744
2527,1,19227
2527,2,19966
2527,3,19437
2527,4,19517
2527,5,19506
2527,6,19640
2527,7,19299
2527,8,19620
2527,9,20988
2527,10,20355
2527,11,19395
2527,12,19463
2527,13,20548
2527,14,19667
2527,15,19549
2527,16,19680
2527,17,21693
2527,18,19155
2527,19,19593
2527,20,19389
2527,21,19282
2527,22,20016
2527,23,20025
2527,24,19309
2527,25,13450
2397,1,18092
2397,2,22046
2397,3,15047
2397,4,16062
2397,5,15292
2397,6,15542
2397,7,21201
2397,8,13032
2397,9,16311
2397,10,13574
2397,11,17806
2397,12,13619
2397,13,17725
2397,14,24957
2397,15,16824
2397,16,13236
2397,17,14545
2397,18,20140
2397,19,19082
2397,20,23727
2397,21,31418
2397,22,30294
2397,23,572694
47642,1,19550
47642,2,19846
47642,3,19843
47642,4,19847
47642,5,20620
47642,6,21013
47642,7,21182
47642,8,20311
47642,9,20125
47642,10,19936
47642,11,20345
47642,12,20173
47642,13,20564
47642,14,20694
47642,15,19779
47642,16,20155
47642,17,20341
47642,18,19770
47642,19,20078
47642,20,19884
47642,21,20002
47642,22,20232
47642,23,19903
47642,24,19681
47642,25,19708
47642,26,20442
47642,27,20095
47642,28,20263
47642,29,19899
47642,30,20159
47642,31,19947
47642,32,20027
47642,33,19909
47642,34,20115
47642,35,20297
47642,36,19732
47642,37,18360
59828,1,31483
59828,2,29310
59828,3,32408
59828,4,26364
59828,5,29127
59828,6,34894
59828,7,22324
59828,8,35154
59828,9,30219
59828,10,43765
59828,11,31313
59828,12,40385
59828,13,31646
59828,14,18540
59828,15,26518
59828,16,26801
59828,17,24696
59828,18,26720
59828,19,22805
59828,20,26833
59828,21,22813
59828,22,23835
59828,23,28047
59828,24,23867
59828,25,41470
59828,26,31924
59828,27,19877
59828,28,24288
59828,29,22465
59828,30,50735
59828,31,18005
59828,32,29821
59828,33,26251
59828,34,22267
59828,35,29801
59828,36,25399
59828,37,26002
59828,38,26272
59828,39,25713
59828,40,26177
59828,41,24663
59828,42,25530
59828,43,25263
59828,44,24099
59828,45,23810
59828,46,23923
59828,47,24466
59828,48,27354
59828,49,22528
59828,50,28947
59828,51,20996
59828,52,24270
59828,53,24944
59828,54,24413
59828,55,23082
59828,56,22425
59828,57,24915
59828,58,23016
59828,59,23741
59828,60,23293
78017,1,33055
78017,2,31753
78017,3,28888
78017,4,22646
78017,5,29253
78017,6,25380
78017,7,21051
78017,8,23349
78017,9,24964
78017,10,21997
78017,11,17826
78017,12,26563
78017,13,19172
78017,14,18754
78017,15,16082
78017,16,18697
78017,17,16268
78017,18,20461
78017,19,18143
78017,20,26313
78017,21,29812
78017,22,21496
78017,23,21488
78017,24,27925
78017,25,28241
78017,26,23806
78017,27,23607
78017,28,24151
78017,29,23436
78017,30,17491
78017,31,26953
78017,32,26253
78017,33,20519
78017,34,22400
78017,35,23347
78017,36,17704
78017,37,19058
78017,38,15138
78017,39,16198
78017,40,21772
78017,41,26807
78017,42,26421
78017,43,19851
78017,44,23309
78017,45,16331
78017,46,22428
78017,47,20875
78017,48,24441
78017,49,21493
78017,50,19798
78017,51,22825
78017,52,31672
78017,53,22279
78017,54,24369
78017,55,26433
78017,56,19720
78017,57,24411
78017,58,24104
78017,59,23469
78017,60,21839
558,1,34714
558,2,22463
558,3,35331
558,4,33244
558,5,29376
558,6,41927
558,7,32364
558,8,25542
558,9,23936
558,10,39736
9911,1,20333
9911,2,22293
9911,3,20939
9911,4,20907
9911,5,22600
9911,6,20530
9911,7,21038
9911,8,20581
9911,9,21634
9911,10,21206
9911,11,20996
9911,12,20913
9911,13,21150
9911,14,22068
9911,15,20782
9911,16,21035
9911,17,21616
9911,18,21157
9911,19,21309
9911,20,21068
9911,21,21019
9911,22,21342
9911,23,21095
9911,24,21065
9911,25,21007
9911,26,21076
9911,27,20683
9911,28,21188
9911,29,20914
9911,30,20824
9911,31,20595
9911,32,21168
9911,33,20930
9911,34,22778
9911,35,20655
9911,36,21200
9911,37,21317
9911,38,20861
9911,39,20965
9911,40,21909
9911,41,20936
9911,42,20769
9911,43,21103
9911,44,20993
9911,45,20564
9911,46,21027
9911,47,21923
9911,48,20529
9911,49,23452
9911,50,21831
9911,51,17136
10636,1,451921
10636,2,15568
10636,3,31432
10636,4,14456
10636,5,13817
10636,6,17055
10636,7,15125
10636,8,15229
10636,9,13707
10636,10,15621
10636,11,21982
10636,12,14007
10636,13,14244
10636,14,22568
10636,15,13540
10636,16,16466
10636,17,23559
10636,18,17628
10636,19,19244
10636,20,25203
10636,21,42211
10636,22,20608
10636,23,31063
10636,24,14601
10636,25,13561
10636,26,17882
10636,27,17174
10636,28,13738
10636,29,14234
10636,30,22890
10636,31,29549
10636,32,19739
10636,33,35649
10636,34,48104
10636,35,69200
10636,36,18017
10636,37,22992
10636,38,55226
10636,39,20344
10636,40,21949
10636,41,23013
10636,42,17614
10636,43,17984
10636,44,25390
10636,45,32223
10636,46,20163
10636,47,25363
10636,48,46989
10636,49,18436
10636,50,18709
10636,51,14370
10636,52,21278
10636,53,22888
10636,54,19543
10636,55,41327
10636,56,34443
10636,57,19775
10636,58,28962
10636,59,18189
10636,60,22889
46276,1,23888
46276,2,28026
46276,3,25763
46276,4,15600
46276,5,21269
46276,6,22151
46276,7,28232
46276,8,21357
46276,9,22134
46276,10,24958
46276,11,23745
46276,12,19949
46276,13,23338
46276,14,25349
46276,15,36001
46276,16,35067
46276,17,38828
46276,18,29326
46276,19,32613
46276,20,23305
46276,21,24841
46276,22,27079
46276,23,27527
46276,24,21843
46276,25,28871
46276,26,30512
46276,27,13938
46276,28,28980
209,1,21132
209,2,20790
209,3,19522
209,4,20731
209,5,20694
209,6,20646
209,7,20956
209,8,19810
209,9,21595
209,10,19888
209,11,19251
209,12,20767
209,13,19921
209,14,19917
209,15,19712
209,16,19706
209,17,20536
209,18,20721
209,19,21632
209,20,19721
209,21,20964
209,22,19749
209,23,20446
209,24,15685
42486,1,21343
42486,2,21023
42486,3,20273
42486,4,20932
42486,5,21237
42486,6,20153
42486,7,21339
42486,8,20932
42486,9,21458
42486,10,21029
42486,11,20531
42486,12,21235
42486,13,20431
42486,14,22338
42486,15,20589
42486,16,21805
42486,17,21969
42486,18,22303
42486,19,20854
42486,20,21062
42486,21,21277
42486,22,20962
42486,23,20953
42486,24,21027
42486,25,20549
42486,26,21596
42486,27,21566
42486,28,21050
42486,29,21215
42486,30,21124
42486,31,21103
42486,32,21269
42486,33,20747
42486,34,21343
42486,35,21772
42486,36,21090
42486,37,21410
42486,38,20948
42486,39,20866
42486,40,21627
42486,41,21311
42486,42,21286
42486,43,21010
42486,44,21519
42486,45,20650
42486,46,13576
23790,1,19438
23790,2,18967
23790,3,19712
23790,4,19457
23790,5,19331
23790,6,18822
23790,7,19607
23790,8,19150
23790,9,19363
23790,10,19198
23790,11,18859
23790,12,19307
23790,13,19415
23790,14,19073
23790,15,19188
23790,16,19232
23790,17,19504
23790,18,19448
23790,19,19264
23790,20,13459
27609,1,18345
27609,2,18509
27609,3,14742
3289,1,27901
3289,2,26335
3289,3,29391
3289,4,32033
3289,5,33684
3289,6,36456
3289,7,42902
3289,8,27377
3289,9,42899
3289,10,42348
3289,11,30725
3289,12,36278
3289,13,29786
3289,14,34540
7855,1,28162
7855,2,24621
7855,3,23859
7855,4,23410
7855,5,21651
7855,6,35262
7855,7,33034
7855,8,23892
7855,9,30124
7855,10,25540
7855,11,28448
7855,12,32469
7855,13,27481
7855,14,27361
7855,15,25350
7855,16,35241
7855,17,26362
7855,18,24073
7855,19,28849
7855,20,24104
7855,21,36947
7855,22,26874
7855,23,22039
7855,24,31890
7855,25,30301
7855,26,26830
7855,27,25168
7855,28,37407
7855,29,24014
7855,30,39712
7855,31,35225
7855,32,32884
7855,33,22943
51143,1,662368
51143,2,20023
51143,3,32056
51143,4,90065
583,1,21248
583,2,24869
583,3,20916
583,4,21050
583,5,21274
583,6,20970
583,7,22096
583,8,20912
583,9,21246
583,10,21703
583,11,20680
583,12,20849
583,13,21127
583,14,20607
583,15,21345
583,16,21033
583,17,21071
583,18,21583
583,19,21774
583,20,20739
583,21,21124
583,22,21108
583,23,21282
583,24,21039
583,25,21966
583,26,21878
583,27,21774
583,28,21600
583,29,21101
583,30,21315
583,31,21508
583,32,21495
583,33,22020
583,34,21609
583,35,20969
583,36,21593
583,37,20958
583,38,21021
583,39,21072
583,40,20874
583,41,21270
583,42,20994
583,43,21575
583,44,20732
583,45,21541
583,46,21406
583,47,21847
583,48,23416
583,49,20893
583,50,20538
583,51,21414
583,52,21969
583,53,21240
583,54,22726
583,55,21636
583,56,22380
583,57,22064
583,58,23611
583,59,21345
583,60,21308
55,1,15969
55,2,22367
55,3,21117
55,4,17960
55,5,21075
55,6,18650
55,7,19824
55,8,20907
55,9,17620
55,10,20634
55,11,29983
55,12,29985
55,13,16117
55,14,20698
55,15,26013
55,16,15436
55,17,16270
55,18,16765
55,19,15409
55,20,18913
55,21,15070
55,22,15908
55,23,17251
43936,1,16211
43936,2,21193
43936,3,20738
43936,4,17490
43936,5,20725
43936,6,18184
43936,7,19533
43936,8,20510
43936,9,17505
43936,10,20506
43936,11,29477
43936,12,29893
43936,13,16582
43936,14,20323
43936,15,24964
43936,16,15437
43936,17,16040
43936,18,16570
43936,19,15584
43936,20,18814
43936,21,14870
43936,22,15241
43936,23,17275
2147,1,20857
2147,2,21136
2147,3,22255
2147,4,21178
2147,5,21702
2147,6,21175
2147,7,22514
2147,8,21086
2147,9,21047
2147,10,23552
2147,11,20949
2147,12,23683
2147,13,22511
2147,14,21061
2147,15,21570
2147,16,21076
2147,17,20912
2147,18,21151
2147,19,20977
2147,20,21075
2147,21,21531
2147,22,21712
2147,23,21711
2147,24,21854
2147,25,20599
2147,26,21150
2147,27,21697
2147,28,21361
2147,29,21898
2147,30,21360
2147,31,20969
2147,32,20888
2147,33,21040
2147,34,21825
2147,35,22263
2147,36,21950
2147,37,20954
2147,38,21887
2147,39,20899
2147,40,21009
2147,41,20929
2147,42,20727
2147,43,20700
2147,44,20599
2147,45,25207
2147,46,21475
2147,47,21057
2147,48,21253
2147,49,21421
2147,50,20799
2147,51,21992
2147,52,20736
2147,53,21448
2147,54,25515
2147,55,20540
2147,56,22436
2147,57,21422
2147,58,21520
2147,59,14759
2148,1,21387
2148,2,21311
2148,3,21818
2148,4,21353
2148,5,20878
2148,6,20840
2148,7,22157
2148,8,21729
2148,9,21378
2148,10,20953
2148,11,20839
2148,12,21055
2148,13,22840
2148,14,21067
2148,15,20982
2148,16,21944
2148,17,21200
2148,18,21900
2148,19,22166
2148,20,21913
2148,21,21290
2148,22,20848
2148,23,21339
2148,24,20952
2148,25,21313
2148,26,21188
2148,27,21538
2148,28,22724
2148,29,21690
2148,30,22233
2148,31,22140
2148,32,21117
2148,33,21333
2148,34,20991
2148,35,22292
2148,36,20905
2148,37,22849
2148,38,21838
2148,39,21390
2148,40,21397
2148,41,20942
2148,42,21646
2148,43,20737
2148,44,21469
2148,45,21517
2148,46,20820
2148,47,22014
2148,48,20965
2148,49,22208
2148,50,21268
2148,51,21455
2148,52,20991
2148,53,20882
2148,54,21410
2148,55,20878
2148,56,20502
2148,57,21576
2148,58,21345
2148,59,22107
2148,60,20680
25525,1,1240156
25525,2,33232
25525,3,46205
25525,4,31141
25525,5,27487
25525,6,28838
25525,7,32045
25525,8,26465
25525,9,30037
25525,10,29301
25525,11,21462
25525,12,26722
25525,13,30665
25525,14,33076
25525,15,30833
25525,16,21275
25525,17,23140
25525,18,22531
25525,19,26160
25525,20,22470
25525,21,25996
25525,22,20513
25525,23,25952
25525,24,21506
25525,25,26494
25525,26,1230648
25525,27,22153
25525,28,74676
20158,1,30148
20158,2,40344
20158,3,417602
20158,4,46980
20158,5,49012
20158,6,46468
20158,7,47695
20158,8,381703
30849,1,35951
30849,2,23251
30849,3,29834
30849,4,25154
30849,5,24942
30849,6,30062
30849,7,24842
30849,8,22613
30849,9,34478
30849,10,31086
30849,11,31978
30849,12,32756
30849,13,27436
30849,14,24086
30849,15,40154
30849,16,26437
30849,17,27169
30849,18,28157
30849,19,30209
30849,20,29634
30849,21,28776
30849,22,28719
30849,23,32956
30849,24,24945
30849,25,23465
30849,26,28783
30849,27,30307
30849,28,37051
30849,29,33591
30849,30,32700
30849,31,40529
30849,32,34352
30849,33,45484
30849,34,45007
30849,35,41338
30849,36,30817
1849,1,20743
1849,2,16262
1849,3,20753
1849,4,21242
1849,5,18488
1849,6,20754
1849,7,22220
1849,8,20845
1849,9,20168
1849,10,20627
1849,11,22385
1849,12,21625
1849,13,20869
1849,14,21282
1849,15,21286
1849,16,19444
1849,17,19403
1849,18,21574
1849,19,22205
1849,20,19324
1849,21,21111
1849,22,19979
1849,23,20460
1849,24,21623
1849,25,20318
1849,26,19368
1849,27,25808
1849,28,20723
1849,29,20097
1849,30,21064
1849,31,21851
1849,32,22195
1849,33,22274
1849,34,22738
1849,35,20738
1849,36,20312
1849,37,20107
1849,38,21453
1849,39,22038
1849,40,20656
1849,41,19575
1849,42,19769
1849,43,26078
7326,1,25107
7326,2,25802
7326,3,25259
7326,4,28942
7326,5,36189
7326,6,26046
7326,7,29951
7326,8,33181
7326,9,30598
7326,10,39212
7326,11,29146
7326,12,36391
7326,13,42365
7326,14,39352
7326,15,43433
7326,16,42186
7326,17,39280
7326,18,48391
7326,19,40364
7326,20,43271
7326,21,39733
7326,22,34316
7326,23,36251
7326,24,55553
7326,25,48363
7326,26,31471
21415,1,12310
21415,2,16654
21415,3,13602
21415,4,12443
21415,5,21057
21415,6,22499
21415,7,13080
21415,8,16394
21415,9,14810
21415,10,12249
21415,11,11846
21415,12,11930
1931,1,20733
1931,2,20321
1931,3,25839
1931,4,19238
1931,5,24911
1931,6,18601
1931,7,25124
1931,8,20857
1931,9,21125
1931,10,22988
1931,11,25215
1931,12,17936
1931,13,20232
1931,14,20613
1931,15,19110
1931,16,19361
1931,17,22084
1931,18,22324
1931,19,20117
1931,20,21683
1931,21,20354
1931,22,17617
1931,23,23280
1931,24,23746
1931,25,24506
1931,26,21594
1931,27,22205
1931,28,18543
1931,29,20551
1931,30,22465
1931,31,19143
1931,32,18790
1931,33,27530
78065,1,21176
78065,2,20817
78065,3,21148
78065,4,22163
78065,5,21722
78065,6,22809
78065,7,21380
78065,8,20921
78065,9,21433
78065,10,20810
78065,11,21434
78065,12,21448
78065,13,21691
78065,14,20816
78065,15,21583
78065,16,21172
78065,17,20893
78065,18,20413
78065,19,20695
78065,20,21302
78065,21,21295
78065,22,21223
78065,23,21400
78065,24,20796
78065,25,21237
78065,26,21543
78065,27,21121
78065,28,20904
78065,29,20997
78065,30,21057
78065,31,20754
78065,32,21726
78065,33,21360
78065,34,20802
78065,35,21163
78065,36,21031
78065,37,22025
78065,38,22082
78065,39,20572
78065,40,20969
78065,41,20903
78065,42,21141
78065,43,21634
78065,44,22243
78065,45,22545
78065,46,21163
78065,47,21327
78065,48,22022
78065,49,21210
78065,50,21083
78065,51,21501
78065,52,20720
78065,53,21359
78065,54,20542
78065,55,20617
78065,56,20752
78065,57,20974
78065,58,20913
78065,59,20750
78065,60,20699
68283,1,19431
68283,2,18539
68283,3,19347
68283,4,18678
68283,5,18354
68283,6,18808
68283,7,18942
68283,8,14187
215,1,19262
215,2,19660
215,3,19254
215,4,20121
215,5,19401
215,6,19435
215,7,19202
215,8,19193
215,9,19336
215,10,19502
215,11,19359
215,12,18779
215,13,19768
215,14,19023
215,15,19354
215,16,18995
215,17,19494
215,18,19097
215,19,16153
69700,1,20351
69700,2,20524
69700,3,20458
69700,4,20124
69700,5,20083
69700,6,20345
69700,7,20741
69700,8,20242
69700,9,20963
69700,10,20375
69700,11,20774
69700,12,20413
69700,13,20507
69700,14,20646
69700,15,20359
69700,16,20602
69700,17,20384
69700,18,20843
69700,19,20091
69700,20,20376
69700,21,20415
69700,22,20357
69700,23,20506
69700,24,21076
69700,25,19966
69700,26,19928
69700,27,20474
69700,28,20295
69700,29,20690
69700,30,20552
69700,31,20191
69700,32,20163
69700,33,20823
69700,34,20928
69700,35,20065
69700,36,20638
69700,37,20891
69700,38,20516
69700,39,20760
69700,40,20911
69700,41,20397
69700,42,20644
69700,43,20618
69700,44,20577
69700,45,20367
69700,46,20561
69700,47,20311
69700,48,21138
69700,49,18137
78020,1,22156
78020,2,20915
78020,3,20866
78020,4,21294
78020,5,21051
78020,6,21897
78020,7,21105
78020,8,21413
78020,9,20906
78020,10,21023
78020,11,21835
78020,12,21223
78020,13,20974
78020,14,20891
78020,15,21070
78020,16,21659
78020,17,21550
78020,18,20955
78020,19,21127
78020,20,22242
78020,21,20956
78020,22,21135
78020,23,21069
78020,24,21950
78020,25,21522
78020,26,20948
78020,27,21251
78020,28,21745
78020,29,21129
78020,30,21941
78020,31,21180
78020,32,20803
78020,33,21869
78020,34,21121
78020,35,20963
78020,36,22182
78020,37,21534
78020,38,21126
78020,39,21317
78020,40,21280
78020,41,21981
78020,42,21438
78020,43,20981
78020,44,21165
78020,45,21172
78020,46,21750
78020,47,21120
78020,48,21450
78020,49,21733
78020,50,20814
78020,51,20848
78020,52,21286
78020,53,22702
78020,54,20803
78020,55,20926
78020,56,23057
78020,57,21829
78020,58,21472
78020,59,21647
78020,60,21553
78047,1,43353
78047,2,76641
78047,3,78749
78047,4,78713
78047,5,76459
78047,6,79090
78047,7,78642
78047,8,74535
78047,9,107409
78075,1,31320
78075,2,42763
78075,3,55416
78075,4,40038
78075,5,58501
78075,6,60658
78075,7,40672
78075,8,52600
78075,9,50781
78075,10,73333
78075,11,28728
78075,12,63904
78075,13,81052
78075,14,66423
78075,15,83261
78075,16,45955
78075,17,65318
78075,18,46258
78075,19,125227
64,1,32975
64,2,34298
64,3,35475
64,4,32698
64,5,27154
64,6,25165
64,7,31223
64,8,35509
64,9,27704
64,10,28006
64,11,35293
64,12,23387
64,13,35599
64,14,37963
64,15,26559
64,16,30258
64,17,26205
64,18,24260
64,19,36582
64,20,35393
64,21,25016
64,22,31137
78122,1,14627
78122,2,21093
78122,3,15477
78122,4,14642
78122,5,19778
78122,6,30610
78122,7,135270
78122,8,301040
78122,9,127064
78122,10,97448
78122,11,223029
78122,12,1017298
204,1,20864
204,2,20662
204,3,20932
204,4,20336
204,5,20809
204,6,20924
204,7,20932
204,8,20742
204,9,21630
204,10,20018
204,11,20435
204,12,20401
204,13,21855
204,14,20521
204,15,20723
204,16,20708
204,17,20473
204,18,20770
204,19,20773
204,20,20699
204,21,21558
204,22,20789
204,23,20633
204,24,20495
204,25,20262
204,26,21041
204,27,20633
204,28,21057
204,29,20130
204,30,20351
204,31,20799
204,32,20691
204,33,20413
204,34,20332
204,35,20773
204,36,21143
204,37,21261
204,38,20924
204,39,20259
204,40,21237
204,41,21305
204,42,20814
204,43,21051
204,44,20822
204,45,20070
204,46,20906
204,47,20849
76411,1,20085
76411,2,16014
76411,3,23001
76411,4,22559
76411,5,17565
76411,6,20440
76411,7,20407
76411,8,22362
76411,9,23066
76411,10,15151
76411,11,19607
76411,12,20867
76411,13,24395
76411,14,17924
76411,15,14788
76411,16,13462
76411,17,20843
76411,18,16516
20023,1,11165
20023,2,11656
20023,3,11279
20023,4,11694
20023,5,28019
20023,6,45053
20023,7,33323
20023,8,42130
20023,9,43989
20023,10,127997
20023,11,105396
20023,12,178459
20023,13,121721
20023,14,301976
20023,15,209094
20023,16,166435
1079,1,22757
1079,2,22400
1079,3,21823
1079,4,21062
1079,5,21197
1079,6,21686
1079,7,21429
1079,8,22343
1079,9,22690
1079,10,21295
1079,11,21894
1079,12,22214
1079,13,21092
1079,14,20878
1079,15,21805
1079,16,21890
1079,17,21493
1079,18,21598
1079,19,21681
1079,20,21759
1079,21,21747
1079,22,22044
1079,23,22987
1079,24,21909
1079,25,23138
1079,26,22528
1079,27,21737
1079,28,21518
1079,29,22676
1079,30,22082
1079,31,22543
1079,32,21591
1079,33,21958
1079,34,21713
1079,35,21398
1079,36,22366
1079,37,21640
1079,38,21733
1079,39,22727
1079,40,21889
1079,41,21834
1079,42,21644
1079,43,21637
1079,44,22540
1079,45,21802
1079,46,21209
1079,47,21806
1079,48,22433
1079,49,22515
1079,50,21974
1079,51,22033
1079,52,22335
1079,53,21200
1079,54,21617
1079,55,22123
1079,56,22005
1079,57,21145
1079,58,21978
1079,59,21705
1079,60,22572
78120,1,10533
78120,2,329281
69087,1,19134
69087,2,24375
69087,3,30130
69087,4,37318
69087,5,33680
69087,6,24879
69087,7,35421
69087,8,29416
69087,9,26630
69087,10,35924
69087,11,23202
69087,12,26255
69087,13,22510
69087,14,29523
69087,15,26438
69087,16,27855
69087,17,32925
69087,18,20750
69087,19,27005
69087,20,28143
69087,21,22964
69087,22,23518
69087,23,31755
69087,24,16955
69087,25,23062
69087,26,16480
69087,27,21792
78084,1,20751
78084,2,20296
78084,3,20696
78084,4,20550
78084,5,20281
78084,6,20705
78084,7,20788
78084,8,20695
78084,9,21317
78084,10,20240
78084,11,21357
78084,12,20590
78084,13,20303
78084,14,20251
78084,15,20990
78084,16,20612
78084,17,20522
78084,18,22656
78084,19,20409
78084,20,20606
78084,21,20706
78084,22,20804
78084,23,20766
78084,24,20317
78084,25,20594
78084,26,20418
78084,27,20139
78084,28,20714
78084,29,20494
78084,30,20213
78084,31,21340
78084,32,20980
78084,33,20711
78084,34,21111
78084,35,20353
78084,36,20556
78084,37,20513
78084,38,20703
78084,39,20519
78084,40,20314
78084,41,20586
78084,42,20824
78084,43,20504
78084,44,20693
78084,45,20472
78084,46,20489
78084,47,20468
78084,48,20432
78084,49,12321
72824,1,20349
72824,2,20288
72824,3,19984
72824,4,20179
72824,5,20924
72824,6,20493
72824,7,20452
72824,8,21230
72824,9,20148
72824,10,20076
72824,11,20256
72824,12,20560
72824,13,20336
72824,14,20443
72824,15,20235
72824,16,19840
72824,17,20107
72824,18,20235
72824,19,20405
72824,20,20772
72824,21,20532
72824,22,20119
72824,23,20234
72824,24,20721
72824,25,20282
72824,26,20239
72824,27,20341
72824,28,20031
72824,29,20864
72824,30,20415
72824,31,19973
72824,32,20286
72824,33,20343
72824,34,21103
72824,35,20570
72824,36,20488
72824,37,20895
72824,38,19987
72824,39,20676
72824,40,20665
72824,41,20175
72824,42,20285
72824,43,17985
57669,1,20512
57669,2,20531
57669,3,20147
57669,4,20763
57669,5,20446
57669,6,20830
57669,7,20960
57669,8,21866
57669,9,20855
57669,10,20290
57669,11,20323
57669,12,20299
57669,13,20330
57669,14,20727
57669,15,20547
57669,16,20776
57669,17,20505
57669,18,20424
57669,19,20345
57669,20,20344
57669,21,20213
57669,22,20339
57669,23,20486
57669,24,20454
57669,25,20804
57669,26,20269
57669,27,20555
57669,28,20405
57669,29,20569
57669,30,20536
57669,31,20263
57669,32,20263
57669,33,20526
57669,34,20352
57669,35,20628
57669,36,20331
57669,37,20167
57669,38,20401
57669,39,20689
57669,40,20376
57669,41,20190
57669,42,20025
57669,43,21136
57669,44,20386
57669,45,20643
57669,46,21073
57669,47,20526
57669,48,15102
70175,1,19900
70175,2,19940
70175,3,19609
70175,4,19741
70175,5,20337
70175,6,19703
70175,7,21326
70175,8,20288
70175,9,19800
70175,10,20198
70175,11,19809
70175,12,19624
70175,13,19979
70175,14,19675
70175,15,21999
70175,16,20195
70175,17,20158
70175,18,19866
70175,19,19574
70175,20,19398
70175,21,19890
70175,22,19783
70175,23,20205
70175,24,19689
70175,25,19663
70175,26,19786
70175,27,19737
70175,28,19749
70175,29,20149
70175,30,20100
70175,31,19751
70175,32,20164
70175,33,20273
70175,34,21380
70175,35,19948
70175,36,21192
70175,37,19976
78033,1,18819
78033,2,18786
78033,3,18477
78033,4,18710
78033,5,18419
78033,6,14941
42,1,19173
42,2,21241
42,3,19208
42,4,20152
42,5,20774
42,6,20075
42,7,19877
42,8,19412
42,9,19362
42,10,18926
42,11,20102
42,12,19597
42,13,19429
42,14,20304
42,15,11910
43,1,19209
43,2,21211
43,3,19271
43,4,19912
43,5,20433
43,6,20357
43,7,19758
43,8,19575
43,9,19371
43,10,19207
43,11,19659
43,12,19519
43,13,19395
43,14,20075
43,15,11780
1257,1,46583
1257,2,34891
1257,3,37935
1257,4,29603
1257,5,34522
1257,6,54745
1257,7,31281
1257,8,29204
1257,9,28656
1257,10,32207
1257,11,48372
1257,12,29132
1257,13,30022
1257,14,32394
1257,15,29381
1257,16,36388
1257,17,39218
1257,18,25856
1257,19,29563
1257,20,36352
1257,21,32276
1257,22,26732
1257,23,34499
1257,24,33269
1257,25,52418
1257,26,47352
1257,27,53525
1257,28,41562
1257,29,29665
1257,30,27934
1257,31,27366
1257,32,31912
1257,33,31432
1257,34,30132
1257,35,27249
1257,36,26695
1257,37,26205
1257,38,31104
1257,39,31099
1257,40,28365
1257,41,38341
1257,42,27618
1257,43,28895
1257,44,29160
1257,45,24108
1257,46,25837
1257,47,47166
1257,48,42669
1257,49,28202
1257,50,28191
1257,51,35494
1257,52,26571
1257,53,26886
1257,54,30204
1257,55,30130
1257,56,43551
1257,57,25326
1257,58,28237
1257,59,33048
1257,60,23278
68,1,21290
68,2,19864
68,3,19840
68,4,19870
68,5,19913
68,6,20324
68,7,19553
68,8,19375
68,9,19576
68,10,19680
68,11,19773
68,12,20026
68,13,20115
68,14,19799
68,15,20133
68,16,19955
68,17,19657
68,18,19593
68,19,19497
68,20,20008
68,21,19977
68,22,19817
68,23,20152
68,24,19854
68,25,20305
68,26,19716
68,27,19794
68,28,19388
68,29,19478
68,30,19968
68,31,20005
68,32,19921
68,33,19638
68,34,17532
78102,1,21074
78102,2,20782
78102,3,20942
78102,4,21315
78102,5,21468
78102,6,21729
78102,7,22232
78102,8,21916
78102,9,21047
78102,10,21932
78102,11,21899
78102,12,21358
78102,13,21517
78102,14,21601
78102,15,21484
78102,16,21821
78102,17,21625
78102,18,22194
78102,19,21651
78102,20,21392
78102,21,21469
78102,22,22144
78102,23,21446
78102,24,21284
78102,25,21726
78102,26,21425
78102,27,21748
78102,28,21508
78102,29,21475
78102,30,21770
78102,31,22216
78102,32,21881
78102,33,21808
78102,34,22130
78102,35,21746
78102,36,21619
78102,37,21512
78102,38,22409
78102,39,21823
78102,40,21523
78102,41,21472
78102,42,21011
78102,43,22191
78102,44,21463
78102,45,21626
78102,46,22309
78102,47,22971
78102,48,21769
78102,49,21411
78102,50,21205
78102,51,21704
78102,52,21983
78102,53,21881
78102,54,21772
78102,55,22066
78102,56,22148
78102,57,21619
78102,58,22635
78102,59,22080
78102,60,21847
223,1,21382
223,2,21700
223,3,20713
223,4,20104
223,5,21316
223,6,20222
223,7,20526
223,8,21021
223,9,20831
223,10,21051
223,11,20402
223,12,19701
223,13,20433
223,14,19985
223,15,20430
223,16,22648
223,17,21767
223,18,20748
223,19,20537
223,20,21246
223,21,20269
223,22,21195
223,23,20442
223,24,20421
223,25,20731
223,26,20673
223,27,20382
223,28,20524
223,29,21021
223,30,20299
223,31,21113
223,32,21585
223,33,20289
223,34,20639
223,35,20399
223,36,20488
223,37,20315
223,38,21108
223,39,20828
223,40,21086
223,41,21387
223,42,20470
3823,1,28517
3823,2,43619
3823,3,32548
3823,4,38728
3823,5,37574
3823,6,39137
3823,7,37789
3823,8,31453
3823,9,34990
3823,10,52487
3823,11,50665
3823,12,52618
3823,13,45779
3823,14,43391
3823,15,42741
3823,16,56854
3823,17,55704
3823,18,54237
3823,19,50874
3823,20,67063
3823,21,51420
3823,22,52896
3823,23,40874
3823,24,51973
3823,25,56412
3823,26,45284
3823,27,39817
3823,28,35678
3823,29,65364
3823,30,38017
3823,31,53767
3823,32,42760
3823,33,42318
3823,34,42529
15877,1,20267
15877,2,20112
15877,3,22030
15877,4,20833
15877,5,21204
15877,6,19915
15877,7,20384
15877,8,20498
15877,9,20811
15877,10,20776
15877,11,19367
15877,12,20186
15877,13,20063
15877,14,20040
15877,15,22638
15877,16,20018
15877,17,22017
15877,18,20560
15877,19,19878
15877,20,20299
15877,21,20338
15877,22,20042
15877,23,20519
15877,24,19977
15877,25,20420
15877,26,20019
15877,27,20062
15877,28,20182
15877,29,23864
15877,30,20016
15877,31,20144
15877,32,21226
15877,33,19916
15877,34,20291
15877,35,20669
15877,36,20414
15877,37,19895
15877,38,20744
15877,39,22063
15877,40,19920
15877,41,19962
15877,42,20110
15877,43,20431
15877,44,19309
21,1,21164
21,2,20430
21,3,20524
21,4,20098
21,5,19599
21,6,19848
21,7,19782
21,8,19514
21,9,19464
21,10,19638
21,11,19212
21,12,20133
21,13,20915
21,14,19272
21,15,20128
21,16,20074
21,17,19285
21,18,19262
21,19,20209
21,20,19605
21,21,20248
21,22,19856
21,23,19917
21,24,19565
21,25,20005
21,26,13354
72,1,30537
72,2,27872
72,3,19674
72,4,28704
72,5,34674
72,6,25333
72,7,28618
72,8,28895
72,9,26544
72,10,28051
72,11,32412
72,12,25852
72,13,30432
72,14,42564
18151,1,20049
18151,2,19258
18151,3,19718
18151,4,20654
18151,5,19782
18151,6,19241
18151,7,19153
18151,8,19075
18151,9,19246
18151,10,19234
18151,11,19194
18151,12,18977
18151,13,19370
18151,14,19227
18151,15,19182
18151,16,19437
18151,17,19051
18151,18,19240
18151,19,19925
18151,20,19142
18151,21,19334
18151,22,19152
18151,23,19369
20628,1,32320
20628,2,31780
20628,3,32474
20628,4,31792
20628,5,31325
20628,6,30304
20628,7,32279
20628,8,33664
20628,9,34561
20628,10,33141
20628,11,32237
20628,12,36685
20628,13,29312
20628,14,31883
20628,15,30175
20628,16,32628
20628,17,36503
120,1,20561
120,2,20638
120,3,20615
120,4,20443
120,5,20001
120,6,20477
120,7,20713
120,8,20535
120,9,20584
120,10,21060
120,11,20936
120,12,20234
120,13,21114
120,14,20758
120,15,19834
120,16,20383
120,17,20884
120,18,19931
120,19,20294
120,20,20126
120,21,20087
120,22,21222
120,23,20343
120,24,20246
120,25,19908
120,26,19924
120,27,20007
120,28,20442
120,29,20215
120,30,20168
120,31,20464
120,32,20935
120,33,20785
120,34,20915
120,35,20775
120,36,20401
120,37,20470
120,38,20280
120,39,20399
120,40,13016
20782,1,46865
20782,2,42525
20782,3,31942
20782,4,44870
20782,5,45857
20782,6,23197
20782,7,34547
20782,8,21633
20782,9,18119
20782,10,38720
20782,11,38428
20782,12,45112
20782,13,35450
2488,1,25374
2488,2,23311
2488,3,22120
2488,4,25649
2488,5,24102
2488,6,28549
2488,7,26247
2488,8,28175
2488,9,26175
2488,10,30775
2488,11,27749
2488,12,25883
2488,13,25364
2488,14,35109
2488,15,27826
2488,16,24607
2488,17,25824
2488,18,28428
2488,19,32692
2488,20,28796
2488,21,34744
2488,22,34613
2488,23,29176
2488,24,28469
2488,25,32919
2488,26,31677
2488,27,35205
2488,28,38147
2488,29,29544
2488,30,34075
2488,31,32757
2488,32,33399
2488,33,32701
2488,34,33857
2488,35,30828
2488,36,35178
2488,37,35841
2488,38,38972
2488,39,27024
2488,40,32250
2488,41,32568
2488,42,33190
2488,43,34434
2488,44,27487
2488,45,29527
2488,46,25402
2488,47,13725
164,1,11982
164,2,22943
164,3,21073
164,4,19183
164,5,22340
164,6,20861
164,7,25707
164,8,22584
164,9,23352
164,10,16293
164,11,39544
164,12,20481
164,13,22354
164,14,22878
164,15,24752
164,16,21897
164,17,24403
164,18,20850
164,19,26539
164,20,22881
164,21,26673
164,22,29993
164,23,24220
164,24,23410
164,25,25641
164,26,20781
164,27,29833
164,28,29749
164,29,24212
164,30,28131
164,31,17264
164,32,29093
164,33,27185
164,34,26627
164,35,20418
164,36,27780
164,37,28678
164,38,30717
164,39,23223
164,40,29900
164,41,24613
164,42,25372
164,43,25989
164,44,21603
164,45,27242
164,46,24156
164,47,13371
1259,1,33202
1259,2,30851
1259,3,41884
1259,4,31377
1259,5,23066
1259,6,40052
1259,7,25248
1259,8,27413
1259,9,48636
1259,10,24221
1259,11,28952
1259,12,22772
1259,13,26281
1259,14,24826
1259,15,30439
1259,16,23053
1259,17,28092
1259,18,31433
1259,19,29124
1259,20,36474
1259,21,33903
1259,22,26421
1259,23,32752
1259,24,27266
1259,25,24401
1259,26,28352
1259,27,28545
1259,28,23271
1259,29,31809
1259,30,24761
1259,31,32533
1259,32,23690
1259,33,22504
1259,34,34194
1259,35,26356
1259,36,22205
1259,37,26546
1259,38,23401
1259,39,27551
1259,40,19865
1259,41,28254
1259,42,35041
1259,43,25904
1259,44,45582
1259,45,33779
1259,46,23804
1259,47,27549
1259,48,37839
1259,49,24508
1259,50,24730
1259,51,34901
1259,52,40349
1259,53,29942
1259,54,33122
1259,55,29011
1259,56,29299
1259,57,21353
1259,58,38811
1259,59,28506
1259,60,26950
53419,1,19445
53419,2,19788
53419,3,19492
53419,4,20376
53419,5,19711
53419,6,19725
53419,7,19841
53419,8,20310
53419,9,19823
53419,10,20107
53419,11,20044
53419,12,19990
53419,13,19830
53419,14,20024
53419,15,20593
53419,16,20299
53419,17,19985
53419,18,19921
53419,19,19606
53419,20,20866
53419,21,21562
53419,22,20156
53419,23,19973
53419,24,19707
53419,25,19735
53419,26,19631
53419,27,20565
53419,28,20086
53419,29,20359
53419,30,20020
53419,31,20067
53419,32,20326
53419,33,19329
3146,1,20646
3146,2,20524
3146,3,20663
3146,4,20377
3146,5,21956
3146,6,20569
3146,7,20965
3146,8,20638
3146,9,20637
3146,10,20662
3146,11,20891
3146,12,20974
3146,13,20834
3146,14,20854
3146,15,20740
3146,16,20636
3146,17,20671
3146,18,21041
3146,19,20441
3146,20,20488
3146,21,20915
3146,22,20647
3146,23,20610
3146,24,20727
3146,25,21375
3146,26,20544
3146,27,20559
3146,28,20523
3146,29,20850
3146,30,21085
3146,31,20603
3146,32,21833
3146,33,20819
3146,34,20624
3146,35,20661
3146,36,20476
3146,37,21553
3146,38,20698
3146,39,20824
3146,40,20646
3146,41,20768
3146,42,20769
3146,43,20603
3146,44,20866
3146,45,20726
3146,46,20879
3146,47,20872
3146,48,20495
3146,49,21072
3146,50,20729
3146,51,20910
3146,52,20857
3146,53,20818
3146,54,20521
3146,55,20808
3146,56,21238
3146,57,20893
3146,58,16141
4300,1,21308
4300,2,21654
4300,3,21249
4300,4,21217
4300,5,21222
4300,6,21131
4300,7,20978
4300,8,21497
4300,9,21462
4300,10,21093
4300,11,20894
4300,12,20890
4300,13,21574
4300,14,20822
4300,15,21490
4300,16,21248
4300,17,21416
4300,18,21075
4300,19,21561
4300,20,21460
4300,21,21308
4300,22,20791
4300,23,21006
4300,24,20884
4300,25,21635
4300,26,21365
4300,27,21416
4300,28,21288
4300,29,21535
4300,30,21028
4300,31,21276
4300,32,20863
4300,33,21325
4300,34,21542
4300,35,21135
4300,36,21192
4300,37,21170
4300,38,21923
4300,39,21150
4300,40,21912
4300,41,21699
4300,42,20981
4300,43,21096
4300,44,20753
4300,45,21089
4300,46,21441
4300,47,20998
4300,48,21515
4300,49,21105
4300,50,21602
4300,51,21294
4300,52,21316
4300,53,21058
4300,54,21636
4300,55,21251
4300,56,21376
4300,57,20960
4300,58,21354
4300,59,20871
4300,60,20670
203,1,35960
203,2,18487
203,3,23179
203,4,40335
203,5,31910
203,6,33861
203,7,43587
203,8,50806
203,9,51288
203,10,35636
203,11,45142
203,12,53035
203,13,32514
203,14,35436
203,15,50900
203,16,57173
203,17,52458
203,18,50490
203,19,60132
203,20,47519
203,21,22520
203,22,27864
203,23,29230
203,24,26031
203,25,22728
203,26,42200
203,27,28906
203,28,45966
203,29,29089
203,30,34936
203,31,25572
203,32,30795
203,33,28451
203,34,37513
203,35,26091
203,36,26698
203,37,26058
203,38,35100
203,39,34843
203,40,26958
203,41,25723
203,42,26024
203,43,30020
203,44,19421
203,45,33560
53874,1,20445
53874,2,20861
53874,3,20964
53874,4,21427
53874,5,20578
53874,6,21766
53874,7,21019
53874,8,21144
53874,9,21235
53874,10,20821
53874,11,20789
53874,12,21391
53874,13,22494
53874,14,20880
53874,15,21134
53874,16,20916
53874,17,21900
53874,18,22157
53874,19,20825
53874,20,20938
53874,21,21129
53874,22,20719
53874,23,20652
53874,24,20690
53874,25,20839
53874,26,20893
53874,27,20581
53874,28,21064
53874,29,20533
53874,30,20861
53874,31,21585
53874,32,21485
53874,33,20962
53874,34,21164
53874,35,21457
53874,36,21023
53874,37,20559
53874,38,21668
53874,39,21802
53874,40,21049
53874,41,21400
53874,42,20824
53874,43,21271
53874,44,20582
53874,45,22364
53874,46,20954
53874,47,20815
53874,48,20817
53874,49,20876
53874,50,20959
53874,51,20701
53874,52,20942
53874,53,21115
53874,54,20617
53874,55,21077
53874,56,22277
53874,57,20955
53874,58,20714
53874,59,20820
53874,60,21159
2825,1,35222
2825,2,30437
2825,3,31090
2825,4,26591
2825,5,26267
2825,6,28902
2825,7,36242
2825,8,27423
2825,9,22595
2825,10,13635
70008,1,27002
70008,2,22660
70008,3,32709
70008,4,28270
70008,5,28256
70008,6,42446
70008,7,30516
70008,8,28412
70008,9,21453
70008,10,39745
70008,11,42755
70008,12,30321
70008,13,25262
70008,14,33126
70008,15,27594
70008,16,23018
70008,17,29989
70008,18,32723
70008,19,41244
70008,20,27678
70008,21,36389
70008,22,40927
70008,23,40452
2376,1,38854
2376,2,33778
2376,3,36528
2376,4,30912
2376,5,24717
2376,6,27791
2376,7,24603
2376,8,28833
2376,9,28702
2376,10,29096
2376,11,27312
2376,12,34052
2376,13,35991
2376,14,36820
2376,15,48734
2376,16,42411
2376,17,46342
2130,1,26697
2130,2,29304
2130,3,21480
2130,4,21378
2130,5,23671
2130,6,21591
2130,7,19155
2130,8,19779
2130,9,19079
2130,10,19801
2130,11,20929
2130,12,20983
2130,13,19952
2130,14,20657
2130,15,20572
2130,16,19514
2130,17,21448
2130,18,24826
2130,19,18942
2130,20,20034
2130,21,16650
599,1,27376
599,2,33363
599,3,28364
599,4,41478
599,5,36394
599,6,41126
599,7,30082
599,8,33017
599,9,28612
599,10,26119
599,11,46889
599,12,31841
599,13,39832
599,14,55352
599,15,31836
599,16,31654
599,17,31684
599,18,40381
599,19,36923
599,20,35420
599,21,33235
599,22,32718
599,23,26329
599,24,44070
599,25,58290
599,26,30664
599,27,27082
599,28,34252
599,29,43032
599,30,34871
599,31,39563
599,32,51209
599,33,36974
599,34,52770
599,35,37886
599,36,32206
599,37,47471
599,38,46813
599,39,33841
599,40,32127
599,41,40336
599,42,29734
599,43,34242
599,44,36871
599,45,33561
599,46,31175
599,47,32269
599,48,38953
599,49,29761
599,50,32759
599,51,56490
599,52,36651
599,53,32423
599,54,32728
599,55,48096
599,56,41386
599,57,31795
599,58,39062
599,59,37558
599,60,25854
15381,1,19571
15381,2,19317
15381,3,19450
15381,4,19244
15381,5,19787
15381,6,20413
15381,7,19207
15381,8,19471
15381,9,19663
15381,10,19139
15381,11,19313
15381,12,19221
15381,13,19009
15381,14,19524
15381,15,19542
15381,16,19329
15381,17,19129
15381,18,18940
15381,19,19166
15381,20,19459
15381,21,18584
2600,1,23825
2600,2,19590
2600,3,20722
2600,4,20232
2600,5,23820
2600,6,19590
2600,7,17538
2600,8,18865
2600,9,24692
2600,10,22034
2600,11,16913
2600,12,19796
2600,13,16069
2600,14,21360
2600,15,20835
2600,16,22925
2600,17,16284
2600,18,25780
2600,19,18703
2600,20,24637
2600,21,28126
2600,22,22053
2600,23,21739
2600,24,21718
2600,25,32430
2600,26,23445
2600,27,21330
2600,28,31082
2600,29,22112
2600,30,28845
2600,31,26415
2600,32,31393
2600,33,18989
2600,34,17168
2600,35,22378
2600,36,31762
2600,37,22350
2600,38,24414
2600,39,17025
2600,40,23829
2600,41,25153
2600,42,18099
2600,43,24657
2600,44,16841
2600,45,22532
2600,46,21580
2600,47,24055
2600,48,24884
2600,49,29234
2600,50,31784
2600,51,32228
2600,52,30552
2600,53,29550
2600,54,24379
2600,55,25266
2600,56,31548
2600,57,22069
2600,58,26236
2600,59,23147
2600,60,20880
63469,1,21172
63469,2,20746
63469,3,20909
63469,4,20876
63469,5,21438
63469,6,21091
63469,7,20952
63469,8,21100
63469,9,20961
63469,10,20926
63469,11,20743
63469,12,20866
63469,13,20830
63469,14,20817
63469,15,20787
63469,16,20708
63469,17,20643
63469,18,20736
63469,19,20642
63469,20,21064
63469,21,20882
63469,22,20925
63469,23,21605
63469,24,20960
63469,25,20869
63469,26,21195
63469,27,21284
63469,28,21536
63469,29,20950
63469,30,20901
63469,31,20851
63469,32,20665
63469,33,20970
63469,34,21383
63469,35,20575
63469,36,20744
63469,37,20795
63469,38,21129
63469,39,20876
63469,40,20871
63469,41,21339
63469,42,21037
63469,43,21191
63469,44,21282
63469,45,20974
63469,46,20810
63469,47,20707
63469,48,21244
63469,49,21121
63469,50,20822
63469,51,21182
63469,52,20749
63469,53,21233
63469,54,21136
63469,55,20939
63469,56,21021
63469,57,21210
63469,58,21448
63469,59,20897
63469,60,20819
68957,1,21126
68957,2,20477
68957,3,21054
68957,4,20903
68957,5,20937
68957,6,20840
68957,7,20780
68957,8,21058
68957,9,21112
68957,10,21096
68957,11,20932
68957,12,20891
68957,13,21360
68957,14,20787
68957,15,21078
68957,16,21159
68957,17,21249
68957,18,21224
68957,19,21355
68957,20,20736
68957,21,21295
68957,22,21341
68957,23,20938
68957,24,21296
68957,25,21164
68957,26,21266
68957,27,21250
68957,28,21016
68957,29,21185
68957,30,21053
68957,31,20948
68957,32,21002
68957,33,21176
68957,34,21441
68957,35,21503
68957,36,20893
68957,37,21809
68957,38,20800
68957,39,21135
68957,40,21310
68957,41,21354
68957,42,21464
68957,43,21326
68957,44,21364
68957,45,21101
68957,46,20481
68957,47,20834
68957,48,21004
68957,49,21347
68957,50,21215
68957,51,20913
68957,52,20716
68957,53,21304
68957,54,22734
68957,55,21091
68957,56,21306
68957,57,21144
68957,58,22281
68957,59,21122
68957,60,22064
69608,1,20875
69608,2,20696
69608,3,21909
69608,4,21460
69608,5,21524
69608,6,21682
69608,7,21218
69608,8,20951
69608,9,20959
69608,10,21792
69608,11,21480
69608,12,21099
69608,13,20766
69608,14,21361
69608,15,21831
69608,16,20962
69608,17,21259
69608,18,21061
69608,19,21741
69608,20,21153
69608,21,21721
69608,22,21737
69608,23,21574
69608,24,21494
69608,25,21076
69608,26,21073
69608,27,20968
69608,28,20840
69608,29,20860
69608,30,21237
69608,31,21611
69608,32,21242
69608,33,21658
69608,34,21515
69608,35,21607
69608,36,21386
69608,37,21396
69608,38,20754
69608,39,21567
69608,40,21714
69608,41,21661
69608,42,21205
69608,43,21188
69608,44,21605
69608,45,21080
69608,46,22154
69608,47,21789
69608,48,22275
69608,49,21741
69608,50,21661
69608,51,21088
69608,52,21489
69608,53,21103
69608,54,21445
69608,55,21387
69608,56,20946
69608,57,21082
69608,58,21438
69608,59,21613
69608,60,21396
38311,1,21284
38311,2,18289
38311,3,17886
38311,4,26799
38311,5,22019
38311,6,27956
38311,7,19831
38311,8,20974
38311,9,22500
38311,10,18535
38311,11,21593
38311,12,23790
38311,13,21873
38311,14,34453
38311,15,15308
38311,16,23746
38311,17,20256
38311,18,31336
38311,19,17050
38311,20,22281
38311,21,18612
38311,22,16910
38311,23,17823
38311,24,29066
38311,25,20232
38311,26,34878
38311,27,18335
38311,28,19312
38311,29,25986
38311,30,31005
38311,31,33201
38311,32,20502
38311,33,21683
38311,34,30307
38311,35,23616
38311,36,44443
38311,37,18378
38311,38,19891
38311,39,16065
38311,40,25301
38311,41,19414
38311,42,25375
38311,43,16086
38311,44,30422
38311,45,24716
38311,46,26513
38311,47,28977
38311,48,18324
38311,49,20561
38311,50,19689
38311,51,25170
38311,52,19540
38311,53,20127
38311,54,27206
38311,55,20292
38311,56,19154
38311,57,37636
38311,58,24136
38311,59,21854
38311,60,24301
910,1,25227
910,2,30844
910,3,31050
910,4,29598
910,5,26364
910,6,20496
910,7,32201
910,8,20890
910,9,32138
910,10,26671
910,11,19173
910,12,20244
910,13,27284
910,14,27137
910,15,29480
910,16,27161
910,17,20252
910,18,32931
910,19,20848
910,20,37329
910,21,19862
910,22,22747
910,23,31109
910,24,22314
910,25,26828
58820,1,32171
58820,2,40096
58820,3,32795
58820,4,51002
58820,5,52241
58820,6,57778
58820,7,40084
58820,8,22579
58820,9,31901
58820,10,41221
58820,11,26853
58820,12,21083
58820,13,44705
14421,1,19812
14421,2,20627
14421,3,19753
14421,4,19879
14421,5,20290
14421,6,20499
14421,7,19661
14421,8,19800
14421,9,20193
14421,10,19601
14421,11,20108
14421,12,20096
14421,13,20004
14421,14,19490
14421,15,20391
14421,16,19765
14421,17,19894
14421,18,19838
14421,19,20153
14421,20,19988
14421,21,19662
14421,22,19871
14421,23,19828
14421,24,20272
14421,25,20267
14421,26,19978
14421,27,20954
14421,28,20076
14421,29,20340
14421,30,20221
14421,31,20013
14421,32,20378
14421,33,20165
14421,34,21096
14421,35,17842
24375,1,18195
24375,2,18536
24375,3,18922
24375,4,18757
24375,5,13102
768,1,22075
768,2,31030
768,3,39165
768,4,26220
768,5,19156
768,6,25784
768,7,34047
768,8,30835
768,9,47057
768,10,49224
768,11,34906
768,12,39662
768,13,36188
768,14,30028
768,15,28700
768,16,20925
768,17,51126
768,18,31957
768,19,20261
768,20,23545
768,21,48504
768,22,24376
768,23,28024
768,24,32801
768,25,18514
768,26,19814
768,27,37979
768,28,25640
768,29,23215
768,30,24008
768,31,23556
768,32,35013
768,33,29160
768,34,36210
