# commit 79f5014; docs/PREREG-simulatore-fase2.md (emendamento 1); stato SIMULATO
# fonte: nessun dato del lab: books.csv, chapter_sizes.csv, honeypot_contiguity.csv dal repository; Q-REAL p_r 0.190751953 p_c 0.037933502
session,policy,point,seed,H,req_human,req_agentic,req_exhaustive,miss_human,miss_agentic,miss_exhaustive,miss_share_human,miss_share_agentic,miss_share_exhaustive,origin_rps,n_object_avg,body_bytes_per_req,stato
GEN,LRU,S12,1,512,34297,7371,17232,7938,1351,14212,0.231449,0.183286,0.824745,37.904839,5239.863,24970.706,SIMULATO
GEN,SIEVE,S12,1,512,34297,7371,17232,6548,421,12744,0.190920,0.057116,0.739554,31.795161,5157.910,24970.706,SIMULATO
GEN,S3FIFO,S12,1,512,34297,7371,17232,6932,572,13372,0.202117,0.077601,0.775998,33.670968,5224.492,24970.706,SIMULATO
GEN,WTinyLFU,S12,1,512,34297,7371,17232,6292,350,12293,0.183456,0.047483,0.713382,30.540323,5745.742,24970.706,SIMULATO
GEN,LRU,S12,2,512,34120,7459,17321,7952,1392,14266,0.233060,0.186620,0.823625,38.080645,5243.434,24862.959,SIMULATO
GEN,SIEVE,S12,2,512,34120,7459,17321,6470,414,12780,0.189625,0.055503,0.737833,31.716129,5223.179,24862.959,SIMULATO
GEN,S3FIFO,S12,2,512,34120,7459,17321,6902,598,13460,0.202286,0.080172,0.777091,33.806452,5249.708,24862.959,SIMULATO
GEN,WTinyLFU,S12,2,512,34120,7459,17321,6114,366,12080,0.179191,0.049068,0.697419,29.935484,5871.839,24862.959,SIMULATO
GEN,LRU,S12,3,512,34010,7574,17316,7740,1378,14299,0.227580,0.181938,0.825768,37.769355,5201.963,24903.821,SIMULATO
GEN,SIEVE,S12,3,512,34010,7574,17316,6547,430,12831,0.192502,0.056773,0.740991,31.948387,5087.931,24903.821,SIMULATO
GEN,S3FIFO,S12,3,512,34010,7574,17316,6705,569,13414,0.197148,0.075125,0.774659,33.367742,5209.219,24903.821,SIMULATO
GEN,WTinyLFU,S12,3,512,34010,7574,17316,6111,354,12102,0.179682,0.046739,0.698891,29.946774,5819.539,24903.821,SIMULATO
GEN,LRU,S12,4,512,34076,7447,17377,7970,1358,14450,0.233889,0.182355,0.831559,38.351613,5171.231,25177.640,SIMULATO
GEN,SIEVE,S12,4,512,34076,7447,17377,6410,425,12819,0.188109,0.057070,0.737699,31.700000,5235.579,25177.640,SIMULATO
GEN,S3FIFO,S12,4,512,34076,7447,17377,6833,619,13604,0.200522,0.083121,0.782874,33.961290,5189.634,25177.640,SIMULATO
GEN,WTinyLFU,S12,4,512,34076,7447,17377,6069,398,12209,0.178102,0.053444,0.702595,30.122581,5818.271,25177.640,SIMULATO
GEN,LRU,S12,5,512,34016,7483,17401,7789,1402,14371,0.228980,0.187358,0.825872,38.003226,5158.700,25236.810,SIMULATO
GEN,SIEVE,S12,5,512,34016,7483,17401,6384,411,12797,0.187676,0.054924,0.735418,31.600000,5129.152,25236.810,SIMULATO
GEN,S3FIFO,S12,5,512,34016,7483,17401,6687,561,13548,0.196584,0.074970,0.778576,33.541935,5121.463,25236.810,SIMULATO
GEN,WTinyLFU,S12,5,512,34016,7483,17401,6024,397,12127,0.177093,0.053054,0.696914,29.916129,5795.121,25236.810,SIMULATO
GEN,LRU,S12,6,512,34243,7446,17211,7884,1441,14192,0.230237,0.193527,0.824589,37.930645,5207.785,24987.890,SIMULATO
GEN,SIEVE,S12,6,512,34243,7446,17211,6576,396,12688,0.192039,0.053183,0.737203,31.709677,5164.411,24987.890,SIMULATO
GEN,S3FIFO,S12,6,512,34243,7446,17211,6831,581,13350,0.199486,0.078028,0.775667,33.487097,5206.552,24987.890,SIMULATO
GEN,WTinyLFU,S12,6,512,34243,7446,17211,6090,416,12105,0.177847,0.055869,0.703329,30.017742,5811.239,24987.890,SIMULATO
GEN,LRU,S12,7,512,34062,7399,17439,7782,1338,14386,0.228466,0.180835,0.824933,37.912903,5200.255,24977.795,SIMULATO
GEN,SIEVE,S12,7,512,34062,7399,17439,6404,430,12871,0.188010,0.058116,0.738058,31.782258,5207.526,24977.795,SIMULATO
GEN,S3FIFO,S12,7,512,34062,7399,17439,6691,569,13588,0.196436,0.076902,0.779173,33.625806,5226.132,24977.795,SIMULATO
GEN,WTinyLFU,S12,7,512,34062,7399,17439,6089,401,12224,0.178762,0.054197,0.700958,30.183871,5808.735,24977.795,SIMULATO
GEN,LRU,S12,8,512,33953,7422,17525,7783,1337,14403,0.229229,0.180140,0.821854,37.940323,5215.795,24963.358,SIMULATO
GEN,SIEVE,S12,8,512,33953,7422,17525,6402,418,12982,0.188555,0.056319,0.740770,31.938710,5255.444,24963.358,SIMULATO
GEN,S3FIFO,S12,8,512,33953,7422,17525,6770,582,13637,0.199393,0.078416,0.778146,33.853226,5195.411,24963.358,SIMULATO
GEN,WTinyLFU,S12,8,512,33953,7422,17525,6108,413,12275,0.179896,0.055645,0.700428,30.316129,5858.623,24963.358,SIMULATO
GEN,LRU,S12,9,512,33984,7550,17366,7735,1368,14365,0.227607,0.181192,0.827191,37.851613,5191.965,25046.697,SIMULATO
GEN,SIEVE,S12,9,512,33984,7550,17366,6430,376,12854,0.189207,0.049801,0.740182,31.709677,5175.063,25046.697,SIMULATO
GEN,S3FIFO,S12,9,512,33984,7550,17366,6644,545,13476,0.195504,0.072185,0.775999,33.330645,5229.632,25046.697,SIMULATO
GEN,WTinyLFU,S12,9,512,33984,7550,17366,5964,351,12121,0.175494,0.046490,0.697973,29.735484,5850.382,25046.697,SIMULATO
GEN,LRU,S12,10,512,33862,7432,17606,7971,1368,14510,0.235397,0.184069,0.824151,38.466129,5178.129,25027.251,SIMULATO
GEN,SIEVE,S12,10,512,33862,7432,17606,6525,388,12928,0.192694,0.052207,0.734295,32.001613,5160.295,25027.251,SIMULATO
GEN,S3FIFO,S12,10,512,33862,7432,17606,6823,569,13654,0.201494,0.076561,0.775531,33.945161,5187.239,25027.251,SIMULATO
GEN,WTinyLFU,S12,10,512,33862,7432,17606,6227,347,12314,0.183893,0.046690,0.699421,30.464516,5849.095,25027.251,SIMULATO
GEN,LRU,S12,11,512,34145,7456,17299,7915,1376,14302,0.231806,0.184549,0.826753,38.053226,5201.585,24959.543,SIMULATO
GEN,SIEVE,S12,11,512,34145,7456,17299,6462,339,12873,0.189252,0.045467,0.744147,31.732258,5176.527,24959.543,SIMULATO
GEN,S3FIFO,S12,11,512,34145,7456,17299,6872,573,13555,0.201259,0.076851,0.783571,33.870968,5225.729,24959.543,SIMULATO
GEN,WTinyLFU,S12,11,512,34145,7456,17299,6110,347,12203,0.178943,0.046540,0.705416,30.096774,5851.113,24959.543,SIMULATO
GEN,LRU,S12,12,512,34139,7413,17348,7937,1389,14335,0.232491,0.187374,0.826320,38.162903,5197.771,25042.354,SIMULATO
GEN,SIEVE,S12,12,512,34139,7413,17348,6492,389,12788,0.190164,0.052475,0.737145,31.724194,5241.702,25042.354,SIMULATO
GEN,S3FIFO,S12,12,512,34139,7413,17348,6854,608,13566,0.200767,0.082018,0.781992,33.916129,5181.963,25042.354,SIMULATO
GEN,WTinyLFU,S12,12,512,34139,7413,17348,6095,374,12130,0.178535,0.050452,0.699216,29.998387,5813.205,25042.354,SIMULATO
GEN,LRU,S12,13,512,34016,7469,17415,7614,1390,14317,0.223836,0.186103,0.822107,37.614516,5218.077,25015.460,SIMULATO
GEN,SIEVE,S12,13,512,34016,7469,17415,6264,409,12784,0.184149,0.054760,0.734080,31.382258,5201.008,25015.460,SIMULATO
GEN,S3FIFO,S12,13,512,34016,7469,17415,6578,554,13508,0.193380,0.074173,0.775653,33.290323,5216.739,25015.460,SIMULATO
GEN,WTinyLFU,S12,13,512,34016,7469,17415,6025,336,12201,0.177123,0.044986,0.700603,29.938710,5769.523,25015.460,SIMULATO
GEN,LRU,S12,14,512,33834,7478,17588,7796,1401,14527,0.230419,0.187350,0.825961,38.264516,5184.429,24994.442,SIMULATO
GEN,SIEVE,S12,14,512,33834,7478,17588,6361,392,12920,0.188006,0.052420,0.734592,31.730645,5227.387,24994.442,SIMULATO
GEN,S3FIFO,S12,14,512,33834,7478,17588,6751,551,13677,0.199533,0.073683,0.777632,33.837097,5207.460,24994.442,SIMULATO
GEN,WTinyLFU,S12,14,512,33834,7478,17588,6071,366,12383,0.179435,0.048944,0.704060,30.354839,5797.815,24994.442,SIMULATO
GEN,LRU,S12,15,512,34208,7268,17424,7923,1347,14341,0.231612,0.185333,0.823060,38.082258,5160.823,25204.233,SIMULATO
GEN,SIEVE,S12,15,512,34208,7268,17424,6418,391,12754,0.187617,0.053797,0.731979,31.553226,5232.024,25204.233,SIMULATO
GEN,S3FIFO,S12,15,512,34208,7268,17424,6754,559,13538,0.197439,0.076912,0.776974,33.630645,5152.126,25204.233,SIMULATO
GEN,WTinyLFU,S12,15,512,34208,7268,17424,6087,366,12149,0.177941,0.050358,0.697257,30.003226,5829.848,25204.233,SIMULATO
GEN,LRU,S12,16,512,34183,7307,17410,7960,1426,14379,0.232864,0.195155,0.825905,38.330645,5181.956,24970.970,SIMULATO
GEN,SIEVE,S12,16,512,34183,7307,17410,6472,396,12815,0.189334,0.054195,0.736071,31.746774,5216.089,24970.970,SIMULATO
GEN,S3FIFO,S12,16,512,34183,7307,17410,6903,573,13547,0.201942,0.078418,0.778116,33.908065,5166.684,24970.970,SIMULATO
GEN,WTinyLFU,S12,16,512,34183,7307,17410,6173,327,12232,0.180587,0.044752,0.702585,30.212903,5840.618,24970.970,SIMULATO
GEN,LRU,S12,17,512,34117,7320,17463,7857,1370,14364,0.230296,0.187158,0.822539,38.050000,5226.708,24989.349,SIMULATO
GEN,SIEVE,S12,17,512,34117,7320,17463,6459,382,12866,0.189319,0.052186,0.736758,31.785484,5227.755,24989.349,SIMULATO
GEN,S3FIFO,S12,17,512,34117,7320,17463,6807,591,13534,0.199519,0.080738,0.775010,33.761290,5276.335,24989.349,SIMULATO
GEN,WTinyLFU,S12,17,512,34117,7320,17463,6088,349,12193,0.178445,0.047678,0.698219,30.048387,5873.053,24989.349,SIMULATO
GEN,LRU,S12,18,512,34095,7367,17438,7855,1409,14366,0.230386,0.191258,0.823833,38.112903,5224.342,24881.580,SIMULATO
GEN,SIEVE,S12,18,512,34095,7367,17438,6454,449,12811,0.189295,0.060947,0.734660,31.796774,5268.011,24881.580,SIMULATO
GEN,S3FIFO,S12,18,512,34095,7367,17438,6833,655,13502,0.200411,0.088910,0.774286,33.854839,5231.431,24881.580,SIMULATO
GEN,WTinyLFU,S12,18,512,34095,7367,17438,6171,396,12169,0.180994,0.053753,0.697844,30.219355,5853.931,24881.580,SIMULATO
GEN,LRU,S12,19,512,34133,7415,17352,7929,1328,14290,0.232297,0.179096,0.823536,37.979032,5206.373,24900.093,SIMULATO
GEN,SIEVE,S12,19,512,34133,7415,17352,6496,360,12796,0.190314,0.048550,0.737437,31.696774,5234.990,24900.093,SIMULATO
GEN,S3FIFO,S12,19,512,34133,7415,17352,6742,559,13382,0.197521,0.075388,0.771208,33.359677,5229.016,24900.093,SIMULATO
GEN,WTinyLFU,S12,19,512,34133,7415,17352,6113,315,12161,0.179094,0.042481,0.700841,29.982258,5798.627,24900.093,SIMULATO
GEN,LRU,S12,20,512,34260,7381,17259,7778,1332,14128,0.227029,0.180463,0.818587,37.480645,5218.681,25072.947,SIMULATO
GEN,SIEVE,S12,20,512,34260,7381,17259,6354,423,12597,0.185464,0.057309,0.729880,31.248387,5236.929,25072.947,SIMULATO
GEN,S3FIFO,S12,20,512,34260,7381,17259,6740,557,13226,0.196731,0.075464,0.766325,33.101613,5235.648,25072.947,SIMULATO
GEN,WTinyLFU,S12,20,512,34260,7381,17259,6121,376,12052,0.178663,0.050942,0.698302,29.917742,5860.621,25072.947,SIMULATO
GEN,LRU,S36,1,512,34207,22163,17410,8146,1007,13929,0.238138,0.045436,0.800057,37.229032,5206.082,24437.829,SIMULATO
GEN,SIEVE,S36,1,512,34207,22163,17410,6561,42,13135,0.191803,0.001895,0.754451,31.835484,5194.223,24437.829,SIMULATO
GEN,S3FIFO,S36,1,512,34207,22163,17410,7011,69,13032,0.204958,0.003113,0.748535,32.438710,5213.456,24437.829,SIMULATO
GEN,WTinyLFU,S36,1,512,34207,22163,17410,6389,36,12073,0.186775,0.001624,0.693452,29.835484,5806.998,24437.829,SIMULATO
GEN,LRU,S36,2,512,34068,22466,17246,7955,989,13805,0.233504,0.044022,0.800475,36.691935,5238.476,24319.778,SIMULATO
GEN,SIEVE,S36,2,512,34068,22466,17246,6419,9,12997,0.188417,0.000401,0.753624,31.330645,5229.084,24319.778,SIMULATO
GEN,S3FIFO,S36,2,512,34068,22466,17246,6774,40,12707,0.198838,0.001780,0.736809,31.485484,5248.173,24319.778,SIMULATO
GEN,WTinyLFU,S36,2,512,34068,22466,17246,6193,18,12014,0.181783,0.000801,0.696625,29.395161,5761.666,24319.778,SIMULATO
GEN,LRU,S36,3,512,33943,22522,17315,7928,992,13881,0.233568,0.044046,0.801675,36.775806,5254.445,24182.424,SIMULATO
GEN,SIEVE,S36,3,512,33943,22522,17315,6470,35,13027,0.190614,0.001554,0.752353,31.503226,5212.484,24182.424,SIMULATO
GEN,S3FIFO,S36,3,512,33943,22522,17315,6716,69,12793,0.197861,0.003064,0.738839,31.577419,5268.629,24182.424,SIMULATO
GEN,WTinyLFU,S36,3,512,33943,22522,17315,6198,44,12021,0.182600,0.001954,0.694254,29.456452,5821.008,24182.424,SIMULATO
GEN,LRU,S36,4,512,33992,22326,17462,8136,1041,13968,0.239350,0.046627,0.799908,37.330645,5203.147,24382.457,SIMULATO
GEN,SIEVE,S36,4,512,33992,22326,17462,6590,33,13018,0.193869,0.001478,0.745505,31.679032,5246.760,24382.457,SIMULATO
GEN,S3FIFO,S36,4,512,33992,22326,17462,6921,66,13009,0.203607,0.002956,0.744989,32.251613,5182.113,24382.457,SIMULATO
GEN,WTinyLFU,S36,4,512,33992,22326,17462,6326,45,12088,0.186103,0.002016,0.692246,29.772581,5816.568,24382.457,SIMULATO
GEN,LRU,S36,5,512,33972,22382,17426,7866,944,13984,0.231544,0.042177,0.802479,36.764516,5212.144,24429.958,SIMULATO
GEN,SIEVE,S36,5,512,33972,22382,17426,6476,21,13123,0.190628,0.000938,0.753070,31.645161,5205.756,24429.958,SIMULATO
GEN,S3FIFO,S36,5,512,33972,22382,17426,6779,48,12998,0.199547,0.002145,0.745897,31.975806,5214.873,24429.958,SIMULATO
GEN,WTinyLFU,S36,5,512,33972,22382,17426,6241,14,12103,0.183710,0.000626,0.694537,29.609677,5774.769,24429.958,SIMULATO
GEN,LRU,S36,6,512,34133,22290,17357,8009,1094,13794,0.234641,0.049080,0.794723,36.930645,5199.898,24422.873,SIMULATO
GEN,SIEVE,S36,6,512,34133,22290,17357,6438,27,12885,0.188615,0.001211,0.742352,31.209677,5193.969,24422.873,SIMULATO
GEN,S3FIFO,S36,6,512,34133,22290,17357,6856,62,12855,0.200861,0.002782,0.740623,31.891935,5169.261,24422.873,SIMULATO
GEN,WTinyLFU,S36,6,512,34133,22290,17357,6270,30,11999,0.183693,0.001346,0.691306,29.514516,5757.142,24422.873,SIMULATO
GEN,LRU,S36,7,512,34135,22144,17501,7918,998,13994,0.231961,0.045069,0.799611,36.951613,5246.034,24399.583,SIMULATO
GEN,SIEVE,S36,7,512,34135,22144,17501,6460,25,13184,0.189249,0.001129,0.753328,31.724194,5184.211,24399.583,SIMULATO
GEN,S3FIFO,S36,7,512,34135,22144,17501,6797,57,13015,0.199121,0.002574,0.743672,32.046774,5223.076,24399.583,SIMULATO
GEN,WTinyLFU,S36,7,512,34135,22144,17501,6246,39,12177,0.182979,0.001761,0.695789,29.777419,5773.863,24399.583,SIMULATO
GEN,LRU,S36,8,512,34006,22312,17462,7935,1040,13914,0.233341,0.046612,0.796816,36.917742,5235.832,24304.255,SIMULATO
GEN,SIEVE,S36,8,512,34006,22312,17462,6488,25,12998,0.190790,0.001120,0.744359,31.469355,5249.577,24304.255,SIMULATO
GEN,S3FIFO,S36,8,512,34006,22312,17462,6825,58,12864,0.200700,0.002599,0.736685,31.850000,5245.082,24304.255,SIMULATO
GEN,WTinyLFU,S36,8,512,34006,22312,17462,6251,40,12060,0.183821,0.001793,0.690643,29.598387,5761.840,24304.255,SIMULATO
GEN,LRU,S36,9,512,33924,22343,17513,7968,1027,14038,0.234878,0.045965,0.801576,37.150000,5216.810,24411.443,SIMULATO
GEN,SIEVE,S36,9,512,33924,22343,17513,6461,24,13145,0.190455,0.001074,0.750585,31.661290,5184.418,24411.443,SIMULATO
GEN,S3FIFO,S36,9,512,33924,22343,17513,6802,62,13012,0.200507,0.002775,0.742991,32.058065,5221.526,24411.443,SIMULATO
GEN,WTinyLFU,S36,9,512,33924,22343,17513,6258,36,12063,0.184471,0.001611,0.688803,29.608065,5814.652,24411.443,SIMULATO
GEN,LRU,S36,10,512,33953,22236,17591,8128,1060,14063,0.239390,0.047670,0.799443,37.501613,5190.685,24399.758,SIMULATO
GEN,SIEVE,S36,10,512,33953,22236,17591,6586,35,13206,0.193974,0.001574,0.750725,31.979032,5173.684,24399.758,SIMULATO
GEN,S3FIFO,S36,10,512,33953,22236,17591,7019,58,13156,0.206727,0.002608,0.747882,32.633871,5182.215,24399.758,SIMULATO
GEN,WTinyLFU,S36,10,512,33953,22236,17591,6378,18,12216,0.187848,0.000809,0.694446,30.019355,5766.935,24399.758,SIMULATO
GEN,LRU,S36,11,512,34248,22303,17229,7907,941,13732,0.230875,0.042192,0.797028,36.419355,5246.018,24279.140,SIMULATO
GEN,SIEVE,S36,11,512,34248,22303,17229,6402,33,12931,0.186931,0.001480,0.750537,31.235484,5208.426,24279.140,SIMULATO
GEN,S3FIFO,S36,11,512,34248,22303,17229,6798,72,12655,0.198493,0.003228,0.734517,31.491935,5239.842,24279.140,SIMULATO
GEN,WTinyLFU,S36,11,512,34248,22303,17229,6213,46,11968,0.181412,0.002063,0.694643,29.398387,5786.356,24279.140,SIMULATO
GEN,LRU,S36,12,512,34004,22349,17427,8007,999,13909,0.235472,0.044700,0.798129,36.959677,5230.187,24311.912,SIMULATO
GEN,SIEVE,S36,12,512,34004,22349,17427,6552,30,13190,0.192683,0.001342,0.756872,31.890323,5099.032,24311.912,SIMULATO
GEN,S3FIFO,S36,12,512,34004,22349,17427,6868,58,13012,0.201976,0.002595,0.746657,32.158065,5241.924,24311.912,SIMULATO
GEN,WTinyLFU,S36,12,512,34004,22349,17427,6200,29,12122,0.182331,0.001298,0.695587,29.598387,5769.805,24311.912,SIMULATO
GEN,LRU,S36,13,512,34022,22386,17372,7827,964,13858,0.230057,0.043063,0.797720,36.530645,5204.221,24430.128,SIMULATO
GEN,SIEVE,S36,13,512,34022,22386,17372,6430,26,13032,0.188995,0.001161,0.750173,31.432258,5129.765,24430.128,SIMULATO
GEN,S3FIFO,S36,13,512,34022,22386,17372,6716,55,12767,0.197402,0.002457,0.734918,31.512903,5202.948,24430.128,SIMULATO
GEN,WTinyLFU,S36,13,512,34022,22386,17372,6195,29,11972,0.182088,0.001295,0.689155,29.348387,5727.410,24430.128,SIMULATO
GEN,LRU,S36,14,512,33949,22387,17444,7934,965,13996,0.233703,0.043105,0.802339,36.927419,5253.181,24232.304,SIMULATO
GEN,SIEVE,S36,14,512,33949,22387,17444,6440,27,13117,0.189696,0.001206,0.751949,31.587097,5243.442,24232.304,SIMULATO
GEN,S3FIFO,S36,14,512,33949,22387,17444,6729,54,12921,0.198209,0.002412,0.740713,31.780645,5258.448,24232.304,SIMULATO
GEN,WTinyLFU,S36,14,512,33949,22387,17444,6236,35,12062,0.183687,0.001563,0.691470,29.569355,5769.756,24232.304,SIMULATO
GEN,LRU,S36,15,512,34175,22142,17463,7993,1058,14011,0.233884,0.047782,0.802325,37.196774,5223.432,24379.249,SIMULATO
GEN,SIEVE,S36,15,512,34175,22142,17463,6520,18,13104,0.190783,0.000813,0.750387,31.680645,5218.127,24379.249,SIMULATO
GEN,S3FIFO,S36,15,512,34175,22142,17463,6908,37,12957,0.202136,0.001671,0.741969,32.100000,5229.215,24379.249,SIMULATO
GEN,WTinyLFU,S36,15,512,34175,22142,17463,6260,15,12128,0.183175,0.000677,0.694497,29.682258,5787.461,24379.249,SIMULATO
GEN,LRU,S36,16,512,34148,22308,17324,8097,972,13855,0.237115,0.043572,0.799758,36.974194,5213.589,24231.533,SIMULATO
GEN,SIEVE,S36,16,512,34148,22308,17324,6588,17,12997,0.192925,0.000762,0.750231,31.616129,5224.755,24231.533,SIMULATO
GEN,S3FIFO,S36,16,512,34148,22308,17324,6946,56,12725,0.203409,0.002510,0.734530,31.817742,5248.471,24231.533,SIMULATO
GEN,WTinyLFU,S36,16,512,34148,22308,17324,6395,25,12029,0.187273,0.001121,0.694355,29.756452,5808.332,24231.533,SIMULATO
GEN,LRU,S36,17,512,33970,22431,17379,7833,1001,13870,0.230586,0.044626,0.798090,36.619355,5213.811,24412.145,SIMULATO
GEN,SIEVE,S36,17,512,33970,22431,17379,6287,47,12993,0.185075,0.002095,0.747626,31.172581,5231.144,24412.145,SIMULATO
GEN,S3FIFO,S36,17,512,33970,22431,17379,6692,86,12892,0.196997,0.003834,0.741815,31.725806,5227.755,24412.145,SIMULATO
GEN,WTinyLFU,S36,17,512,33970,22431,17379,6115,37,12006,0.180012,0.001650,0.690834,29.287097,5832.302,24412.145,SIMULATO
GEN,LRU,S36,18,512,34072,22343,17365,7959,1012,13861,0.233594,0.045294,0.798215,36.825806,5253.465,24280.391,SIMULATO
GEN,SIEVE,S36,18,512,34072,22343,17365,6433,23,13048,0.188806,0.001029,0.751396,31.458065,5203.576,24280.391,SIMULATO
GEN,S3FIFO,S36,18,512,34072,22343,17365,6829,41,12852,0.200429,0.001835,0.740109,31.809677,5262.750,24280.391,SIMULATO
GEN,WTinyLFU,S36,18,512,34072,22343,17365,6320,24,12129,0.185490,0.001074,0.698474,29.795161,5744.082,24280.391,SIMULATO
GEN,LRU,S36,19,512,34114,22331,17335,7977,1027,13898,0.233834,0.045990,0.801731,36.938710,5203.689,24323.207,SIMULATO
GEN,SIEVE,S36,19,512,34114,22331,17335,6358,37,13066,0.186375,0.001657,0.753735,31.388710,5183.498,24323.207,SIMULATO
GEN,S3FIFO,S36,19,512,34114,22331,17335,6742,68,13013,0.197631,0.003045,0.750678,31.972581,5175.587,24323.207,SIMULATO
GEN,WTinyLFU,S36,19,512,34114,22331,17335,6078,33,12002,0.178167,0.001478,0.692357,29.214516,5763.647,24323.207,SIMULATO
GEN,LRU,S36,20,512,34190,22244,17346,8171,1037,13772,0.238988,0.046619,0.793958,37.064516,5205.308,24471.790,SIMULATO
GEN,SIEVE,S36,20,512,34190,22244,17346,6596,36,12853,0.192922,0.001618,0.740978,31.427419,5225.373,24471.790,SIMULATO
GEN,S3FIFO,S36,20,512,34190,22244,17346,6947,80,12813,0.203188,0.003596,0.738672,32.000000,5212.873,24471.790,SIMULATO
GEN,WTinyLFU,S36,20,512,34190,22244,17346,6387,31,11904,0.186809,0.001394,0.686268,29.551613,5816.347,24471.790,SIMULATO
GEN,LRU,C12,1,512,34297,7371,17232,7733,884,14315,0.225472,0.119929,0.830722,36.987097,5208.521,25277.707,SIMULATO
GEN,SIEVE,C12,1,512,34297,7371,17232,6382,236,12849,0.186080,0.032017,0.745648,31.398387,5108.732,25277.707,SIMULATO
GEN,S3FIFO,C12,1,512,34297,7371,17232,6791,333,13543,0.198006,0.045177,0.785922,33.333871,5170.221,25277.707,SIMULATO
GEN,WTinyLFU,C12,1,512,34297,7371,17232,6108,241,12173,0.178091,0.032696,0.706418,29.874194,5743.716,25277.707,SIMULATO
GEN,LRU,C12,2,512,34120,7459,17321,7733,891,14359,0.226641,0.119453,0.828994,37.069355,5213.808,25129.600,SIMULATO
GEN,SIEVE,C12,2,512,34120,7459,17321,6267,205,12874,0.183675,0.027484,0.743260,31.203226,5178.985,25129.600,SIMULATO
GEN,S3FIFO,C12,2,512,34120,7459,17321,6693,348,13541,0.196161,0.046655,0.781768,33.196774,5239.824,25129.600,SIMULATO
GEN,WTinyLFU,C12,2,512,34120,7459,17321,5927,203,12137,0.173710,0.027215,0.700710,29.462903,5813.131,25129.600,SIMULATO
GEN,LRU,C12,3,512,34010,7574,17316,7504,922,14396,0.220641,0.121732,0.831370,36.809677,5164.155,25180.470,SIMULATO
GEN,SIEVE,C12,3,512,34010,7574,17316,6337,237,12942,0.186328,0.031291,0.747401,31.477419,5036.689,25180.470,SIMULATO
GEN,S3FIFO,C12,3,512,34010,7574,17316,6533,368,13464,0.192091,0.048587,0.777547,32.846774,5160.397,25180.470,SIMULATO
GEN,WTinyLFU,C12,3,512,34010,7574,17316,5760,220,12007,0.169362,0.029047,0.693405,29.011290,5822.897,25180.470,SIMULATO
GEN,LRU,C12,4,512,34076,7447,17377,7745,876,14530,0.227286,0.117631,0.836163,37.340323,5135.889,25485.975,SIMULATO
GEN,SIEVE,C12,4,512,34076,7447,17377,6221,244,12919,0.182563,0.032765,0.743454,31.264516,5198.829,25485.975,SIMULATO
GEN,S3FIFO,C12,4,512,34076,7447,17377,6693,331,13681,0.196414,0.044447,0.787305,33.395161,5145.373,25485.975,SIMULATO
GEN,WTinyLFU,C12,4,512,34076,7447,17377,5874,233,12215,0.172379,0.031288,0.702941,29.551613,5812.994,25485.975,SIMULATO
GEN,LRU,C12,5,512,34016,7483,17401,7591,923,14509,0.223160,0.123346,0.833803,37.133871,5128.003,25461.229,SIMULATO
GEN,SIEVE,C12,5,512,34016,7483,17401,6168,243,12993,0.181326,0.032474,0.746681,31.296774,5095.281,25461.229,SIMULATO
GEN,S3FIFO,C12,5,512,34016,7483,17401,6503,343,13727,0.191175,0.045837,0.788863,33.182258,5111.147,25461.229,SIMULATO
GEN,WTinyLFU,C12,5,512,34016,7483,17401,5848,232,12167,0.171919,0.031004,0.699213,29.430645,5736.656,25461.229,SIMULATO
GEN,LRU,C12,6,512,34243,7446,17211,7721,947,14324,0.225477,0.127182,0.832258,37.083871,5169.990,25280.882,SIMULATO
GEN,SIEVE,C12,6,512,34243,7446,17211,6430,248,12820,0.187776,0.033306,0.744872,31.448387,5111.648,25280.882,SIMULATO
GEN,S3FIFO,C12,6,512,34243,7446,17211,6696,374,13573,0.195544,0.050228,0.788624,33.295161,5155.666,25280.882,SIMULATO
GEN,WTinyLFU,C12,6,512,34243,7446,17211,5993,248,12159,0.175014,0.033306,0.706467,29.677419,5752.410,25280.882,SIMULATO
GEN,LRU,C12,7,512,34062,7399,17439,7613,904,14550,0.223504,0.122179,0.834337,37.204839,5163.568,25331.919,SIMULATO
GEN,SIEVE,C12,7,512,34062,7399,17439,6272,245,13054,0.184135,0.033113,0.748552,31.566129,5170.955,25331.919,SIMULATO
GEN,S3FIFO,C12,7,512,34062,7399,17439,6567,358,13789,0.192795,0.048385,0.790699,33.409677,5181.544,25331.919,SIMULATO
GEN,WTinyLFU,C12,7,512,34062,7399,17439,5937,230,12223,0.174300,0.031085,0.700900,29.661290,5796.779,25331.919,SIMULATO
GEN,LRU,C12,8,512,33953,7422,17525,7548,848,14529,0.222307,0.114255,0.829044,36.975806,5192.829,25217.246,SIMULATO
GEN,SIEVE,C12,8,512,33953,7422,17525,6183,249,13112,0.182105,0.033549,0.748188,31.522581,5222.737,25217.246,SIMULATO
GEN,S3FIFO,C12,8,512,33953,7422,17525,6638,331,13835,0.195506,0.044597,0.789444,33.554839,5165.135,25217.246,SIMULATO
GEN,WTinyLFU,C12,8,512,33953,7422,17525,5981,217,12291,0.176155,0.029237,0.701341,29.820968,5777.465,25217.246,SIMULATO
GEN,LRU,C12,9,512,33984,7550,17366,7603,916,14514,0.223723,0.121325,0.835771,37.150000,5152.047,25354.681,SIMULATO
GEN,SIEVE,C12,9,512,33984,7550,17366,6299,239,12973,0.185352,0.031656,0.747034,31.469355,5114.592,25354.681,SIMULATO
GEN,S3FIFO,C12,9,512,33984,7550,17366,6611,306,13540,0.194533,0.040530,0.779684,32.995161,5169.426,25354.681,SIMULATO
GEN,WTinyLFU,C12,9,512,33984,7550,17366,5972,237,12120,0.175730,0.031391,0.697915,29.562903,5819.677,25354.681,SIMULATO
GEN,LRU,C12,10,512,33862,7432,17606,7746,871,14640,0.228752,0.117196,0.831535,37.511290,5149.323,25306.950,SIMULATO
GEN,SIEVE,C12,10,512,33862,7432,17606,6318,235,13110,0.186581,0.031620,0.744633,31.714516,5107.365,25306.950,SIMULATO
GEN,S3FIFO,C12,10,512,33862,7432,17606,6693,320,13848,0.197655,0.043057,0.786550,33.646774,5144.640,25306.950,SIMULATO
GEN,WTinyLFU,C12,10,512,33862,7432,17606,5974,227,12315,0.176422,0.030544,0.699477,29.864516,5800.782,25306.950,SIMULATO
GEN,LRU,C12,11,512,34145,7456,17299,7742,883,14400,0.226739,0.118428,0.832418,37.137097,5170.113,25228.363,SIMULATO
GEN,SIEVE,C12,11,512,34145,7456,17299,6302,225,12984,0.184566,0.030177,0.750564,31.469355,5126.611,25228.363,SIMULATO
GEN,S3FIFO,C12,11,512,34145,7456,17299,6742,341,13710,0.197452,0.045735,0.792531,33.537097,5173.494,25228.363,SIMULATO
GEN,WTinyLFU,C12,11,512,34145,7456,17299,5986,224,12150,0.175311,0.030043,0.702353,29.612903,5809.476,25228.363,SIMULATO
GEN,LRU,C12,12,512,34139,7413,17348,7770,883,14473,0.227599,0.119115,0.834275,37.300000,5162.761,25285.444,SIMULATO
GEN,SIEVE,C12,12,512,34139,7413,17348,6304,238,12956,0.184657,0.032106,0.746830,31.448387,5156.850,25285.444,SIMULATO
GEN,S3FIFO,C12,12,512,34139,7413,17348,6718,373,13703,0.196784,0.050317,0.789889,33.538710,5115.884,25285.444,SIMULATO
GEN,WTinyLFU,C12,12,512,34139,7413,17348,5957,245,12244,0.174493,0.033050,0.705787,29.751613,5792.326,25285.444,SIMULATO
GEN,LRU,C12,13,512,34016,7469,17415,7424,882,14437,0.218250,0.118088,0.828998,36.682258,5187.008,25259.386,SIMULATO
GEN,SIEVE,C12,13,512,34016,7469,17415,6100,220,12960,0.179327,0.029455,0.744186,31.096774,5151.410,25259.386,SIMULATO
GEN,S3FIFO,C12,13,512,34016,7469,17415,6445,344,13630,0.189470,0.046057,0.782659,32.933871,5177.565,25259.386,SIMULATO
GEN,WTinyLFU,C12,13,512,34016,7469,17415,5871,199,12212,0.172595,0.026643,0.701235,29.487097,5745.347,25259.386,SIMULATO
GEN,LRU,C12,14,512,33834,7478,17588,7580,926,14649,0.224035,0.123830,0.832897,37.346774,5151.213,25272.281,SIMULATO
GEN,SIEVE,C12,14,512,33834,7478,17588,6161,223,13057,0.182095,0.029821,0.742381,31.356452,5173.021,25272.281,SIMULATO
GEN,S3FIFO,C12,14,512,33834,7478,17588,6569,342,13850,0.194154,0.045734,0.787469,33.485484,5159.819,25272.281,SIMULATO
GEN,WTinyLFU,C12,14,512,33834,7478,17588,5852,217,12440,0.172962,0.029018,0.707300,29.853226,5748.123,25272.281,SIMULATO
GEN,LRU,C12,15,512,34208,7268,17424,7758,896,14514,0.226789,0.123280,0.832989,37.367742,5123.565,25509.199,SIMULATO
GEN,SIEVE,C12,15,512,34208,7268,17424,6253,212,12919,0.182793,0.029169,0.741449,31.264516,5179.247,25509.199,SIMULATO
GEN,S3FIFO,C12,15,512,34208,7268,17424,6654,348,13750,0.194516,0.047881,0.789141,33.470968,5108.429,25509.199,SIMULATO
GEN,WTinyLFU,C12,15,512,34208,7268,17424,5967,205,12239,0.174433,0.028206,0.702422,29.695161,5770.055,25509.199,SIMULATO
GEN,LRU,C12,16,512,34183,7307,17410,7760,903,14497,0.227013,0.123580,0.832682,37.354839,5149.584,25245.596,SIMULATO
GEN,SIEVE,C12,16,512,34183,7307,17410,6297,213,12953,0.184214,0.029150,0.743998,31.391935,5160.221,25245.596,SIMULATO
GEN,S3FIFO,C12,16,512,34183,7307,17410,6717,350,13716,0.196501,0.047899,0.787823,33.520968,5118.577,25245.596,SIMULATO
GEN,WTinyLFU,C12,16,512,34183,7307,17410,6092,242,12226,0.178217,0.033119,0.702240,29.935484,5738.785,25245.596,SIMULATO
GEN,LRU,C12,17,512,34117,7320,17463,7713,876,14469,0.226075,0.119672,0.828552,37.190323,5191.194,25257.071,SIMULATO
GEN,SIEVE,C12,17,512,34117,7320,17463,6278,216,12979,0.184014,0.029508,0.743229,31.408065,5173.400,25257.071,SIMULATO
GEN,S3FIFO,C12,17,512,34117,7320,17463,6639,346,13577,0.194595,0.047268,0.777472,33.164516,5224.573,25257.071,SIMULATO
GEN,WTinyLFU,C12,17,512,34117,7320,17463,5981,193,12191,0.175308,0.026366,0.698105,29.620968,5791.913,25257.071,SIMULATO
GEN,LRU,C12,18,512,34095,7367,17438,7689,892,14453,0.225517,0.121080,0.828822,37.151613,5181.923,25232.289,SIMULATO
GEN,SIEVE,C12,18,512,34095,7367,17438,6278,245,12935,0.184133,0.033256,0.741771,31.383871,5192.931,25232.289,SIMULATO
GEN,S3FIFO,C12,18,512,34095,7367,17438,6703,374,13640,0.196598,0.050767,0.782200,33.414516,5186.537,25232.289,SIMULATO
GEN,WTinyLFU,C12,18,512,34095,7367,17438,6047,243,12230,0.177357,0.032985,0.701342,29.870968,5769.529,25232.289,SIMULATO
GEN,LRU,C12,19,512,34133,7415,17352,7777,851,14396,0.227844,0.114767,0.829645,37.135484,5168.569,25200.900,SIMULATO
GEN,SIEVE,C12,19,512,34133,7415,17352,6346,211,12935,0.185920,0.028456,0.745447,31.438710,5148.431,25200.900,SIMULATO
GEN,S3FIFO,C12,19,512,34133,7415,17352,6628,362,13610,0.194182,0.048820,0.784348,33.225806,5173.577,25200.900,SIMULATO
GEN,WTinyLFU,C12,19,512,34133,7415,17352,5990,198,12184,0.175490,0.026703,0.702167,29.632258,5708.018,25200.900,SIMULATO
GEN,LRU,C12,20,512,34260,7381,17259,7640,883,14281,0.223001,0.119631,0.827452,36.780645,5181.476,25355.746,SIMULATO
GEN,SIEVE,C12,20,512,34260,7381,17259,6236,252,12727,0.182020,0.034142,0.737412,30.991935,5180.832,25355.746,SIMULATO
GEN,S3FIFO,C12,20,512,34260,7381,17259,6647,364,13454,0.194016,0.049316,0.779535,33.008065,5195.506,25355.746,SIMULATO
GEN,WTinyLFU,C12,20,512,34260,7381,17259,5973,249,12006,0.174343,0.033735,0.695637,29.400000,5818.908,25355.746,SIMULATO
GEN,LRU,C36,1,512,34207,22163,17410,7766,617,14123,0.227030,0.027839,0.811200,36.300000,5156.376,25113.503,SIMULATO
GEN,SIEVE,C36,1,512,34207,22163,17410,6335,20,13319,0.185196,0.000902,0.765020,31.732258,5139.166,25113.503,SIMULATO
GEN,S3FIFO,C36,1,512,34207,22163,17410,6717,39,12893,0.196363,0.001760,0.740551,31.691935,5166.403,25113.503,SIMULATO
GEN,WTinyLFU,C36,1,512,34207,22163,17410,6113,12,12188,0.178706,0.000541,0.700057,29.537097,5749.792,25113.503,SIMULATO
GEN,LRU,C36,2,512,34068,22466,17246,7577,612,14010,0.222408,0.027241,0.812362,35.804839,5188.006,24980.239,SIMULATO
GEN,SIEVE,C36,2,512,34068,22466,17246,6188,4,13175,0.181637,0.000178,0.763945,31.237097,5176.979,24980.239,SIMULATO
GEN,S3FIFO,C36,2,512,34068,22466,17246,6515,30,12690,0.191235,0.001335,0.735823,31.024194,5204.181,24980.239,SIMULATO
GEN,WTinyLFU,C36,2,512,34068,22466,17246,5953,11,12124,0.174739,0.000490,0.703004,29.174194,5711.456,24980.239,SIMULATO
GEN,LRU,C36,3,512,33943,22522,17315,7536,598,14039,0.222019,0.026552,0.810800,35.762903,5207.121,24902.971,SIMULATO
GEN,SIEVE,C36,3,512,33943,22522,17315,6288,25,13200,0.185252,0.001110,0.762345,31.472581,5086.174,24902.971,SIMULATO
GEN,S3FIFO,C36,3,512,33943,22522,17315,6466,45,12874,0.190496,0.001998,0.743517,31.266129,5201.800,24902.971,SIMULATO
GEN,WTinyLFU,C36,3,512,33943,22522,17315,5979,22,12190,0.176148,0.000977,0.704014,29.340323,5796.460,24902.971,SIMULATO
GEN,LRU,C36,4,512,33992,22326,17462,7721,642,14146,0.227142,0.028756,0.810102,36.304839,5153.748,25123.076,SIMULATO
GEN,SIEVE,C36,4,512,33992,22326,17462,6313,17,13185,0.185720,0.000761,0.755068,31.475806,5199.592,25123.076,SIMULATO
GEN,S3FIFO,C36,4,512,33992,22326,17462,6687,52,12855,0.196723,0.002329,0.736170,31.603226,5125.192,25123.076,SIMULATO
GEN,WTinyLFU,C36,4,512,33992,22326,17462,6008,24,12105,0.176747,0.001075,0.693220,29.253226,5787.547,25123.076,SIMULATO
GEN,LRU,C36,5,512,33972,22382,17426,7556,594,14177,0.222418,0.026539,0.813554,36.011290,5156.123,25145.753,SIMULATO
GEN,SIEVE,C36,5,512,33972,22382,17426,6220,12,13342,0.183092,0.000536,0.765638,31.570968,5139.898,25145.753,SIMULATO
GEN,S3FIFO,C36,5,512,33972,22382,17426,6521,27,12939,0.191952,0.001206,0.742511,31.430645,5152.892,25145.753,SIMULATO
GEN,WTinyLFU,C36,5,512,33972,22382,17426,6044,7,12341,0.177911,0.000313,0.708195,29.664516,5692.684,25145.753,SIMULATO
GEN,LRU,C36,6,512,34133,22290,17357,7693,687,14053,0.225383,0.030821,0.809645,36.182258,5147.045,25107.310,SIMULATO
GEN,SIEVE,C36,6,512,34133,22290,17357,6249,17,13100,0.183078,0.000763,0.754739,31.235484,5148.666,25107.310,SIMULATO
GEN,S3FIFO,C36,6,512,34133,22290,17357,6673,55,12782,0.195500,0.002467,0.736418,31.467742,5110.766,25107.310,SIMULATO
GEN,WTinyLFU,C36,6,512,34133,22290,17357,6047,19,12160,0.177160,0.000852,0.700582,29.396774,5698.515,25107.310,SIMULATO
GEN,LRU,C36,7,512,34135,22144,17501,7541,628,14202,0.220917,0.028360,0.811496,36.082258,5197.552,25079.036,SIMULATO
GEN,SIEVE,C36,7,512,34135,22144,17501,6244,29,13374,0.182921,0.001310,0.764185,31.688710,5129.902,25079.036,SIMULATO
GEN,S3FIFO,C36,7,512,34135,22144,17501,6574,48,13003,0.192588,0.002168,0.742986,31.653226,5166.210,25079.036,SIMULATO
GEN,WTinyLFU,C36,7,512,34135,22144,17501,6038,49,12289,0.176886,0.002213,0.702188,29.638710,5721.944,25079.036,SIMULATO
GEN,LRU,C36,8,512,34006,22312,17462,7628,650,14114,0.224313,0.029132,0.808269,36.116129,5182.111,25040.323,SIMULATO
GEN,SIEVE,C36,8,512,34006,22312,17462,6296,17,13186,0.185144,0.000762,0.755125,31.450000,5202.060,25040.323,SIMULATO
GEN,S3FIFO,C36,8,512,34006,22312,17462,6605,41,12832,0.194230,0.001838,0.734853,31.416129,5178.674,25040.323,SIMULATO
GEN,WTinyLFU,C36,8,512,34006,22312,17462,6075,10,12261,0.178645,0.000448,0.702153,29.590323,5710.710,25040.323,SIMULATO
GEN,LRU,C36,9,512,33924,22343,17513,7735,635,14188,0.228010,0.028421,0.810141,36.383871,5163.953,25183.451,SIMULATO
GEN,SIEVE,C36,9,512,33924,22343,17513,6308,14,13295,0.185945,0.000627,0.759150,31.640323,5123.427,25183.451,SIMULATO
GEN,S3FIFO,C36,9,512,33924,22343,17513,6680,28,12856,0.196911,0.001253,0.734083,31.554839,5136.352,25183.451,SIMULATO
GEN,WTinyLFU,C36,9,512,33924,22343,17513,6066,16,12196,0.178811,0.000716,0.696397,29.480645,5749.273,25183.451,SIMULATO
GEN,LRU,C36,10,512,33953,22236,17591,7790,638,14236,0.229435,0.028692,0.809277,36.554839,5132.579,25102.155,SIMULATO
GEN,SIEVE,C36,10,512,33953,22236,17591,6349,16,13382,0.186994,0.000720,0.760730,31.850000,5112.381,25102.155,SIMULATO
GEN,S3FIFO,C36,10,512,33953,22236,17591,6823,44,13123,0.200954,0.001979,0.746006,32.241935,5111.918,25102.155,SIMULATO
GEN,WTinyLFU,C36,10,512,33953,22236,17591,6199,21,12273,0.182576,0.000944,0.697686,29.827419,5732.161,25102.155,SIMULATO
GEN,LRU,C36,11,512,34248,22303,17229,7583,589,13952,0.221414,0.026409,0.809797,35.683871,5193.327,24938.491,SIMULATO
GEN,SIEVE,C36,11,512,34248,22303,17229,6236,21,13155,0.182084,0.000942,0.763538,31.309677,5152.974,24938.491,SIMULATO
GEN,S3FIFO,C36,11,512,34248,22303,17229,6583,37,12819,0.192216,0.001659,0.744036,31.353226,5175.990,24938.491,SIMULATO
GEN,WTinyLFU,C36,11,512,34248,22303,17229,6027,19,12044,0.175981,0.000852,0.699054,29.177419,5765.818,24938.491,SIMULATO
GEN,LRU,C36,12,512,34004,22349,17427,7688,624,14070,0.226091,0.027921,0.807368,36.100000,5179.658,25014.965,SIMULATO
GEN,SIEVE,C36,12,512,34004,22349,17427,6284,10,13363,0.184802,0.000447,0.766799,31.704839,5040.271,25014.965,SIMULATO
GEN,S3FIFO,C36,12,512,34004,22349,17427,6630,31,12902,0.194977,0.001387,0.740345,31.553226,5180.058,25014.965,SIMULATO
GEN,WTinyLFU,C36,12,512,34004,22349,17427,6020,9,12226,0.177038,0.000403,0.701555,29.443548,5696.003,25014.965,SIMULATO
GEN,LRU,C36,13,512,34022,22386,17372,7516,628,14050,0.220916,0.028053,0.808773,35.796774,5151.371,25068.504,SIMULATO
GEN,SIEVE,C36,13,512,34022,22386,17372,6304,12,13290,0.185292,0.000536,0.765024,31.622581,4996.065,25068.504,SIMULATO
GEN,S3FIFO,C36,13,512,34022,22386,17372,6550,36,12896,0.192522,0.001608,0.742344,31.422581,5145.600,25068.504,SIMULATO
GEN,WTinyLFU,C36,13,512,34022,22386,17372,6035,11,12180,0.177385,0.000491,0.701128,29.396774,5674.879,25068.504,SIMULATO
GEN,LRU,C36,14,512,33949,22387,17444,7577,611,14119,0.223188,0.027293,0.809390,35.979032,5197.694,24920.682,SIMULATO
GEN,SIEVE,C36,14,512,33949,22387,17444,6175,12,13257,0.181890,0.000536,0.759975,31.361290,5160.027,24920.682,SIMULATO
GEN,S3FIFO,C36,14,512,33949,22387,17444,6534,25,12801,0.192465,0.001117,0.733834,31.225806,5213.424,24920.682,SIMULATO
GEN,WTinyLFU,C36,14,512,33949,22387,17444,5942,16,12274,0.175027,0.000715,0.703623,29.406452,5722.224,24920.682,SIMULATO
GEN,LRU,C36,15,512,34175,22142,17463,7641,663,14221,0.223584,0.029943,0.814350,36.330645,5177.566,25003.553,SIMULATO
GEN,SIEVE,C36,15,512,34175,22142,17463,6284,6,13327,0.183877,0.000271,0.763156,31.640323,5166.658,25003.553,SIMULATO
GEN,S3FIFO,C36,15,512,34175,22142,17463,6636,30,12963,0.194177,0.001355,0.742312,31.659677,5173.569,25003.553,SIMULATO
GEN,WTinyLFU,C36,15,512,34175,22142,17463,6059,25,12216,0.177293,0.001129,0.699536,29.516129,5778.785,25003.553,SIMULATO
GEN,LRU,C36,16,512,34148,22308,17324,7772,614,14107,0.227598,0.027524,0.814304,36.279032,5160.987,24955.315,SIMULATO
GEN,SIEVE,C36,16,512,34148,22308,17324,6411,10,13224,0.187742,0.000448,0.763334,31.685484,5171.729,24955.315,SIMULATO
GEN,S3FIFO,C36,16,512,34148,22308,17324,6731,22,12772,0.197113,0.000986,0.737243,31.491935,5194.106,24955.315,SIMULATO
GEN,WTinyLFU,C36,16,512,34148,22308,17324,6229,12,12184,0.182412,0.000538,0.703302,29.717742,5731.655,24955.315,SIMULATO
GEN,LRU,C36,17,512,33970,22431,17379,7540,632,14091,0.221961,0.028175,0.810806,35.908065,5155.492,24995.095,SIMULATO
GEN,SIEVE,C36,17,512,33970,22431,17379,6082,26,13207,0.179040,0.001159,0.759940,31.153226,5169.466,24995.095,SIMULATO
GEN,S3FIFO,C36,17,512,33970,22431,17379,6499,61,12964,0.191316,0.002719,0.745958,31.490323,5167.761,24995.095,SIMULATO
GEN,WTinyLFU,C36,17,512,33970,22431,17379,5886,20,12136,0.173271,0.000892,0.698314,29.100000,5773.637,24995.095,SIMULATO
GEN,LRU,C36,18,512,34072,22343,17365,7680,595,14020,0.225405,0.026630,0.807371,35.959677,5200.448,24993.945,SIMULATO
GEN,SIEVE,C36,18,512,34072,22343,17365,6196,9,13213,0.181850,0.000403,0.760898,31.319355,5150.484,24993.945,SIMULATO
GEN,S3FIFO,C36,18,512,34072,22343,17365,6644,33,12736,0.194999,0.001477,0.733429,31.311290,5198.569,24993.945,SIMULATO
GEN,WTinyLFU,C36,18,512,34072,22343,17365,6169,13,12228,0.181058,0.000582,0.704175,29.693548,5657.302,24993.945,SIMULATO
GEN,LRU,C36,19,512,34114,22331,17335,7652,608,14045,0.224307,0.027227,0.810211,35.975806,5151.090,25093.841,SIMULATO
GEN,SIEVE,C36,19,512,34114,22331,17335,6169,18,13210,0.180835,0.000806,0.762042,31.285484,5112.044,25093.841,SIMULATO
GEN,S3FIFO,C36,19,512,34114,22331,17335,6607,46,12877,0.193674,0.002060,0.742832,31.500000,5116.087,25093.841,SIMULATO
GEN,WTinyLFU,C36,19,512,34114,22331,17335,5966,27,12187,0.174884,0.001209,0.703029,29.322581,5705.995,25093.841,SIMULATO
GEN,LRU,C36,20,512,34190,22244,17346,7896,689,13988,0.230945,0.030975,0.806411,36.408065,5153.271,25186.586,SIMULATO
GEN,SIEVE,C36,20,512,34190,22244,17346,6428,28,13055,0.188008,0.001259,0.752623,31.469355,5164.339,25186.586,SIMULATO
GEN,S3FIFO,C36,20,512,34190,22244,17346,6838,55,12839,0.200000,0.002473,0.740171,31.825806,5149.906,25186.586,SIMULATO
GEN,WTinyLFU,C36,20,512,34190,22244,17346,6192,29,12140,0.181106,0.001304,0.699873,29.614516,5774.344,25186.586,SIMULATO
GEN,LRU,P0,1,512,34198,0,17262,7850,0,14830,0.229546,nan,0.859113,36.580645,5163.360,25544.370,SIMULATO
GEN,SIEVE,P0,1,512,34198,0,17262,6479,0,13427,0.189456,nan,0.777836,32.106452,5056.890,25544.370,SIMULATO
GEN,S3FIFO,P0,1,512,34198,0,17262,6933,0,14227,0.202731,nan,0.824180,34.129032,5156.835,25544.370,SIMULATO
GEN,WTinyLFU,P0,1,512,34198,0,17262,6181,0,12410,0.180742,nan,0.718920,29.985484,5756.527,25544.370,SIMULATO
GEN,LRU,P0,2,512,34109,0,17351,7911,0,14939,0.231933,nan,0.860988,36.854839,5152.011,25429.129,SIMULATO
GEN,SIEVE,P0,2,512,34109,0,17351,6381,0,13401,0.187077,nan,0.772347,31.906452,5181.300,25429.129,SIMULATO
GEN,S3FIFO,P0,2,512,34109,0,17351,6979,0,14333,0.204609,nan,0.826062,34.374194,5157.190,25429.129,SIMULATO
GEN,WTinyLFU,P0,2,512,34109,0,17351,6028,0,12514,0.176728,nan,0.721226,29.906452,5798.374,25429.129,SIMULATO
GEN,LRU,P0,3,512,34178,0,17282,7748,0,14810,0.226696,nan,0.856961,36.383871,5133.339,25409.694,SIMULATO
GEN,SIEVE,P0,3,512,34178,0,17282,6363,0,13351,0.186172,nan,0.772538,31.796774,5110.794,25409.694,SIMULATO
GEN,S3FIFO,P0,3,512,34178,0,17282,6814,0,14253,0.199368,nan,0.824731,33.979032,5084.369,25409.694,SIMULATO
GEN,WTinyLFU,P0,3,512,34178,0,17282,5904,0,12262,0.172743,nan,0.709524,29.300000,5883.027,25409.694,SIMULATO
GEN,LRU,P0,4,512,34177,0,17283,7821,0,14874,0.228838,nan,0.860614,36.604839,5123.266,25538.067,SIMULATO
GEN,SIEVE,P0,4,512,34177,0,17283,6409,0,13467,0.187524,nan,0.779205,32.058065,5050.471,25538.067,SIMULATO
GEN,S3FIFO,P0,4,512,34177,0,17283,6858,0,14249,0.200661,nan,0.824452,34.043548,5132.181,25538.067,SIMULATO
GEN,WTinyLFU,P0,4,512,34177,0,17283,5877,0,12264,0.171958,nan,0.709599,29.259677,5892.869,25538.067,SIMULATO
GEN,LRU,P0,5,512,33926,0,17534,7569,0,15094,0.223103,nan,0.860842,36.553226,5156.419,25540.372,SIMULATO
GEN,SIEVE,P0,5,512,33926,0,17534,6159,0,13619,0.181542,nan,0.776720,31.900000,5115.571,25540.372,SIMULATO
GEN,S3FIFO,P0,5,512,33926,0,17534,6643,0,14462,0.195809,nan,0.824798,34.040323,5156.944,25540.372,SIMULATO
GEN,WTinyLFU,P0,5,512,33926,0,17534,5810,0,12705,0.171255,nan,0.724592,29.862903,5828.956,25540.372,SIMULATO
GEN,LRU,P0,6,512,34278,0,17182,7662,0,14678,0.223525,nan,0.854266,36.032258,5222.271,25213.812,SIMULATO
GEN,SIEVE,P0,6,512,34278,0,17182,6314,0,13260,0.184200,nan,0.771738,31.570968,5175.685,25213.812,SIMULATO
GEN,S3FIFO,P0,6,512,34278,0,17182,6764,0,14035,0.197328,nan,0.816843,33.546774,5211.911,25213.812,SIMULATO
GEN,WTinyLFU,P0,6,512,34278,0,17182,5971,0,12199,0.174193,nan,0.709987,29.306452,5833.031,25213.812,SIMULATO
GEN,LRU,P0,7,512,34031,0,17429,7656,0,14990,0.224971,nan,0.860061,36.525806,5139.958,25549.833,SIMULATO
GEN,SIEVE,P0,7,512,34031,0,17429,6318,0,13474,0.185654,nan,0.773079,31.922581,5121.500,25549.833,SIMULATO
GEN,S3FIFO,P0,7,512,34031,0,17429,6714,0,14352,0.197291,nan,0.823455,33.977419,5106.935,25549.833,SIMULATO
GEN,WTinyLFU,P0,7,512,34031,0,17429,5961,0,12464,0.175164,nan,0.715130,29.717742,5817.521,25549.833,SIMULATO
GEN,LRU,P0,8,512,33970,0,17490,7713,0,15048,0.227053,nan,0.860377,36.711290,5158.656,25376.928,SIMULATO
GEN,SIEVE,P0,8,512,33970,0,17490,6280,0,13452,0.184869,nan,0.769125,31.825806,5185.018,25376.928,SIMULATO
GEN,S3FIFO,P0,8,512,33970,0,17490,6817,0,14378,0.200677,nan,0.822070,34.185484,5144.632,25376.928,SIMULATO
GEN,WTinyLFU,P0,8,512,33970,0,17490,5921,0,12420,0.174301,nan,0.710120,29.582258,5876.163,25376.928,SIMULATO
GEN,LRU,P0,9,512,34098,0,17362,7728,0,14923,0.226641,nan,0.859521,36.533871,5144.629,25572.259,SIMULATO
GEN,SIEVE,P0,9,512,34098,0,17362,6257,0,13466,0.183500,nan,0.775602,31.811290,5128.994,25572.259,SIMULATO
GEN,S3FIFO,P0,9,512,34098,0,17362,6792,0,14290,0.199191,nan,0.823062,34.003226,5153.348,25572.259,SIMULATO
GEN,WTinyLFU,P0,9,512,34098,0,17362,5958,0,12437,0.174732,nan,0.716335,29.669355,5814.903,25572.259,SIMULATO
GEN,LRU,P0,10,512,33840,0,17620,7777,0,15241,0.229817,nan,0.864983,37.125806,5141.519,25486.969,SIMULATO
GEN,SIEVE,P0,10,512,33840,0,17620,6342,0,13664,0.187411,nan,0.775482,32.267742,5158.390,25486.969,SIMULATO
GEN,S3FIFO,P0,10,512,33840,0,17620,6850,0,14542,0.202423,nan,0.825312,34.503226,5137.319,25486.969,SIMULATO
GEN,WTinyLFU,P0,10,512,33840,0,17620,5925,0,12531,0.175089,nan,0.711180,29.767742,5853.347,25486.969,SIMULATO
GEN,LRU,P0,11,512,34068,0,17392,7765,0,14828,0.227926,nan,0.852576,36.440323,5149.600,25568.326,SIMULATO
GEN,SIEVE,P0,11,512,34068,0,17392,6356,0,13512,0.186568,nan,0.776909,32.045161,5073.023,25568.326,SIMULATO
GEN,S3FIFO,P0,11,512,34068,0,17392,6893,0,14267,0.202331,nan,0.820320,34.129032,5117.335,25568.326,SIMULATO
GEN,WTinyLFU,P0,11,512,34068,0,17392,6016,0,12354,0.176588,nan,0.710327,29.629032,5802.502,25568.326,SIMULATO
GEN,LRU,P0,12,512,34124,0,17336,7824,0,14867,0.229281,nan,0.857580,36.598387,5158.956,25498.989,SIMULATO
GEN,SIEVE,P0,12,512,34124,0,17336,6391,0,13329,0.187288,nan,0.768862,31.806452,5156.527,25498.989,SIMULATO
GEN,S3FIFO,P0,12,512,34124,0,17336,6887,0,14197,0.201823,nan,0.818932,34.006452,5149.915,25498.989,SIMULATO
GEN,WTinyLFU,P0,12,512,34124,0,17336,6015,0,12289,0.176269,nan,0.708872,29.522581,5805.681,25498.989,SIMULATO
GEN,LRU,P0,13,512,33956,0,17504,7587,0,15067,0.223436,nan,0.860775,36.538710,5156.566,25421.811,SIMULATO
GEN,SIEVE,P0,13,512,33956,0,17504,6161,0,13637,0.181441,nan,0.779079,31.932258,5088.189,25421.811,SIMULATO
GEN,S3FIFO,P0,13,512,33956,0,17504,6664,0,14415,0.196254,nan,0.823526,33.998387,5152.681,25421.811,SIMULATO
GEN,WTinyLFU,P0,13,512,33956,0,17504,5827,0,12567,0.171604,nan,0.717950,29.667742,5826.868,25421.811,SIMULATO
GEN,LRU,P0,14,512,33840,0,17620,7650,0,15224,0.226064,nan,0.864018,36.893548,5155.118,25468.301,SIMULATO
GEN,SIEVE,P0,14,512,33840,0,17620,6156,0,13647,0.181915,nan,0.774518,31.940323,5128.218,25468.301,SIMULATO
GEN,S3FIFO,P0,14,512,33840,0,17620,6713,0,14597,0.198375,nan,0.828434,34.370968,5157.965,25468.301,SIMULATO
GEN,WTinyLFU,P0,14,512,33840,0,17620,5816,0,12523,0.171868,nan,0.710726,29.579032,5817.652,25468.301,SIMULATO
GEN,LRU,P0,15,512,33960,0,17500,7833,0,15033,0.230654,nan,0.859029,36.880645,5118.034,25718.891,SIMULATO
GEN,SIEVE,P0,15,512,33960,0,17500,6296,0,13505,0.185395,nan,0.771714,31.937097,5141.082,25718.891,SIMULATO
GEN,S3FIFO,P0,15,512,33960,0,17500,6830,0,14390,0.201119,nan,0.822286,34.225806,5139.416,25718.891,SIMULATO
GEN,WTinyLFU,P0,15,512,33960,0,17500,6019,0,12418,0.177238,nan,0.709600,29.737097,5809.266,25718.891,SIMULATO
GEN,LRU,P0,16,512,34138,0,17322,7823,0,14889,0.229158,nan,0.859543,36.632258,5117.561,25524.151,SIMULATO
GEN,SIEVE,P0,16,512,34138,0,17322,6413,0,13468,0.187855,nan,0.777508,32.066129,5093.855,25524.151,SIMULATO
GEN,S3FIFO,P0,16,512,34138,0,17322,7011,0,14261,0.205372,nan,0.823288,34.309677,5078.547,25524.151,SIMULATO
GEN,WTinyLFU,P0,16,512,34138,0,17322,6148,0,12422,0.180093,nan,0.717123,29.951613,5776.502,25524.151,SIMULATO
GEN,LRU,P0,17,512,33996,0,17464,7739,0,14993,0.227644,nan,0.858509,36.664516,5194.197,25254.967,SIMULATO
GEN,SIEVE,P0,17,512,33996,0,17464,6264,0,13521,0.184257,nan,0.774221,31.911290,5186.239,25254.967,SIMULATO
GEN,S3FIFO,P0,17,512,33996,0,17464,6772,0,14340,0.199200,nan,0.821118,34.051613,5206.065,25254.967,SIMULATO
GEN,WTinyLFU,P0,17,512,33996,0,17464,5948,0,12349,0.174962,nan,0.707112,29.511290,5839.773,25254.967,SIMULATO
GEN,LRU,P0,18,512,34081,0,17379,7687,0,14894,0.225551,nan,0.857011,36.420968,5201.463,25294.706,SIMULATO
GEN,SIEVE,P0,18,512,34081,0,17379,6338,0,13412,0.185969,nan,0.771736,31.854839,5156.223,25294.706,SIMULATO
GEN,S3FIFO,P0,18,512,34081,0,17379,6776,0,14273,0.198820,nan,0.821279,33.950000,5191.358,25294.706,SIMULATO
GEN,WTinyLFU,P0,18,512,34081,0,17379,5972,0,12381,0.175230,nan,0.712412,29.601613,5839.502,25294.706,SIMULATO
GEN,LRU,P0,19,512,34079,0,17381,7799,0,14981,0.228851,nan,0.861918,36.741935,5109.197,25582.158,SIMULATO
GEN,SIEVE,P0,19,512,34079,0,17381,6367,0,13503,0.186831,nan,0.776883,32.048387,5126.427,25582.158,SIMULATO
GEN,S3FIFO,P0,19,512,34079,0,17381,6885,0,14376,0.202031,nan,0.827110,34.291935,5099.823,25582.158,SIMULATO
GEN,WTinyLFU,P0,19,512,34079,0,17381,6006,0,12382,0.176238,nan,0.712387,29.658065,5818.002,25582.158,SIMULATO
GEN,LRU,P0,20,512,34159,0,17301,7719,0,14832,0.225973,nan,0.857291,36.372581,5140.218,25656.984,SIMULATO
GEN,SIEVE,P0,20,512,34159,0,17301,6333,0,13325,0.185398,nan,0.770187,31.706452,5106.731,25656.984,SIMULATO
GEN,S3FIFO,P0,20,512,34159,0,17301,6784,0,14209,0.198601,nan,0.821282,33.859677,5158.010,25656.984,SIMULATO
GEN,WTinyLFU,P0,20,512,34159,0,17301,6034,0,12180,0.176645,nan,0.704006,29.377419,5876.055,25656.984,SIMULATO
GEN,LRU,S12_006,1,512,34297,7371,17232,8018,2815,14061,0.233781,0.381902,0.815982,40.151613,5236.074,25094.262,SIMULATO
GEN,SIEVE,S12_006,1,512,34297,7371,17232,6672,1916,12482,0.194536,0.259938,0.724350,33.983871,5186.989,25094.262,SIMULATO
GEN,S3FIFO,S12_006,1,512,34297,7371,17232,6947,2147,13252,0.202554,0.291277,0.769034,36.041935,5223.527,25094.262,SIMULATO
GEN,WTinyLFU,S12_006,1,512,34297,7371,17232,6289,1768,12177,0.183369,0.239859,0.706650,32.635484,5804.255,25094.262,SIMULATO
GEN,LRU,S12_006,2,512,34120,7459,17321,8029,2924,14110,0.235317,0.392010,0.814618,40.424194,5233.871,25007.684,SIMULATO
GEN,SIEVE,S12_006,2,512,34120,7459,17321,6544,2008,12593,0.191794,0.269205,0.727037,34.104839,5231.313,25007.684,SIMULATO
GEN,S3FIFO,S12_006,2,512,34120,7459,17321,6922,2222,13236,0.202872,0.297895,0.764159,36.096774,5219.337,25007.684,SIMULATO
GEN,WTinyLFU,S12_006,2,512,34120,7459,17321,6214,1824,12140,0.182122,0.244537,0.700883,32.545161,5873.384,25007.684,SIMULATO
GEN,LRU,S12_006,3,512,34010,7574,17316,7847,2872,14148,0.230726,0.379192,0.817048,40.108065,5186.076,25101.117,SIMULATO
GEN,SIEVE,S12_006,3,512,34010,7574,17316,6568,2001,12617,0.193120,0.264193,0.728632,34.170968,5175.826,25101.117,SIMULATO
GEN,S3FIFO,S12_006,3,512,34010,7574,17316,6786,2194,13308,0.199530,0.289675,0.768538,35.948387,5187.423,25101.117,SIMULATO
GEN,WTinyLFU,S12_006,3,512,34010,7574,17316,6153,1776,12183,0.180917,0.234486,0.703569,32.438710,5829.808,25101.117,SIMULATO
GEN,LRU,S12_006,4,512,34076,7447,17377,8053,2936,14311,0.236325,0.394253,0.823560,40.806452,5160.397,25384.495,SIMULATO
GEN,SIEVE,S12_006,4,512,34076,7447,17377,6524,1896,12691,0.191454,0.254599,0.730333,34.050000,5207.890,25384.495,SIMULATO
GEN,S3FIFO,S12_006,4,512,34076,7447,17377,6910,2153,13417,0.202782,0.289110,0.772113,36.258065,5136.681,25384.495,SIMULATO
GEN,WTinyLFU,S12_006,4,512,34076,7447,17377,6160,1785,12323,0.180772,0.239694,0.709156,32.690323,5805.026,25384.495,SIMULATO
GEN,LRU,S12_006,5,512,34016,7483,17401,7850,2811,14240,0.230774,0.375651,0.818344,40.162903,5158.460,25377.110,SIMULATO
GEN,SIEVE,S12_006,5,512,34016,7483,17401,6426,1924,12607,0.188911,0.257116,0.724499,33.801613,5162.976,25377.110,SIMULATO
GEN,S3FIFO,S12_006,5,512,34016,7483,17401,6732,2103,13302,0.197907,0.281037,0.764439,35.704839,5133.410,25377.110,SIMULATO
GEN,WTinyLFU,S12_006,5,512,34016,7483,17401,6136,1722,12094,0.180386,0.230122,0.695018,32.180645,5809.568,25377.110,SIMULATO
GEN,LRU,S12_006,6,512,34243,7446,17211,7975,2972,14030,0.232894,0.399140,0.815176,40.285484,5206.266,25116.577,SIMULATO
GEN,SIEVE,S12_006,6,512,34243,7446,17211,6750,1997,12510,0.197121,0.268198,0.726861,34.285484,5169.737,25116.577,SIMULATO
GEN,S3FIFO,S12_006,6,512,34243,7446,17211,6918,2242,13161,0.202027,0.301101,0.764685,36.001613,5202.003,25116.577,SIMULATO
GEN,WTinyLFU,S12_006,6,512,34243,7446,17211,6221,1776,12143,0.181672,0.238517,0.705537,32.483871,5795.224,25116.577,SIMULATO
GEN,LRU,S12_006,7,512,34062,7399,17439,7881,2784,14331,0.231372,0.376267,0.821779,40.316129,5197.182,25121.201,SIMULATO
GEN,SIEVE,S12_006,7,512,34062,7399,17439,6501,1803,12753,0.190858,0.243682,0.731292,33.962903,5223.202,25121.201,SIMULATO
GEN,S3FIFO,S12_006,7,512,34062,7399,17439,6739,2116,13422,0.197845,0.285985,0.769654,35.930645,5231.487,25121.201,SIMULATO
GEN,WTinyLFU,S12_006,7,512,34062,7399,17439,6171,1701,12394,0.181170,0.229896,0.710706,32.687097,5832.866,25121.201,SIMULATO
GEN,LRU,S12_006,8,512,33953,7422,17525,7852,2851,14247,0.231261,0.384128,0.812953,40.241935,5217.073,25081.731,SIMULATO
GEN,SIEVE,S12_006,8,512,33953,7422,17525,6495,1912,12806,0.191294,0.257613,0.730728,34.214516,5262.097,25081.731,SIMULATO
GEN,S3FIFO,S12_006,8,512,33953,7422,17525,6803,2128,13444,0.200365,0.286715,0.767133,36.088710,5194.694,25081.731,SIMULATO
GEN,WTinyLFU,S12_006,8,512,33953,7422,17525,6219,1705,12273,0.183165,0.229722,0.700314,32.575806,5886.418,25081.731,SIMULATO
GEN,LRU,S12_006,9,512,33984,7550,17366,7871,2922,14196,0.231609,0.387020,0.817459,40.304839,5199.413,25152.072,SIMULATO
GEN,SIEVE,S12_006,9,512,33984,7550,17366,6513,1963,12645,0.191649,0.260000,0.728147,34.066129,5184.763,25152.072,SIMULATO
GEN,S3FIFO,S12_006,9,512,33984,7550,17366,6694,2220,13339,0.196975,0.294040,0.768110,35.891935,5229.948,25152.072,SIMULATO
GEN,WTinyLFU,S12_006,9,512,33984,7550,17366,6136,1775,12208,0.180556,0.235099,0.702983,32.450000,5860.379,25152.072,SIMULATO
GEN,LRU,S12_006,10,512,33862,7432,17606,8047,2792,14390,0.237641,0.375673,0.817335,40.691935,5175.798,25148.802,SIMULATO
GEN,SIEVE,S12_006,10,512,33862,7432,17606,6607,1888,12753,0.195115,0.254037,0.724355,34.270968,5186.176,25148.802,SIMULATO
GEN,S3FIFO,S12_006,10,512,33862,7432,17606,6908,2062,13516,0.204004,0.277449,0.767693,36.267742,5173.737,25148.802,SIMULATO
GEN,WTinyLFU,S12_006,10,512,33862,7432,17606,6188,1650,12342,0.182742,0.222013,0.701011,32.548387,5842.544,25148.802,SIMULATO
GEN,LRU,S12_006,11,512,34145,7456,17299,7995,2901,14149,0.234148,0.389083,0.817909,40.395161,5197.610,25092.571,SIMULATO
GEN,SIEVE,S12_006,11,512,34145,7456,17299,6534,1993,12701,0.191360,0.267302,0.734204,34.238710,5188.940,25092.571,SIMULATO
GEN,S3FIFO,S12_006,11,512,34145,7456,17299,6845,2105,13311,0.200469,0.282323,0.769466,35.904839,5239.816,25092.571,SIMULATO
GEN,WTinyLFU,S12_006,11,512,34145,7456,17299,6214,1790,12153,0.181989,0.240075,0.702526,32.511290,5860.148,25092.571,SIMULATO
GEN,LRU,S12_006,12,512,34139,7413,17348,8032,2803,14181,0.235273,0.378120,0.817443,40.348387,5202.963,25137.577,SIMULATO
GEN,SIEVE,S12_006,12,512,34139,7413,17348,6626,1989,12640,0.194089,0.268312,0.728614,34.282258,5205.681,25137.577,SIMULATO
GEN,S3FIFO,S12_006,12,512,34139,7413,17348,6976,2109,13380,0.204341,0.284500,0.771270,36.233871,5192.682,25137.577,SIMULATO
GEN,WTinyLFU,S12_006,12,512,34139,7413,17348,6266,1824,12318,0.183544,0.246054,0.710053,32.916129,5765.929,25137.577,SIMULATO
GEN,LRU,S12_006,13,512,34016,7469,17415,7702,2821,14212,0.226423,0.377694,0.816078,39.895161,5214.084,25139.949,SIMULATO
GEN,SIEVE,S12_006,13,512,34016,7469,17415,6428,1874,12666,0.188970,0.250904,0.727304,33.819355,5187.611,25139.949,SIMULATO
GEN,S3FIFO,S12_006,13,512,34016,7469,17415,6648,2126,13345,0.195437,0.284643,0.766293,35.675806,5238.213,25139.949,SIMULATO
GEN,WTinyLFU,S12_006,13,512,34016,7469,17415,6002,1706,12196,0.176446,0.228411,0.700316,32.103226,5793.768,25139.949,SIMULATO
GEN,LRU,S12_006,14,512,33834,7478,17588,7896,2876,14350,0.233375,0.384595,0.815897,40.519355,5186.382,25101.239,SIMULATO
GEN,SIEVE,S12_006,14,512,33834,7478,17588,6475,1936,12819,0.191376,0.258893,0.728849,34.241935,5194.563,25101.239,SIMULATO
GEN,S3FIFO,S12_006,14,512,33834,7478,17588,6798,2081,13467,0.200922,0.278283,0.765693,36.041935,5222.850,25101.239,SIMULATO
GEN,WTinyLFU,S12_006,14,512,33834,7478,17588,6095,1762,12374,0.180144,0.235624,0.703548,32.630645,5766.239,25101.239,SIMULATO
GEN,LRU,S12_006,15,512,34208,7268,17424,8018,2862,14231,0.234390,0.393781,0.816747,40.501613,5151.863,25408.195,SIMULATO
GEN,SIEVE,S12_006,15,512,34208,7268,17424,6575,1794,12583,0.192207,0.246835,0.722165,33.793548,5235.881,25408.195,SIMULATO
GEN,S3FIFO,S12_006,15,512,34208,7268,17424,6820,2133,13427,0.199369,0.293478,0.770604,36.096774,5148.000,25408.195,SIMULATO
GEN,WTinyLFU,S12_006,15,512,34208,7268,17424,6079,1689,12190,0.177707,0.232389,0.699610,32.190323,5841.397,25408.195,SIMULATO
GEN,LRU,S12_006,16,512,34183,7307,17410,8049,2780,14260,0.235468,0.380457,0.819070,40.466129,5170.556,25117.451,SIMULATO
GEN,SIEVE,S12_006,16,512,34183,7307,17410,6573,1871,12651,0.192289,0.256056,0.726651,34.024194,5212.466,25117.451,SIMULATO
GEN,S3FIFO,S12_006,16,512,34183,7307,17410,6956,2100,13361,0.203493,0.287396,0.767433,36.156452,5137.635,25117.451,SIMULATO
GEN,WTinyLFU,S12_006,16,512,34183,7307,17410,6235,1678,12247,0.182401,0.229643,0.703446,32.516129,5862.497,25117.451,SIMULATO
GEN,LRU,S12_006,17,512,34117,7320,17463,7932,2852,14248,0.232494,0.389617,0.815896,40.374194,5216.347,25145.388,SIMULATO
GEN,SIEVE,S12_006,17,512,34117,7320,17463,6571,1944,12685,0.192602,0.265574,0.726393,34.193548,5233.252,25145.388,SIMULATO
GEN,S3FIFO,S12_006,17,512,34117,7320,17463,6793,2155,13399,0.199109,0.294399,0.767279,36.043548,5268.926,25145.388,SIMULATO
GEN,WTinyLFU,S12_006,17,512,34117,7320,17463,6118,1724,12291,0.179324,0.235519,0.703831,32.472581,5863.326,25145.388,SIMULATO
GEN,LRU,S12_006,18,512,34095,7367,17438,7953,2896,14240,0.233260,0.393104,0.816607,40.466129,5201.403,25097.633,SIMULATO
GEN,SIEVE,S12_006,18,512,34095,7367,17438,6576,1978,12631,0.192873,0.268495,0.724338,34.169355,5253.060,25097.633,SIMULATO
GEN,S3FIFO,S12_006,18,512,34095,7367,17438,6898,2252,13374,0.202317,0.305688,0.766946,36.329032,5198.563,25097.633,SIMULATO
GEN,WTinyLFU,S12_006,18,512,34095,7367,17438,6262,1841,12226,0.183663,0.249898,0.701113,32.788710,5823.250,25097.633,SIMULATO
GEN,LRU,S12_006,19,512,34133,7415,17352,7982,2865,14152,0.233850,0.386379,0.815583,40.320968,5211.713,25057.060,SIMULATO
GEN,SIEVE,S12_006,19,512,34133,7415,17352,6503,1929,12656,0.190519,0.260148,0.729368,34.012903,5233.232,25057.060,SIMULATO
GEN,S3FIFO,S12_006,19,512,34133,7415,17352,6724,2137,13306,0.196994,0.288200,0.766828,35.753226,5247.737,25057.060,SIMULATO
GEN,WTinyLFU,S12_006,19,512,34133,7415,17352,6110,1761,12266,0.179006,0.237492,0.706893,32.479032,5779.171,25057.060,SIMULATO
GEN,LRU,S12_006,20,512,34260,7381,17259,7861,2690,14024,0.229451,0.364449,0.812562,39.637097,5226.044,25170.569,SIMULATO
GEN,SIEVE,S12_006,20,512,34260,7381,17259,6435,1877,12463,0.187828,0.254302,0.722116,33.508065,5251.847,25170.569,SIMULATO
GEN,S3FIFO,S12_006,20,512,34260,7381,17259,6733,2046,13179,0.196527,0.277198,0.763602,35.416129,5253.603,25170.569,SIMULATO
GEN,WTinyLFU,S12_006,20,512,34260,7381,17259,6111,1736,11997,0.178371,0.235198,0.695116,32.006452,5875.355,25170.569,SIMULATO
GEN,LRU,S36_006,1,512,34207,22163,17410,8359,5206,13963,0.244365,0.234896,0.802010,44.400000,5220.063,24690.498,SIMULATO
GEN,SIEVE,S36_006,1,512,34207,22163,17410,6944,1996,12555,0.202999,0.090060,0.721137,34.669355,5183.474,24690.498,SIMULATO
GEN,S3FIFO,S36_006,1,512,34207,22163,17410,7223,2586,13104,0.211156,0.116681,0.752671,36.956452,5248.424,24690.498,SIMULATO
GEN,WTinyLFU,S36_006,1,512,34207,22163,17410,6548,1833,11890,0.191423,0.082705,0.682941,32.695161,5776.660,24690.498,SIMULATO
GEN,LRU,S36_006,2,512,34068,22466,17246,8212,5213,13890,0.241047,0.232040,0.805404,44.056452,5246.826,24594.615,SIMULATO
GEN,SIEVE,S36_006,2,512,34068,22466,17246,6781,1953,12427,0.199043,0.086931,0.720573,34.130645,5218.590,24594.615,SIMULATO
GEN,S3FIFO,S36_006,2,512,34068,22466,17246,7060,2622,13014,0.207233,0.116710,0.754610,36.606452,5235.979,24594.615,SIMULATO
GEN,WTinyLFU,S36_006,2,512,34068,22466,17246,6471,1829,11911,0.189944,0.081412,0.690653,32.598387,5759.274,24594.615,SIMULATO
GEN,LRU,S36_006,3,512,33943,22522,17315,8147,5205,13806,0.240020,0.231107,0.797343,43.803226,5269.819,24462.924,SIMULATO
GEN,SIEVE,S36_006,3,512,33943,22522,17315,6739,2008,12479,0.198539,0.089157,0.720705,34.235484,5265.471,24462.924,SIMULATO
GEN,S3FIFO,S36_006,3,512,33943,22522,17315,7059,2502,13037,0.207966,0.111091,0.752931,36.448387,5275.426,24462.924,SIMULATO
GEN,WTinyLFU,S36_006,3,512,33943,22522,17315,6400,1819,11970,0.188551,0.080765,0.691308,32.562903,5767.906,24462.924,SIMULATO
GEN,LRU,S36_006,4,512,33992,22326,17462,8412,5363,14051,0.247470,0.240213,0.804662,44.880645,5210.429,24722.188,SIMULATO
GEN,SIEVE,S36_006,4,512,33992,22326,17462,6821,1885,12505,0.200665,0.084431,0.716126,34.211290,5300.060,24722.188,SIMULATO
GEN,S3FIFO,S36_006,4,512,33992,22326,17462,7227,2551,13160,0.212609,0.114261,0.753636,36.996774,5222.063,24722.188,SIMULATO
GEN,WTinyLFU,S36_006,4,512,33992,22326,17462,6542,1720,12036,0.192457,0.077040,0.689268,32.738710,5800.694,24722.188,SIMULATO
GEN,LRU,S36_006,5,512,33972,22382,17426,8195,5358,14104,0.241228,0.239389,0.809365,44.608065,5214.848,24761.366,SIMULATO
GEN,SIEVE,S36_006,5,512,33972,22382,17426,6889,1981,12663,0.202785,0.088509,0.726673,34.730645,5206.010,24761.366,SIMULATO
GEN,S3FIFO,S36_006,5,512,33972,22382,17426,7150,2693,13193,0.210467,0.120320,0.757087,37.154839,5222.811,24761.366,SIMULATO
GEN,WTinyLFU,S36_006,5,512,33972,22382,17426,6530,1775,11979,0.192217,0.079305,0.687421,32.716129,5816.055,24761.366,SIMULATO
GEN,LRU,S36_006,6,512,34133,22290,17357,8319,5324,13866,0.243723,0.238852,0.798871,44.369355,5213.944,24698.840,SIMULATO
GEN,SIEVE,S36_006,6,512,34133,22290,17357,6803,2044,12427,0.199309,0.091700,0.715965,34.312903,5184.513,24698.840,SIMULATO
GEN,S3FIFO,S36_006,6,512,34133,22290,17357,7167,2592,13083,0.209973,0.116285,0.753759,36.841935,5222.997,24698.840,SIMULATO
GEN,WTinyLFU,S36_006,6,512,34133,22290,17357,6512,1900,11945,0.190783,0.085240,0.688195,32.833871,5698.148,24698.840,SIMULATO
GEN,LRU,S36_006,7,512,34135,22144,17501,8189,5248,14118,0.239900,0.236994,0.806697,44.443548,5240.534,24719.946,SIMULATO
GEN,SIEVE,S36_006,7,512,34135,22144,17501,6777,2061,12656,0.198535,0.093073,0.723159,34.667742,5159.237,24719.946,SIMULATO
GEN,S3FIFO,S36_006,7,512,34135,22144,17501,7138,2582,13287,0.209111,0.116600,0.759214,37.108065,5227.281,24719.946,SIMULATO
GEN,WTinyLFU,S36_006,7,512,34135,22144,17501,6510,1895,12110,0.190713,0.085576,0.691960,33.088710,5711.032,24719.946,SIMULATO
GEN,LRU,S36_006,8,512,34006,22312,17462,8227,5112,13938,0.241928,0.229114,0.798190,43.995161,5234.508,24618.154,SIMULATO
GEN,SIEVE,S36_006,8,512,34006,22312,17462,6906,1972,12503,0.203082,0.088383,0.716012,34.485484,5252.705,24618.154,SIMULATO
GEN,S3FIFO,S36_006,8,512,34006,22312,17462,7240,2592,13175,0.212904,0.116171,0.754495,37.108065,5242.053,24618.154,SIMULATO
GEN,WTinyLFU,S36_006,8,512,34006,22312,17462,6604,1815,11970,0.194201,0.081346,0.685488,32.885484,5816.111,24618.154,SIMULATO
GEN,LRU,S36_006,9,512,33924,22343,17513,8248,5117,14100,0.243132,0.229020,0.805116,44.298387,5235.465,24710.633,SIMULATO
GEN,SIEVE,S36_006,9,512,33924,22343,17513,6795,1839,12598,0.200301,0.082308,0.719351,34.245161,5239.303,24710.633,SIMULATO
GEN,S3FIFO,S36_006,9,512,33924,22343,17513,7132,2571,13228,0.210235,0.115070,0.755325,36.985484,5252.313,24710.633,SIMULATO
GEN,WTinyLFU,S36_006,9,512,33924,22343,17513,6523,1842,12042,0.192283,0.082442,0.687603,32.914516,5786.750,24710.633,SIMULATO
GEN,LRU,S36_006,10,512,33953,22236,17591,8417,5389,14183,0.247902,0.242355,0.806265,45.143548,5201.805,24738.627,SIMULATO
GEN,SIEVE,S36_006,10,512,33953,22236,17591,6945,2063,12821,0.204547,0.092777,0.728839,35.208065,5128.410,24738.627,SIMULATO
GEN,S3FIFO,S36_006,10,512,33953,22236,17591,7323,2878,13283,0.215680,0.129430,0.755102,37.877419,5204.882,24738.627,SIMULATO
GEN,WTinyLFU,S36_006,10,512,33953,22236,17591,6639,1943,12205,0.195535,0.087381,0.693821,33.527419,5739.977,24738.627,SIMULATO
GEN,LRU,S36_006,11,512,34248,22303,17229,8174,5111,13774,0.238671,0.229162,0.799466,43.643548,5267.624,24516.548,SIMULATO
GEN,SIEVE,S36_006,11,512,34248,22303,17229,6750,2116,12412,0.197092,0.094875,0.720413,34.319355,5234.834,24516.548,SIMULATO
GEN,S3FIFO,S36_006,11,512,34248,22303,17229,7086,2567,12948,0.206903,0.115097,0.751524,36.453226,5271.753,24516.548,SIMULATO
GEN,WTinyLFU,S36_006,11,512,34248,22303,17229,6460,1805,11802,0.188624,0.080931,0.685008,32.366129,5805.260,24516.548,SIMULATO
GEN,LRU,S36_006,12,512,34004,22349,17427,8245,5294,14017,0.242471,0.236879,0.804327,44.445161,5246.632,24639.138,SIMULATO
GEN,SIEVE,S36_006,12,512,34004,22349,17427,6877,1985,12692,0.202241,0.088818,0.728295,34.764516,5211.932,24639.138,SIMULATO
GEN,S3FIFO,S36_006,12,512,34004,22349,17427,7118,2720,13114,0.209328,0.121706,0.752510,37.019355,5288.734,24639.138,SIMULATO
GEN,WTinyLFU,S36_006,12,512,34004,22349,17427,6477,1940,12068,0.190478,0.086805,0.692489,33.040323,5769.331,24639.138,SIMULATO
GEN,LRU,S36_006,13,512,34022,22386,17372,8096,5240,13956,0.237964,0.234075,0.803362,44.019355,5224.323,24724.140,SIMULATO
GEN,SIEVE,S36_006,13,512,34022,22386,17372,6752,1987,12529,0.198460,0.088761,0.721218,34.303226,5204.247,24724.140,SIMULATO
GEN,S3FIFO,S36_006,13,512,34022,22386,17372,7035,2615,13041,0.206778,0.116814,0.750691,36.598387,5258.597,24724.140,SIMULATO
GEN,WTinyLFU,S36_006,13,512,34022,22386,17372,6589,1822,11998,0.193669,0.081390,0.690652,32.917742,5712.316,24724.140,SIMULATO
GEN,LRU,S36_006,14,512,33949,22387,17444,8199,5102,14131,0.241509,0.227900,0.810078,44.245161,5261.029,24519.307,SIMULATO
GEN,SIEVE,S36_006,14,512,33949,22387,17444,6752,1839,12566,0.198887,0.082146,0.720362,34.124194,5268.906,24519.307,SIMULATO
GEN,S3FIFO,S36_006,14,512,33949,22387,17444,6975,2517,13072,0.205455,0.112431,0.749369,36.393548,5297.682,24519.307,SIMULATO
GEN,WTinyLFU,S36_006,14,512,33949,22387,17444,6454,1802,11977,0.190109,0.080493,0.686597,32.633871,5772.706,24519.307,SIMULATO
GEN,LRU,S36_006,15,512,34175,22142,17463,8231,5233,14097,0.240849,0.236338,0.807250,44.453226,5230.447,24687.436,SIMULATO
GEN,SIEVE,S36_006,15,512,34175,22142,17463,6826,2064,12555,0.199737,0.093217,0.718949,34.588710,5255.261,24687.436,SIMULATO
GEN,S3FIFO,S36_006,15,512,34175,22142,17463,7118,2563,13213,0.208281,0.115753,0.756628,36.925806,5269.482,24687.436,SIMULATO
GEN,WTinyLFU,S36_006,15,512,34175,22142,17463,6557,1961,11990,0.191865,0.088565,0.686595,33.077419,5800.426,24687.436,SIMULATO
GEN,LRU,S36_006,16,512,34148,22308,17324,8350,5160,13935,0.244524,0.231307,0.804375,44.266129,5217.034,24502.618,SIMULATO
GEN,SIEVE,S36_006,16,512,34148,22308,17324,7000,1956,12533,0.204990,0.087682,0.723447,34.659677,5198.879,24502.618,SIMULATO
GEN,S3FIFO,S36_006,16,512,34148,22308,17324,7284,2649,13008,0.213307,0.118747,0.750866,37.001613,5225.071,24502.618,SIMULATO
GEN,WTinyLFU,S36_006,16,512,34148,22308,17324,6612,1830,11912,0.193628,0.082033,0.687601,32.829032,5790.500,24502.618,SIMULATO
GEN,LRU,S36_006,17,512,33970,22431,17379,8122,5259,13778,0.239093,0.234452,0.792796,43.804839,5205.989,24745.757,SIMULATO
GEN,SIEVE,S36_006,17,512,33970,22431,17379,6630,1800,12518,0.195172,0.080246,0.720295,33.787097,5246.047,24745.757,SIMULATO
GEN,S3FIFO,S36_006,17,512,33970,22431,17379,7065,2624,13078,0.207978,0.116981,0.752517,36.720968,5210.232,24745.757,SIMULATO
GEN,WTinyLFU,S36_006,17,512,33970,22431,17379,6419,1803,11979,0.188961,0.080380,0.689280,32.582258,5756.819,24745.757,SIMULATO
GEN,LRU,S36_006,18,512,34072,22343,17365,8296,5339,13862,0.243484,0.238956,0.798272,44.350000,5238.727,24637.766,SIMULATO
GEN,SIEVE,S36_006,18,512,34072,22343,17365,6849,2064,12506,0.201015,0.092378,0.720184,34.546774,5193.244,24637.766,SIMULATO
GEN,S3FIFO,S36_006,18,512,34072,22343,17365,7163,2624,13059,0.210231,0.117442,0.752030,36.848387,5242.350,24637.766,SIMULATO
GEN,WTinyLFU,S36_006,18,512,34072,22343,17365,6579,1958,11927,0.193091,0.087634,0.686841,33.006452,5758.353,24637.766,SIMULATO
GEN,LRU,S36_006,19,512,34114,22331,17335,8218,5243,14039,0.240898,0.234786,0.809864,44.354839,5226.235,24677.565,SIMULATO
GEN,SIEVE,S36_006,19,512,34114,22331,17335,6752,2051,12491,0.197925,0.091845,0.720565,34.345161,5194.500,24677.565,SIMULATO
GEN,S3FIFO,S36_006,19,512,34114,22331,17335,7077,2764,13121,0.207451,0.123774,0.756908,37.035484,5222.889,24677.565,SIMULATO
GEN,WTinyLFU,S36_006,19,512,34114,22331,17335,6468,1875,11973,0.189600,0.083964,0.690684,32.767742,5759.611,24677.565,SIMULATO
GEN,LRU,S36_006,20,512,34190,22244,17346,8370,5028,13819,0.244808,0.226038,0.796668,43.898387,5219.618,24814.218,SIMULATO
GEN,SIEVE,S36_006,20,512,34190,22244,17346,6837,1913,12328,0.199971,0.086001,0.710711,33.996774,5290.516,24814.218,SIMULATO
GEN,S3FIFO,S36_006,20,512,34190,22244,17346,7275,2640,12928,0.212782,0.118684,0.745302,36.843548,5239.626,24814.218,SIMULATO
GEN,WTinyLFU,S36_006,20,512,34190,22244,17346,6634,1834,11734,0.194033,0.082449,0.676467,32.583871,5824.789,24814.218,SIMULATO
GEN,LRU,S12_020,1,512,34297,7371,17232,8086,3926,14011,0.235764,0.532628,0.813080,41.972581,5225.887,25232.007,SIMULATO
GEN,SIEVE,S12_020,1,512,34297,7371,17232,6696,3519,12513,0.195236,0.477411,0.726149,36.658065,5154.753,25232.007,SIMULATO
GEN,S3FIFO,S12_020,1,512,34297,7371,17232,6940,3596,13165,0.202350,0.487858,0.763986,38.227419,5229.382,25232.007,SIMULATO
GEN,WTinyLFU,S12_020,1,512,34297,7371,17232,6278,3253,12173,0.183048,0.441324,0.706418,35.006452,5822.932,25232.007,SIMULATO
GEN,LRU,S12_020,2,512,34120,7459,17321,8112,4064,13990,0.237749,0.544845,0.807690,42.203226,5235.758,25100.619,SIMULATO
GEN,SIEVE,S12_020,2,512,34120,7459,17321,6651,3651,12542,0.194930,0.489476,0.724092,36.845161,5212.115,25100.619,SIMULATO
GEN,S3FIFO,S12_020,2,512,34120,7459,17321,6924,3771,13144,0.202931,0.505564,0.758848,38.450000,5247.082,25100.619,SIMULATO
GEN,WTinyLFU,S12_020,2,512,34120,7459,17321,6179,3433,12137,0.181096,0.460249,0.700710,35.079032,5904.558,25100.619,SIMULATO
GEN,LRU,S12_020,3,512,34010,7574,17316,7912,4163,14119,0.232637,0.549644,0.815373,42.248387,5180.282,25203.684,SIMULATO
GEN,SIEVE,S12_020,3,512,34010,7574,17316,6642,3634,12504,0.195296,0.479799,0.722107,36.741935,5158.611,25203.684,SIMULATO
GEN,S3FIFO,S12_020,3,512,34010,7574,17316,6798,3786,13213,0.199882,0.499868,0.763052,38.382258,5167.000,25203.684,SIMULATO
GEN,WTinyLFU,S12_020,3,512,34010,7574,17316,6141,3345,12203,0.180565,0.441642,0.704724,34.982258,5858.998,25203.684,SIMULATO
GEN,LRU,S12_020,4,512,34076,7447,17377,8078,4131,14197,0.237058,0.554720,0.816999,42.590323,5170.605,25442.351,SIMULATO
GEN,SIEVE,S12_020,4,512,34076,7447,17377,6578,3598,12574,0.193039,0.483148,0.723600,36.693548,5210.118,25442.351,SIMULATO
GEN,S3FIFO,S12_020,4,512,34076,7447,17377,6899,3785,13290,0.202459,0.508258,0.764804,38.667742,5188.523,25442.351,SIMULATO
GEN,WTinyLFU,S12_020,4,512,34076,7447,17377,6052,3310,12202,0.177603,0.444474,0.702193,34.780645,5909.710,25442.351,SIMULATO
GEN,LRU,S12_020,5,512,34016,7483,17401,7872,4030,14154,0.231421,0.538554,0.813402,42.025806,5135.768,25558.938,SIMULATO
GEN,SIEVE,S12_020,5,512,34016,7483,17401,6499,3517,12542,0.191057,0.469999,0.720763,36.383871,5160.989,25558.938,SIMULATO
GEN,S3FIFO,S12_020,5,512,34016,7483,17401,6789,3698,13303,0.199583,0.494187,0.764496,38.370968,5077.913,25558.938,SIMULATO
GEN,WTinyLFU,S12_020,5,512,34016,7483,17401,6057,3289,12093,0.178063,0.439530,0.694960,34.579032,5881.368,25558.938,SIMULATO
GEN,LRU,S12_020,6,512,34243,7446,17211,8117,4121,14005,0.237041,0.553452,0.813724,42.327419,5159.052,25380.841,SIMULATO
GEN,SIEVE,S12_020,6,512,34243,7446,17211,6738,3689,12423,0.196770,0.495434,0.721806,36.854839,5173.816,25380.841,SIMULATO
GEN,S3FIFO,S12_020,6,512,34243,7446,17211,6910,3838,13121,0.201793,0.515445,0.762361,38.498387,5153.785,25380.841,SIMULATO
GEN,WTinyLFU,S12_020,6,512,34243,7446,17211,6201,3423,12170,0.181088,0.459710,0.707106,35.151613,5807.289,25380.841,SIMULATO
GEN,LRU,S12_020,7,512,34062,7399,17439,7948,4008,14201,0.233339,0.541695,0.814324,42.188710,5175.244,25319.741,SIMULATO
GEN,SIEVE,S12_020,7,512,34062,7399,17439,6528,3612,12716,0.191651,0.488174,0.729170,36.864516,5148.853,25319.741,SIMULATO
GEN,S3FIFO,S12_020,7,512,34062,7399,17439,6783,3668,13314,0.199137,0.495743,0.763461,38.330645,5199.565,25319.741,SIMULATO
GEN,WTinyLFU,S12_020,7,512,34062,7399,17439,6092,3353,12298,0.178850,0.453169,0.705201,35.069355,5867.910,25319.741,SIMULATO
GEN,LRU,S12_020,8,512,33953,7422,17525,8003,4183,14210,0.235708,0.563595,0.810842,42.574194,5179.100,25335.096,SIMULATO
GEN,SIEVE,S12_020,8,512,33953,7422,17525,6570,3678,12725,0.193503,0.495554,0.726106,37.053226,5154.810,25335.096,SIMULATO
GEN,S3FIFO,S12_020,8,512,33953,7422,17525,6895,3808,13348,0.203075,0.513069,0.761655,38.791935,5137.065,25335.096,SIMULATO
GEN,WTinyLFU,S12_020,8,512,33953,7422,17525,6139,3393,12288,0.180809,0.457154,0.701170,35.193548,5875.294,25335.096,SIMULATO
GEN,LRU,S12_020,9,512,33984,7550,17366,7929,4130,14193,0.233316,0.547020,0.817287,42.341935,5173.798,25314.427,SIMULATO
GEN,SIEVE,S12_020,9,512,33984,7550,17366,6581,3658,12568,0.193650,0.484503,0.723713,36.785484,5172.465,25314.427,SIMULATO
GEN,S3FIFO,S12_020,9,512,33984,7550,17366,6711,3793,13193,0.197475,0.502384,0.759703,38.220968,5179.766,25314.427,SIMULATO
GEN,WTinyLFU,S12_020,9,512,33984,7550,17366,6067,3399,12187,0.178525,0.450199,0.701774,34.924194,5853.476,25314.427,SIMULATO
GEN,LRU,S12_020,10,512,33862,7432,17606,8114,4032,14340,0.239620,0.542519,0.814495,42.719355,5160.363,25307.259,SIMULATO
GEN,SIEVE,S12_020,10,512,33862,7432,17606,6677,3610,12739,0.197183,0.485737,0.723560,37.138710,5146.752,25307.259,SIMULATO
GEN,S3FIFO,S12_020,10,512,33862,7432,17606,6894,3747,13448,0.203591,0.504171,0.763831,38.853226,5159.371,25307.259,SIMULATO
GEN,WTinyLFU,S12_020,10,512,33862,7432,17606,6217,3302,12316,0.183598,0.444295,0.699534,35.217742,5891.055,25307.259,SIMULATO
GEN,LRU,S12_020,11,512,34145,7456,17299,8034,4171,14058,0.235291,0.559415,0.812648,42.359677,5192.840,25244.092,SIMULATO
GEN,SIEVE,S12_020,11,512,34145,7456,17299,6567,3613,12652,0.192327,0.484576,0.731372,36.825806,5198.235,25244.092,SIMULATO
GEN,S3FIFO,S12_020,11,512,34145,7456,17299,6861,3795,13231,0.200937,0.508986,0.764842,38.527419,5219.687,25244.092,SIMULATO
GEN,WTinyLFU,S12_020,11,512,34145,7456,17299,6121,3366,12176,0.179265,0.451448,0.703856,34.940323,5915.235,25244.092,SIMULATO
GEN,LRU,S12_020,12,512,34139,7413,17348,8109,4120,14129,0.237529,0.555780,0.814445,42.512903,5185.606,25328.168,SIMULATO
GEN,SIEVE,S12_020,12,512,34139,7413,17348,6629,3580,12564,0.194177,0.482935,0.724233,36.730645,5249.482,25328.168,SIMULATO
GEN,S3FIFO,S12_020,12,512,34139,7413,17348,6934,3710,13331,0.203111,0.500472,0.768446,38.669355,5181.324,25328.168,SIMULATO
GEN,WTinyLFU,S12_020,12,512,34139,7413,17348,6182,3363,12197,0.181083,0.453662,0.703078,35.067742,5879.468,25328.168,SIMULATO
GEN,LRU,S12_020,13,512,34016,7469,17415,7767,3950,14119,0.228334,0.528853,0.810738,41.670968,5205.731,25293.296,SIMULATO
GEN,SIEVE,S12_020,13,512,34016,7469,17415,6405,3547,12501,0.188294,0.474896,0.717829,36.214516,5215.613,25293.296,SIMULATO
GEN,S3FIFO,S12_020,13,512,34016,7469,17415,6630,3565,13149,0.194908,0.477306,0.755039,37.651613,5222.084,25293.296,SIMULATO
GEN,WTinyLFU,S12_020,13,512,34016,7469,17415,6083,3269,12172,0.178828,0.437676,0.698938,34.716129,5828.179,25293.296,SIMULATO
GEN,LRU,S12_020,14,512,33834,7478,17588,7955,3980,14300,0.235119,0.532228,0.813054,42.314516,5173.565,25236.177,SIMULATO
GEN,SIEVE,S12_020,14,512,33834,7478,17588,6513,3500,12633,0.192499,0.468040,0.718274,36.525806,5216.702,25236.177,SIMULATO
GEN,S3FIFO,S12_020,14,512,33834,7478,17588,6786,3625,13351,0.200567,0.484755,0.759097,38.325806,5218.584,25236.177,SIMULATO
GEN,WTinyLFU,S12_020,14,512,33834,7478,17588,6082,3302,12403,0.179760,0.441562,0.705197,35.140323,5842.400,25236.177,SIMULATO
GEN,LRU,S12_020,15,512,34208,7268,17424,8086,4026,14180,0.236377,0.553935,0.813820,42.406452,5140.131,25488.383,SIMULATO
GEN,SIEVE,S12_020,15,512,34208,7268,17424,6556,3490,12551,0.191651,0.480187,0.720328,36.446774,5208.782,25488.383,SIMULATO
GEN,S3FIFO,S12_020,15,512,34208,7268,17424,6819,3675,13277,0.199339,0.505641,0.761995,38.340323,5143.055,25488.383,SIMULATO
GEN,WTinyLFU,S12_020,15,512,34208,7268,17424,6133,3242,12304,0.179286,0.446065,0.706152,34.966129,5846.253,25488.383,SIMULATO
GEN,LRU,S12_020,16,512,34183,7307,17410,8156,3983,14172,0.238598,0.545094,0.814015,42.437097,5173.232,25186.587,SIMULATO
GEN,SIEVE,S12_020,16,512,34183,7307,17410,6610,3478,12558,0.193371,0.475982,0.721310,36.525806,5216.461,25186.587,SIMULATO
GEN,S3FIFO,S12_020,16,512,34183,7307,17410,6837,3634,13264,0.200012,0.497331,0.761861,38.282258,5163.153,25186.587,SIMULATO
GEN,WTinyLFU,S12_020,16,512,34183,7307,17410,6182,3183,12131,0.180850,0.435610,0.696783,34.670968,5883.461,25186.587,SIMULATO
GEN,LRU,S12_020,17,512,34117,7320,17463,8015,4068,14173,0.234927,0.555738,0.811602,42.348387,5197.858,25268.786,SIMULATO
GEN,SIEVE,S12_020,17,512,34117,7320,17463,6595,3637,12656,0.193305,0.496858,0.724732,36.916129,5201.273,25268.786,SIMULATO
GEN,S3FIFO,S12_020,17,512,34117,7320,17463,6801,3734,13300,0.199343,0.510109,0.761610,38.443548,5242.427,25268.786,SIMULATO
GEN,WTinyLFU,S12_020,17,512,34117,7320,17463,6166,3291,12270,0.180731,0.449590,0.702628,35.043548,5896.594,25268.786,SIMULATO
GEN,LRU,S12_020,18,512,34095,7367,17438,8027,3999,14134,0.235430,0.542826,0.810529,42.193548,5191.924,25192.427,SIMULATO
GEN,SIEVE,S12_020,18,512,34095,7367,17438,6636,3588,12656,0.194633,0.487037,0.725771,36.903226,5135.526,25192.427,SIMULATO
GEN,S3FIFO,S12_020,18,512,34095,7367,17438,6893,3668,13258,0.202170,0.497896,0.760294,38.417742,5197.979,25192.427,SIMULATO
GEN,WTinyLFU,S12_020,18,512,34095,7367,17438,6178,3352,12293,0.181200,0.455002,0.704955,35.198387,5829.831,25192.427,SIMULATO
GEN,LRU,S12_020,19,512,34133,7415,17352,8035,4089,14087,0.235403,0.551450,0.811837,42.275806,5201.158,25151.607,SIMULATO
GEN,SIEVE,S12_020,19,512,34133,7415,17352,6610,3541,12554,0.193654,0.477546,0.723490,36.620968,5234.927,25151.607,SIMULATO
GEN,S3FIFO,S12_020,19,512,34133,7415,17352,6757,3687,13202,0.197961,0.497235,0.760834,38.138710,5236.753,25151.607,SIMULATO
GEN,WTinyLFU,S12_020,19,512,34133,7415,17352,6144,3403,12174,0.180002,0.458935,0.701591,35.033871,5859.426,25151.607,SIMULATO
GEN,LRU,S12_020,20,512,34260,7381,17259,7951,3876,14014,0.232078,0.525132,0.811982,41.679032,5207.803,25299.463,SIMULATO
GEN,SIEVE,S12_020,20,512,34260,7381,17259,6523,3455,12429,0.190397,0.468094,0.720146,36.140323,5275.848,25299.463,SIMULATO
GEN,S3FIFO,S12_020,20,512,34260,7381,17259,6827,3553,13099,0.199270,0.481371,0.758966,37.869355,5253.819,25299.463,SIMULATO
GEN,WTinyLFU,S12_020,20,512,34260,7381,17259,6140,3197,12066,0.179218,0.433139,0.699114,34.520968,5885.426,25299.463,SIMULATO
GEN,LRU,S36_020,1,512,34207,22163,17410,8599,10435,13806,0.251381,0.470830,0.792993,52.967742,5189.810,25089.820,SIMULATO
GEN,SIEVE,S36_020,1,512,34207,22163,17410,7098,8678,12450,0.207501,0.391553,0.715106,45.525806,5142.624,25089.820,SIMULATO
GEN,S3FIFO,S36_020,1,512,34207,22163,17410,7199,8958,13046,0.210454,0.404187,0.749339,47.101613,5206.839,25089.820,SIMULATO
GEN,WTinyLFU,S36_020,1,512,34207,22163,17410,6572,7946,11959,0.192124,0.358525,0.686904,42.704839,5919.292,25089.820,SIMULATO
GEN,LRU,S36_020,2,512,34068,22466,17246,8520,10791,13646,0.250088,0.480326,0.791256,53.156452,5200.810,24976.303,SIMULATO
GEN,SIEVE,S36_020,2,512,34068,22466,17246,6969,8776,12274,0.204561,0.390635,0.711701,45.191935,5180.548,24976.303,SIMULATO
GEN,S3FIFO,S36_020,2,512,34068,22466,17246,7149,9355,12874,0.209845,0.416407,0.746492,47.383871,5207.142,24976.303,SIMULATO
GEN,WTinyLFU,S36_020,2,512,34068,22466,17246,6473,8188,11856,0.190002,0.364462,0.687464,42.769355,5867.982,24976.303,SIMULATO
GEN,LRU,S36_020,3,512,33943,22522,17315,8430,10580,13755,0.248358,0.469763,0.794398,52.846774,5231.071,24837.525,SIMULATO
GEN,SIEVE,S36_020,3,512,33943,22522,17315,7176,8912,12462,0.211413,0.395702,0.719723,46.048387,5138.455,24837.525,SIMULATO
GEN,S3FIFO,S36_020,3,512,33943,22522,17315,7161,9079,13005,0.210971,0.403117,0.751083,47.169355,5243.263,24837.525,SIMULATO
GEN,WTinyLFU,S36_020,3,512,33943,22522,17315,6470,7959,11963,0.190614,0.353388,0.690904,42.567742,5888.105,24837.525,SIMULATO
GEN,LRU,S36_020,4,512,33992,22326,17462,8675,10691,13825,0.255207,0.478859,0.791719,53.533871,5177.224,25088.927,SIMULATO
GEN,SIEVE,S36_020,4,512,33992,22326,17462,7000,8814,12332,0.205931,0.394786,0.706219,45.396774,5225.626,25088.927,SIMULATO
GEN,S3FIFO,S36_020,4,512,33992,22326,17462,7274,9199,13066,0.213992,0.412031,0.748253,47.643548,5227.002,25088.927,SIMULATO
GEN,WTinyLFU,S36_020,4,512,33992,22326,17462,6609,8132,11955,0.194428,0.364239,0.684629,43.058065,5833.242,25088.927,SIMULATO
GEN,LRU,S36_020,5,512,33972,22382,17426,8305,10684,13747,0.244466,0.477348,0.788879,52.800000,5202.681,25132.361,SIMULATO
GEN,SIEVE,S36_020,5,512,33972,22382,17426,7024,8700,12456,0.206759,0.388705,0.714794,45.451613,5228.126,25132.361,SIMULATO
GEN,S3FIFO,S36_020,5,512,33972,22382,17426,7127,9090,12958,0.209790,0.406130,0.743602,47.056452,5217.495,25132.361,SIMULATO
GEN,WTinyLFU,S36_020,5,512,33972,22382,17426,6557,8007,11982,0.193012,0.357743,0.687593,42.816129,5881.395,25132.361,SIMULATO
GEN,LRU,S36_020,6,512,34133,22290,17357,8541,10524,13715,0.250227,0.472140,0.790171,52.870968,5195.381,24960.727,SIMULATO
GEN,SIEVE,S36_020,6,512,34133,22290,17357,7041,8731,12273,0.206281,0.391700,0.707092,45.233871,5149.413,24960.727,SIMULATO
GEN,S3FIFO,S36_020,6,512,34133,22290,17357,7213,9013,12933,0.211320,0.404352,0.745117,47.030645,5192.158,24960.727,SIMULATO
GEN,WTinyLFU,S36_020,6,512,34133,22290,17357,6590,8051,12049,0.193068,0.361193,0.694187,43.048387,5790.765,24960.727,SIMULATO
GEN,LRU,S36_020,7,512,34135,22144,17501,8402,10507,13809,0.246140,0.474485,0.789041,52.770968,5225.224,24995.549,SIMULATO
GEN,SIEVE,S36_020,7,512,34135,22144,17501,7054,8805,12459,0.206650,0.397625,0.711902,45.674194,5126.110,24995.549,SIMULATO
GEN,S3FIFO,S36_020,7,512,34135,22144,17501,7068,9102,13083,0.207060,0.411037,0.747557,47.182258,5233.389,24995.549,SIMULATO
GEN,WTinyLFU,S36_020,7,512,34135,22144,17501,6576,8062,12060,0.192647,0.364072,0.689103,43.061290,5830.373,24995.549,SIMULATO
GEN,LRU,S36_020,8,512,34006,22312,17462,8448,10709,13841,0.248427,0.479966,0.792635,53.222581,5202.723,24980.983,SIMULATO
GEN,SIEVE,S36_020,8,512,34006,22312,17462,7115,8648,12358,0.209228,0.387594,0.707708,45.356452,5205.335,24980.983,SIMULATO
GEN,S3FIFO,S36_020,8,512,34006,22312,17462,7230,9116,13031,0.212610,0.408569,0.746249,47.382258,5223.656,24980.983,SIMULATO
GEN,WTinyLFU,S36_020,8,512,34006,22312,17462,6559,7932,12030,0.192878,0.355504,0.688925,42.775806,5876.165,24980.983,SIMULATO
GEN,LRU,S36_020,9,512,33924,22343,17513,8482,10534,13912,0.250029,0.471468,0.794381,53.109677,5196.589,25100.385,SIMULATO
GEN,SIEVE,S36_020,9,512,33924,22343,17513,7016,8636,12409,0.206815,0.386519,0.708559,45.259677,5137.853,25100.385,SIMULATO
GEN,S3FIFO,S36_020,9,512,33924,22343,17513,7160,8850,13130,0.211060,0.396097,0.749729,47.000000,5219.839,25100.385,SIMULATO
GEN,WTinyLFU,S36_020,9,512,33924,22343,17513,6562,7863,12112,0.193432,0.351922,0.691601,42.801613,5864.508,25100.385,SIMULATO
GEN,LRU,S36_020,10,512,33953,22236,17591,8631,10514,13998,0.254204,0.472837,0.795748,53.456452,5160.855,25113.185,SIMULATO
GEN,SIEVE,S36_020,10,512,33953,22236,17591,7181,8819,12573,0.211498,0.396609,0.714740,46.085484,5156.734,25113.185,SIMULATO
GEN,S3FIFO,S36_020,10,512,33953,22236,17591,7311,9113,13286,0.215327,0.409831,0.755273,47.919355,5146.298,25113.185,SIMULATO
GEN,WTinyLFU,S36_020,10,512,33953,22236,17591,6621,7975,12258,0.195005,0.358653,0.696834,43.312903,5885.168,25113.185,SIMULATO
GEN,LRU,S36_020,11,512,34248,22303,17229,8462,10604,13603,0.247080,0.475452,0.789541,52.691935,5221.444,24902.412,SIMULATO
GEN,SIEVE,S36_020,11,512,34248,22303,17229,6901,8730,12188,0.201501,0.391427,0.707412,44.869355,5233.315,24902.412,SIMULATO
GEN,S3FIFO,S36_020,11,512,34248,22303,17229,7157,9121,12879,0.208976,0.408958,0.747519,47.027419,5234.366,24902.412,SIMULATO
GEN,WTinyLFU,S36_020,11,512,34248,22303,17229,6469,7976,11737,0.188887,0.357620,0.681235,42.229032,5901.471,24902.412,SIMULATO
GEN,LRU,S36_020,12,512,34004,22349,17427,8487,10681,13699,0.249588,0.477918,0.786079,53.011290,5219.376,24949.779,SIMULATO
GEN,SIEVE,S36_020,12,512,34004,22349,17427,7075,8895,12438,0.208064,0.398004,0.713720,45.819355,5174.424,24949.779,SIMULATO
GEN,S3FIFO,S36_020,12,512,34004,22349,17427,7176,9063,13024,0.211034,0.405521,0.747346,47.198387,5237.574,24949.779,SIMULATO
GEN,WTinyLFU,S36_020,12,512,34004,22349,17427,6522,8170,12060,0.191801,0.365564,0.692030,43.148387,5827.568,24949.779,SIMULATO
GEN,LRU,S36_020,13,512,34022,22386,17372,8301,10609,13769,0.243989,0.473912,0.792597,52.708065,5197.706,25108.983,SIMULATO
GEN,SIEVE,S36_020,13,512,34022,22386,17372,7026,8906,12438,0.206513,0.397838,0.715980,45.758065,5075.165,25108.983,SIMULATO
GEN,S3FIFO,S36_020,13,512,34022,22386,17372,7037,9225,13013,0.206837,0.412088,0.749079,47.217742,5185.250,25108.983,SIMULATO
GEN,WTinyLFU,S36_020,13,512,34022,22386,17372,6480,8071,12000,0.190465,0.360538,0.690767,42.824194,5814.434,25108.983,SIMULATO
GEN,LRU,S36_020,14,512,33949,22387,17444,8463,10531,13827,0.249286,0.470407,0.792651,52.937097,5216.490,24969.286,SIMULATO
GEN,SIEVE,S36_020,14,512,33949,22387,17444,7064,8631,12333,0.208077,0.385536,0.707005,45.206452,5218.556,24969.286,SIMULATO
GEN,S3FIFO,S36_020,14,512,33949,22387,17444,7143,9031,12953,0.210404,0.403404,0.742548,46.979032,5245.579,24969.286,SIMULATO
GEN,WTinyLFU,S36_020,14,512,33949,22387,17444,6533,8038,11962,0.192436,0.359048,0.685737,42.795161,5879.840,24969.286,SIMULATO
GEN,LRU,S36_020,15,512,34175,22142,17463,8502,10360,13892,0.248778,0.467889,0.795511,52.829032,5200.519,25059.724,SIMULATO
GEN,SIEVE,S36_020,15,512,34175,22142,17463,6984,8443,12289,0.204360,0.381312,0.703716,44.703226,5285.511,25059.724,SIMULATO
GEN,S3FIFO,S36_020,15,512,34175,22142,17463,7266,8894,13121,0.212612,0.401680,0.751360,47.227419,5203.977,25059.724,SIMULATO
GEN,WTinyLFU,S36_020,15,512,34175,22142,17463,6585,7811,12051,0.192685,0.352768,0.690088,42.656452,5865.768,25059.724,SIMULATO
GEN,LRU,S36_020,16,512,34148,22308,17324,8519,10611,13734,0.249473,0.475659,0.792773,53.006452,5215.431,24868.741,SIMULATO
GEN,SIEVE,S36_020,16,512,34148,22308,17324,7134,8707,12301,0.208914,0.390308,0.710055,45.390323,5188.087,24868.741,SIMULATO
GEN,S3FIFO,S36_020,16,512,34148,22308,17324,7313,9077,12886,0.214156,0.406894,0.743824,47.219355,5222.908,24868.741,SIMULATO
GEN,WTinyLFU,S36_020,16,512,34148,22308,17324,6619,8046,11875,0.193833,0.360678,0.685465,42.806452,5873.616,24868.741,SIMULATO
GEN,LRU,S36_020,17,512,33970,22431,17379,8358,10817,13736,0.246041,0.482234,0.790379,53.082258,5196.658,24990.948,SIMULATO
GEN,SIEVE,S36_020,17,512,33970,22431,17379,6953,8649,12312,0.204681,0.385582,0.708441,45.022581,5194.198,24990.948,SIMULATO
GEN,S3FIFO,S36_020,17,512,33970,22431,17379,7114,9101,12886,0.209420,0.405733,0.741470,46.937097,5223.468,24990.948,SIMULATO
GEN,WTinyLFU,S36_020,17,512,33970,22431,17379,6450,8015,11995,0.189873,0.357318,0.690201,42.677419,5846.231,24990.948,SIMULATO
GEN,LRU,S36_020,18,512,34072,22343,17365,8444,10592,13677,0.247828,0.474063,0.787619,52.762903,5229.187,24928.552,SIMULATO
GEN,SIEVE,S36_020,18,512,34072,22343,17365,7116,8770,12343,0.208852,0.392517,0.710798,45.530645,5171.011,24928.552,SIMULATO
GEN,S3FIFO,S36_020,18,512,34072,22343,17365,7213,9210,12989,0.211699,0.412210,0.747999,47.438710,5224.160,24928.552,SIMULATO
GEN,WTinyLFU,S36_020,18,512,34072,22343,17365,6595,8104,11972,0.193561,0.362709,0.689433,43.017742,5840.798,24928.552,SIMULATO
GEN,LRU,S36_020,19,512,34114,22331,17335,8408,10660,13829,0.246468,0.477363,0.797750,53.059677,5191.452,25036.702,SIMULATO
GEN,SIEVE,S36_020,19,512,34114,22331,17335,6977,8873,12370,0.204520,0.397340,0.713585,45.516129,5142.023,25036.702,SIMULATO
GEN,S3FIFO,S36_020,19,512,34114,22331,17335,7144,9093,13050,0.209415,0.407192,0.752812,47.237097,5185.768,25036.702,SIMULATO
GEN,WTinyLFU,S36_020,19,512,34114,22331,17335,6399,8110,11904,0.187577,0.363172,0.686703,42.601613,5862.187,25036.702,SIMULATO
GEN,LRU,S36_020,20,512,34190,22244,17346,8597,10455,13599,0.251448,0.470014,0.783985,52.662903,5197.056,25126.758,SIMULATO
GEN,SIEVE,S36_020,20,512,34190,22244,17346,7166,8613,12200,0.209593,0.387206,0.703332,45.127419,5160.002,25126.758,SIMULATO
GEN,S3FIFO,S36_020,20,512,34190,22244,17346,7313,9005,12800,0.213893,0.404828,0.737922,46.964516,5238.060,25126.758,SIMULATO
GEN,WTinyLFU,S36_020,20,512,34190,22244,17346,6754,7888,11864,0.197543,0.354612,0.683962,42.751613,5850.344,25126.758,SIMULATO
REAL,LRU,S12,1,512,34125,7370,17405,8015,1295,14315,0.234872,0.175712,0.822465,38.104839,5223.406,25003.182,SIMULATO
REAL,SIEVE,S12,1,512,34125,7370,17405,6579,367,12777,0.192791,0.049796,0.734099,31.811290,5163.361,25003.182,SIMULATO
REAL,S3FIFO,S12,1,512,34125,7370,17405,6943,557,13493,0.203458,0.075577,0.775237,33.859677,5186.624,25003.182,SIMULATO
REAL,WTinyLFU,S12,1,512,34125,7370,17405,6273,434,12247,0.183824,0.058887,0.703648,30.570968,5763.300,25003.182,SIMULATO
REAL,LRU,S12,2,512,34151,7476,17273,7811,1273,14289,0.228720,0.170278,0.827245,37.698387,5218.442,24917.736,SIMULATO
REAL,SIEVE,S12,2,512,34151,7476,17273,6375,351,12738,0.186671,0.046950,0.737452,31.393548,5217.694,24917.736,SIMULATO
REAL,S3FIFO,S12,2,512,34151,7476,17273,6740,531,13387,0.197359,0.071027,0.775025,33.319355,5237.835,24917.736,SIMULATO
REAL,WTinyLFU,S12,2,512,34151,7476,17273,6065,372,12007,0.177594,0.049759,0.695131,29.748387,5821.271,24917.736,SIMULATO
REAL,LRU,S12,3,512,34143,7535,17222,7754,1272,14195,0.227104,0.168812,0.824236,37.453226,5203.968,24937.542,SIMULATO
REAL,SIEVE,S12,3,512,34143,7535,17222,6426,417,12755,0.188208,0.055342,0.740622,31.609677,5117.518,24937.542,SIMULATO
REAL,S3FIFO,S12,3,512,34143,7535,17222,6635,556,13386,0.194330,0.073789,0.777262,33.188710,5188.356,24937.542,SIMULATO
REAL,WTinyLFU,S12,3,512,34143,7535,17222,5934,399,11932,0.173798,0.052953,0.692835,29.459677,5871.513,24937.542,SIMULATO
REAL,LRU,S12,4,512,34031,7428,17441,7937,1322,14423,0.233229,0.177975,0.826959,38.196774,5138.235,25324.433,SIMULATO
REAL,SIEVE,S12,4,512,34031,7428,17441,6464,373,12814,0.189944,0.050215,0.734706,31.695161,5229.061,25324.433,SIMULATO
REAL,S3FIFO,S12,4,512,34031,7428,17441,6920,563,13570,0.203344,0.075794,0.778052,33.956452,5154.571,25324.433,SIMULATO
REAL,WTinyLFU,S12,4,512,34031,7428,17441,6097,372,12184,0.179160,0.050081,0.698584,30.085484,5826.715,25324.433,SIMULATO
REAL,LRU,S12,5,512,34024,7520,17356,7702,1277,14356,0.226370,0.169814,0.827149,37.637097,5170.995,25213.194,SIMULATO
REAL,SIEVE,S12,5,512,34024,7520,17356,6323,355,12744,0.185839,0.047207,0.734271,31.325806,5176.715,25213.194,SIMULATO
REAL,S3FIFO,S12,5,512,34024,7520,17356,6651,544,13539,0.195480,0.072340,0.780076,33.441935,5171.968,25213.194,SIMULATO
REAL,WTinyLFU,S12,5,512,34024,7520,17356,5941,383,12130,0.174612,0.050931,0.698894,29.764516,5777.208,25213.194,SIMULATO
REAL,LRU,S12,6,512,34124,7387,17389,7959,1245,14346,0.233238,0.168539,0.825004,37.983871,5218.984,24971.108,SIMULATO
REAL,SIEVE,S12,6,512,34124,7387,17389,6530,400,12797,0.191361,0.054149,0.735925,31.817742,5197.913,24971.108,SIMULATO
REAL,S3FIFO,S12,6,512,34124,7387,17389,6838,531,13546,0.200387,0.071883,0.778998,33.733871,5208.913,24971.108,SIMULATO
REAL,WTinyLFU,S12,6,512,34124,7387,17389,6191,398,12280,0.181427,0.053878,0.706194,30.433871,5775.769,24971.108,SIMULATO
REAL,LRU,S12,7,512,34060,7376,17464,7824,1293,14399,0.229712,0.175298,0.824496,37.929032,5191.755,24987.527,SIMULATO
REAL,SIEVE,S12,7,512,34060,7376,17464,6423,330,12805,0.188579,0.044740,0.733223,31.545161,5239.137,24987.527,SIMULATO
REAL,S3FIFO,S12,7,512,34060,7376,17464,6790,504,13541,0.199354,0.068330,0.775366,33.604839,5190.227,24987.527,SIMULATO
REAL,WTinyLFU,S12,7,512,34060,7376,17464,6134,376,12208,0.180094,0.050976,0.699038,30.190323,5834.111,24987.527,SIMULATO
REAL,LRU,S12,8,512,34112,7304,17484,7885,1265,14484,0.231150,0.173193,0.828415,38.119355,5218.035,24918.855,SIMULATO
REAL,SIEVE,S12,8,512,34112,7304,17484,6454,364,12966,0.189200,0.049836,0.741592,31.909677,5207.871,24918.855,SIMULATO
REAL,S3FIFO,S12,8,512,34112,7304,17484,6878,517,13678,0.201630,0.070783,0.782315,33.988710,5195.285,24918.855,SIMULATO
REAL,WTinyLFU,S12,8,512,34112,7304,17484,6202,407,12375,0.181813,0.055723,0.707790,30.619355,5835.610,24918.855,SIMULATO
REAL,LRU,S12,9,512,34060,7539,17301,7894,1258,14354,0.231767,0.166866,0.829663,37.912903,5140.618,25232.397,SIMULATO
REAL,SIEVE,S12,9,512,34060,7539,17301,6433,372,12722,0.188873,0.049343,0.735333,31.495161,5215.727,25232.397,SIMULATO
REAL,S3FIFO,S12,9,512,34060,7539,17301,6794,530,13560,0.199472,0.070301,0.783770,33.683871,5118.661,25232.397,SIMULATO
REAL,WTinyLFU,S12,9,512,34060,7539,17301,6020,372,12063,0.176747,0.049343,0.697243,29.766129,5872.002,25232.397,SIMULATO
REAL,LRU,S12,10,512,33792,7509,17599,7932,1328,14572,0.234730,0.176854,0.828002,38.438710,5200.326,25060.494,SIMULATO
REAL,SIEVE,S12,10,512,33792,7509,17599,6479,372,13077,0.191732,0.049541,0.743054,32.141935,5224.182,25060.494,SIMULATO
REAL,S3FIFO,S12,10,512,33792,7509,17599,6823,535,13809,0.201912,0.071248,0.784647,34.140323,5236.985,25060.494,SIMULATO
REAL,WTinyLFU,S12,10,512,33792,7509,17599,6154,363,12337,0.182114,0.048342,0.701006,30.409677,5856.084,25060.494,SIMULATO
REAL,LRU,S12,11,512,34120,7477,17303,7945,1329,14291,0.232855,0.177745,0.825926,38.008065,5177.765,25045.200,SIMULATO
REAL,SIEVE,S12,11,512,34120,7477,17303,6559,420,12837,0.192233,0.056172,0.741894,31.961290,5106.995,25045.200,SIMULATO
REAL,S3FIFO,S12,11,512,34120,7477,17303,6861,570,13524,0.201084,0.076234,0.781599,33.798387,5202.971,25045.200,SIMULATO
REAL,WTinyLFU,S12,11,512,34120,7477,17303,6198,425,12235,0.181653,0.056841,0.707103,30.416129,5822.268,25045.200,SIMULATO
REAL,LRU,S12,12,512,34097,7477,17326,7845,1292,14282,0.230079,0.172797,0.824310,37.772581,5192.955,24966.923,SIMULATO
REAL,SIEVE,S12,12,512,34097,7477,17326,6393,377,12896,0.187495,0.050421,0.744315,31.719355,5187.352,24966.923,SIMULATO
REAL,S3FIFO,S12,12,512,34097,7477,17326,6694,526,13556,0.196322,0.070349,0.782408,33.509677,5167.848,24966.923,SIMULATO
REAL,WTinyLFU,S12,12,512,34097,7477,17326,6069,415,12191,0.177992,0.055504,0.703625,30.120968,5793.177,24966.923,SIMULATO
REAL,LRU,S12,13,512,34048,7458,17394,7732,1236,14340,0.227091,0.165728,0.824422,37.593548,5220.429,24974.333,SIMULATO
REAL,SIEVE,S12,13,512,34048,7458,17394,6284,323,12728,0.184563,0.043309,0.731747,31.185484,5226.921,24974.333,SIMULATO
REAL,S3FIFO,S12,13,512,34048,7458,17394,6689,476,13451,0.196458,0.063824,0.773313,33.251613,5246.374,24974.333,SIMULATO
REAL,WTinyLFU,S12,13,512,34048,7458,17394,6039,338,12091,0.177367,0.045320,0.695125,29.787097,5806.732,24974.333,SIMULATO
REAL,LRU,S12,14,512,33888,7495,17517,7895,1336,14534,0.232973,0.178252,0.829708,38.330645,5197.890,24965.858,SIMULATO
REAL,SIEVE,S12,14,512,33888,7495,17517,6483,379,12991,0.191307,0.050567,0.741622,32.020968,5207.815,24965.858,SIMULATO
REAL,S3FIFO,S12,14,512,33888,7495,17517,6808,534,13689,0.200897,0.071247,0.781469,33.920968,5206.932,24965.858,SIMULATO
REAL,WTinyLFU,S12,14,512,33888,7495,17517,6008,369,12148,0.177290,0.049233,0.693498,29.879032,5882.361,24965.858,SIMULATO
REAL,LRU,S12,15,512,34174,7288,17438,7946,1280,14358,0.232516,0.175631,0.823374,38.038710,5154.244,25219.877,SIMULATO
REAL,SIEVE,S12,15,512,34174,7288,17438,6473,379,12848,0.189413,0.052003,0.736782,31.774194,5146.595,25219.877,SIMULATO
REAL,S3FIFO,S12,15,512,34174,7288,17438,6889,532,13523,0.201586,0.072997,0.775490,33.780645,5132.484,25219.877,SIMULATO
REAL,WTinyLFU,S12,15,512,34174,7288,17438,6102,415,12131,0.178557,0.056943,0.695665,30.077419,5814.005,25219.877,SIMULATO
REAL,LRU,S12,16,512,34101,7392,17407,7886,1281,14345,0.231254,0.173295,0.824094,37.922581,5180.531,24898.524,SIMULATO
REAL,SIEVE,S12,16,512,34101,7392,17407,6535,406,12813,0.191637,0.054924,0.736083,31.861290,5206.158,24898.524,SIMULATO
REAL,S3FIFO,S12,16,512,34101,7392,17407,6792,552,13491,0.199173,0.074675,0.775033,33.604839,5180.394,24898.524,SIMULATO
REAL,WTinyLFU,S12,16,512,34101,7392,17407,6160,418,12179,0.180640,0.056548,0.699661,30.253226,5874.897,24898.524,SIMULATO
REAL,LRU,S12,17,512,34095,7333,17472,7872,1268,14416,0.230884,0.172917,0.825092,37.993548,5163.702,25127.516,SIMULATO
REAL,SIEVE,S12,17,512,34095,7333,17472,6500,400,12890,0.190644,0.054548,0.737752,31.919355,5196.813,25127.516,SIMULATO
REAL,S3FIFO,S12,17,512,34095,7333,17472,6778,528,13579,0.198797,0.072003,0.777186,33.685484,5165.081,25127.516,SIMULATO
REAL,WTinyLFU,S12,17,512,34095,7333,17472,6065,380,12276,0.177885,0.051821,0.702610,30.195161,5799.877,25127.516,SIMULATO
REAL,LRU,S12,18,512,34141,7397,17362,7901,1310,14379,0.231423,0.177099,0.828188,38.048387,5200.465,25042.580,SIMULATO
REAL,SIEVE,S12,18,512,34141,7397,17362,6521,398,12807,0.191002,0.053806,0.737645,31.816129,5195.102,25042.580,SIMULATO
REAL,S3FIFO,S12,18,512,34141,7397,17362,6851,584,13522,0.200668,0.078951,0.778827,33.801613,5238.018,25042.580,SIMULATO
REAL,WTinyLFU,S12,18,512,34141,7397,17362,6221,396,12238,0.182215,0.053535,0.704873,30.411290,5779.556,25042.580,SIMULATO
REAL,LRU,S12,19,512,33996,7477,17427,7814,1307,14351,0.229851,0.174803,0.823492,37.858065,5217.190,24843.735,SIMULATO
REAL,SIEVE,S12,19,512,33996,7477,17427,6391,379,12732,0.187993,0.050689,0.730590,31.454839,5244.390,24843.735,SIMULATO
REAL,S3FIFO,S12,19,512,33996,7477,17427,6745,543,13509,0.198406,0.072623,0.775176,33.543548,5181.721,24843.735,SIMULATO
REAL,WTinyLFU,S12,19,512,33996,7477,17427,6081,364,12188,0.178874,0.048683,0.699375,30.053226,5786.006,24843.735,SIMULATO
REAL,LRU,S12,20,512,34349,7357,17194,7909,1265,14145,0.230254,0.171945,0.822671,37.611290,5186.692,25107.707,SIMULATO
REAL,SIEVE,S12,20,512,34349,7357,17194,6524,364,12610,0.189933,0.049477,0.733395,31.448387,5201.323,25107.707,SIMULATO
REAL,S3FIFO,S12,20,512,34349,7357,17194,6899,544,13332,0.200850,0.073943,0.775387,33.508065,5192.526,25107.707,SIMULATO
REAL,WTinyLFU,S12,20,512,34349,7357,17194,6215,398,12019,0.180937,0.054098,0.699023,30.051613,5868.584,25107.707,SIMULATO
REAL,LRU,S36,1,512,34300,22130,17350,8069,1173,13872,0.235248,0.053005,0.799539,37.280645,5182.890,24368.427,SIMULATO
REAL,SIEVE,S36,1,512,34300,22130,17350,6608,47,13068,0.192653,0.002124,0.753199,31.811290,5143.590,24368.427,SIMULATO
REAL,S3FIFO,S36,1,512,34300,22130,17350,7014,97,13032,0.204490,0.004383,0.751124,32.488710,5159.250,24368.427,SIMULATO
REAL,WTinyLFU,S36,1,512,34300,22130,17350,6369,68,11944,0.185685,0.003073,0.688415,29.646774,5786.748,24368.427,SIMULATO
REAL,LRU,S36,2,512,33836,22586,17358,7876,1111,13851,0.232770,0.049190,0.797961,36.835484,5252.711,24202.145,SIMULATO
REAL,SIEVE,S36,2,512,33836,22586,17358,6323,48,12997,0.186872,0.002125,0.748761,31.238710,5243.353,24202.145,SIMULATO
REAL,S3FIFO,S36,2,512,33836,22586,17358,6705,85,12710,0.198162,0.003763,0.732227,31.451613,5248.235,24202.145,SIMULATO
REAL,WTinyLFU,S36,2,512,33836,22586,17358,6238,43,12009,0.184360,0.001904,0.691842,29.500000,5817.018,24202.145,SIMULATO
REAL,LRU,S36,3,512,34119,22542,17119,8109,1121,13719,0.237668,0.049729,0.801390,37.014516,5219.508,24303.961,SIMULATO
REAL,SIEVE,S36,3,512,34119,22542,17119,6554,39,12932,0.192092,0.001730,0.755418,31.491935,5131.603,24303.961,SIMULATO
REAL,S3FIFO,S36,3,512,34119,22542,17119,6818,91,12755,0.199830,0.004037,0.745079,31.716129,5210.666,24303.961,SIMULATO
REAL,WTinyLFU,S36,3,512,34119,22542,17119,6308,59,11887,0.184882,0.002617,0.694375,29.441935,5801.955,24303.961,SIMULATO
REAL,LRU,S36,4,512,33977,22320,17483,7950,1191,14069,0.233982,0.053360,0.804725,37.435484,5202.098,24389.530,SIMULATO
REAL,SIEVE,S36,4,512,33977,22320,17483,6567,45,13209,0.193278,0.002016,0.755534,31.969355,5177.216,24389.530,SIMULATO
REAL,S3FIFO,S36,4,512,33977,22320,17483,6832,74,13152,0.201077,0.003315,0.752274,32.351613,5204.105,24389.530,SIMULATO
REAL,WTinyLFU,S36,4,512,33977,22320,17483,6227,45,12154,0.183271,0.002016,0.695190,29.719355,5826.221,24389.530,SIMULATO
REAL,LRU,S36,5,512,34013,22395,17372,7912,1178,13943,0.232617,0.052601,0.802613,37.150000,5170.827,24596.863,SIMULATO
REAL,SIEVE,S36,5,512,34013,22395,17372,6420,32,13161,0.188751,0.001429,0.757598,31.633871,5123.266,24596.863,SIMULATO
REAL,S3FIFO,S36,5,512,34013,22395,17372,6715,93,13012,0.197425,0.004153,0.749021,31.967742,5176.384,24596.863,SIMULATO
REAL,WTinyLFU,S36,5,512,34013,22395,17372,6107,49,12076,0.179549,0.002188,0.695142,29.406452,5755.408,24596.863,SIMULATO
REAL,LRU,S36,6,512,34248,22211,17321,8125,1216,13815,0.237240,0.054748,0.797587,37.348387,5127.748,24564.700,SIMULATO
REAL,SIEVE,S36,6,512,34248,22211,17321,6590,48,12984,0.192420,0.002161,0.749610,31.648387,5156.423,24564.700,SIMULATO
REAL,S3FIFO,S36,6,512,34248,22211,17321,6972,77,12968,0.203574,0.003467,0.748687,32.285484,5105.050,24564.700,SIMULATO
REAL,WTinyLFU,S36,6,512,34248,22211,17321,6339,39,11971,0.185091,0.001756,0.691126,29.595161,5733.373,24564.700,SIMULATO
REAL,LRU,S36,7,512,34126,22197,17457,8114,1175,13951,0.237766,0.052935,0.799164,37.483871,5193.002,24455.205,SIMULATO
REAL,SIEVE,S36,7,512,34126,22197,17457,6605,47,13001,0.193547,0.002117,0.744744,31.698387,5179.332,24455.205,SIMULATO
REAL,S3FIFO,S36,7,512,34126,22197,17457,6879,95,13046,0.201577,0.004280,0.747322,32.290323,5195.942,24455.205,SIMULATO
REAL,WTinyLFU,S36,7,512,34126,22197,17457,6310,45,12034,0.184903,0.002027,0.689351,29.659677,5775.479,24455.205,SIMULATO
REAL,LRU,S36,8,512,34124,22311,17345,7951,1169,13842,0.233003,0.052396,0.798040,37.035484,5159.702,24617.380,SIMULATO
REAL,SIEVE,S36,8,512,34124,22311,17345,6417,48,12965,0.188049,0.002151,0.747478,31.338710,5219.334,24617.380,SIMULATO
REAL,S3FIFO,S36,8,512,34124,22311,17345,6911,90,12910,0.202526,0.004034,0.744307,32.114516,5136.748,24617.380,SIMULATO
REAL,WTinyLFU,S36,8,512,34124,22311,17345,6305,41,11984,0.184767,0.001838,0.690920,29.564516,5738.256,24617.380,SIMULATO
REAL,LRU,S36,9,512,34198,22211,17371,8035,1164,13923,0.234955,0.052406,0.801508,37.293548,5209.474,24396.309,SIMULATO
REAL,SIEVE,S36,9,512,34198,22211,17371,6492,52,13007,0.189836,0.002341,0.748777,31.533871,5253.942,24396.309,SIMULATO
REAL,S3FIFO,S36,9,512,34198,22211,17371,6821,94,12795,0.199456,0.004232,0.736572,31.790323,5242.845,24396.309,SIMULATO
REAL,WTinyLFU,S36,9,512,34198,22211,17371,6293,49,11985,0.184017,0.002206,0.689943,29.559677,5833.574,24396.309,SIMULATO
REAL,LRU,S36,10,512,34044,22181,17555,8100,1233,13989,0.237927,0.055588,0.796867,37.616129,5206.924,24417.836,SIMULATO
REAL,SIEVE,S36,10,512,34044,22181,17555,6492,56,13164,0.190694,0.002525,0.749872,31.793548,5181.723,24417.836,SIMULATO
REAL,S3FIFO,S36,10,512,34044,22181,17555,6949,113,13159,0.204118,0.005094,0.749587,32.614516,5147.661,24417.836,SIMULATO
REAL,WTinyLFU,S36,10,512,34044,22181,17555,6349,58,12142,0.186494,0.002615,0.691655,29.917742,5744.805,24417.836,SIMULATO
REAL,LRU,S36,11,512,34102,22522,17156,7883,1117,13718,0.231159,0.049596,0.799604,36.641935,5247.297,24269.859,SIMULATO
REAL,SIEVE,S36,11,512,34102,22522,17156,6517,47,12856,0.191103,0.002087,0.749359,31.322581,5164.735,24269.859,SIMULATO
REAL,S3FIFO,S36,11,512,34102,22522,17156,6780,88,12579,0.198815,0.003907,0.733213,31.366129,5249.561,24269.859,SIMULATO
REAL,WTinyLFU,S36,11,512,34102,22522,17156,6277,62,11865,0.184065,0.002753,0.691595,29.361290,5771.873,24269.859,SIMULATO
REAL,LRU,S36,12,512,34164,22236,17380,8056,1175,13883,0.235804,0.052842,0.798792,37.280645,5169.160,24548.574,SIMULATO
REAL,SIEVE,S36,12,512,34164,22236,17380,6522,38,12995,0.190903,0.001709,0.747699,31.540323,5184.229,24548.574,SIMULATO
REAL,S3FIFO,S36,12,512,34164,22236,17380,6875,90,12956,0.201235,0.004047,0.745455,32.130645,5180.761,24548.574,SIMULATO
REAL,WTinyLFU,S36,12,512,34164,22236,17380,6245,42,11988,0.182795,0.001889,0.689758,29.475806,5768.398,24548.574,SIMULATO
REAL,LRU,S36,13,512,34140,22328,17312,7912,1149,13849,0.231752,0.051460,0.799965,36.951613,5224.642,24389.343,SIMULATO
REAL,SIEVE,S36,13,512,34140,22328,17312,6498,58,12997,0.190334,0.002598,0.750751,31.537097,5191.198,24389.343,SIMULATO
REAL,S3FIFO,S36,13,512,34140,22328,17312,6749,91,12919,0.197686,0.004076,0.746245,31.869355,5231.392,24389.343,SIMULATO
REAL,WTinyLFU,S36,13,512,34140,22328,17312,6339,51,12027,0.185677,0.002284,0.694720,29.704839,5757.981,24389.343,SIMULATO
REAL,LRU,S36,14,512,33989,22427,17364,7882,1134,13791,0.231899,0.050564,0.794229,36.785484,5218.002,24346.897,SIMULATO
REAL,SIEVE,S36,14,512,33989,22427,17364,6521,26,12996,0.191856,0.001159,0.748445,31.520968,5286.731,24346.897,SIMULATO
REAL,S3FIFO,S36,14,512,33989,22427,17364,6813,77,12749,0.200447,0.003433,0.734220,31.675806,5272.611,24346.897,SIMULATO
REAL,WTinyLFU,S36,14,512,33989,22427,17364,6298,48,12020,0.185295,0.002140,0.692237,29.622581,5780.735,24346.897,SIMULATO
REAL,LRU,S36,15,512,33965,22192,17623,8004,1172,14125,0.235654,0.052812,0.801509,37.582258,5207.124,24377.289,SIMULATO
REAL,SIEVE,S36,15,512,33965,22192,17623,6461,49,13221,0.190225,0.002208,0.750213,31.824194,5130.344,24377.289,SIMULATO
REAL,S3FIFO,S36,15,512,33965,22192,17623,6701,96,13029,0.197291,0.004326,0.739318,31.977419,5212.774,24377.289,SIMULATO
REAL,WTinyLFU,S36,15,512,33965,22192,17623,6166,48,12198,0.181540,0.002163,0.692164,29.696774,5755.906,24377.289,SIMULATO
REAL,LRU,S36,16,512,34021,22274,17485,7984,1144,14004,0.234679,0.051360,0.800915,37.309677,5219.421,24333.137,SIMULATO
REAL,SIEVE,S36,16,512,34021,22274,17485,6534,47,13126,0.192058,0.002110,0.750701,31.785484,5230.965,24333.137,SIMULATO
REAL,S3FIFO,S36,16,512,34021,22274,17485,6854,92,13033,0.201464,0.004130,0.745382,32.224194,5217.455,24333.137,SIMULATO
REAL,WTinyLFU,S36,16,512,34021,22274,17485,6290,42,12196,0.184886,0.001886,0.697512,29.883871,5779.774,24333.137,SIMULATO
REAL,LRU,S36,17,512,34153,22316,17311,8079,1143,13901,0.236553,0.051219,0.803015,37.295161,5189.145,24566.879,SIMULATO
REAL,SIEVE,S36,17,512,34153,22316,17311,6401,36,12860,0.187421,0.001613,0.742880,31.124194,5307.623,24566.879,SIMULATO
REAL,S3FIFO,S36,17,512,34153,22316,17311,6975,84,12969,0.204228,0.003764,0.749177,32.303226,5185.340,24566.879,SIMULATO
REAL,WTinyLFU,S36,17,512,34153,22316,17311,6291,67,11982,0.184201,0.003002,0.692161,29.580645,5819.174,24566.879,SIMULATO
REAL,LRU,S36,18,512,34065,22283,17432,8022,1137,13979,0.235491,0.051025,0.801916,37.319355,5222.458,24364.355,SIMULATO
REAL,SIEVE,S36,18,512,34065,22283,17432,6498,59,13164,0.190753,0.002648,0.755163,31.808065,5198.026,24364.355,SIMULATO
REAL,S3FIFO,S36,18,512,34065,22283,17432,6878,95,12988,0.201908,0.004263,0.745067,32.195161,5190.490,24364.355,SIMULATO
REAL,WTinyLFU,S36,18,512,34065,22283,17432,6325,60,12040,0.185674,0.002693,0.690684,29.717742,5714.090,24364.355,SIMULATO
REAL,LRU,S36,19,512,34079,22413,17288,7792,1159,13894,0.228645,0.051711,0.803679,36.846774,5182.215,24484.361,SIMULATO
REAL,SIEVE,S36,19,512,34079,22413,17288,6382,47,13043,0.187271,0.002097,0.754454,31.406452,5173.598,24484.361,SIMULATO
REAL,S3FIFO,S36,19,512,34079,22413,17288,6683,82,12940,0.196103,0.003659,0.748496,31.782258,5138.815,24484.361,SIMULATO
REAL,WTinyLFU,S36,19,512,34079,22413,17288,6175,51,12030,0.181197,0.002275,0.695858,29.445161,5696.655,24484.361,SIMULATO
REAL,LRU,S36,20,512,34384,22115,17281,7998,1151,13806,0.232608,0.052046,0.798912,37.024194,5225.918,24335.331,SIMULATO
REAL,SIEVE,S36,20,512,34384,22115,17281,6511,55,12911,0.189361,0.002487,0.747121,31.414516,5244.616,24335.331,SIMULATO
REAL,S3FIFO,S36,20,512,34384,22115,17281,6882,117,12749,0.200151,0.005291,0.737747,31.851613,5235.879,24335.331,SIMULATO
REAL,WTinyLFU,S36,20,512,34384,22115,17281,6314,50,11878,0.183632,0.002261,0.687344,29.422581,5815.621,24335.331,SIMULATO
REAL,LRU,C12,1,512,34125,7370,17405,7875,814,14451,0.230769,0.110448,0.830279,37.322581,5189.747,25316.745,SIMULATO
REAL,SIEVE,C12,1,512,34125,7370,17405,6404,206,12954,0.187663,0.027951,0.744269,31.554839,5115.140,25316.745,SIMULATO
REAL,S3FIFO,C12,1,512,34125,7370,17405,6837,320,13689,0.200352,0.043419,0.786498,33.622581,5136.903,25316.745,SIMULATO
REAL,WTinyLFU,C12,1,512,34125,7370,17405,6127,213,12255,0.179546,0.028901,0.704108,29.991935,5705.824,25316.745,SIMULATO
REAL,LRU,C12,2,512,34151,7476,17273,7618,828,14429,0.223068,0.110754,0.835350,36.895161,5181.403,25217.993,SIMULATO
REAL,SIEVE,C12,2,512,34151,7476,17273,6188,196,12930,0.181195,0.026217,0.748567,31.151613,5153.261,25217.993,SIMULATO
REAL,S3FIFO,C12,2,512,34151,7476,17273,6583,318,13553,0.192762,0.042536,0.784635,32.990323,5186.726,25217.993,SIMULATO
REAL,WTinyLFU,C12,2,512,34151,7476,17273,5913,215,12120,0.173143,0.028759,0.701673,29.432258,5791.571,25217.993,SIMULATO
REAL,LRU,C12,3,512,34143,7535,17222,7549,833,14351,0.221099,0.110551,0.833295,36.666129,5175.163,25232.814,SIMULATO
REAL,SIEVE,C12,3,512,34143,7535,17222,6234,200,12927,0.182585,0.026543,0.750610,31.227419,5055.290,25232.814,SIMULATO
REAL,S3FIFO,C12,3,512,34143,7535,17222,6483,279,13605,0.189878,0.037027,0.789978,32.850000,5149.003,25232.814,SIMULATO
REAL,WTinyLFU,C12,3,512,34143,7535,17222,5745,203,12027,0.168263,0.026941,0.698351,28.991935,5816.553,25232.814,SIMULATO
REAL,LRU,C12,4,512,34031,7428,17441,7728,857,14546,0.227087,0.115374,0.834012,37.308065,5102.703,25616.143,SIMULATO
REAL,SIEVE,C12,4,512,34031,7428,17441,6284,217,12979,0.184655,0.029214,0.744166,31.419355,5166.460,25616.143,SIMULATO
REAL,S3FIFO,C12,4,512,34031,7428,17441,6762,346,13799,0.198701,0.046581,0.791182,33.720968,5099.576,25616.143,SIMULATO
REAL,WTinyLFU,C12,4,512,34031,7428,17441,5914,233,12185,0.173783,0.031368,0.698641,29.567742,5814.884,25616.143,SIMULATO
REAL,LRU,C12,5,512,34024,7520,17356,7502,864,14488,0.220491,0.114894,0.834755,36.861290,5143.871,25530.856,SIMULATO
REAL,SIEVE,C12,5,512,34024,7520,17356,6117,198,12926,0.179785,0.026330,0.744757,31.033871,5115.769,25530.856,SIMULATO
REAL,S3FIFO,C12,5,512,34024,7520,17356,6492,339,13687,0.190806,0.045080,0.788603,33.093548,5123.369,25530.856,SIMULATO
REAL,WTinyLFU,C12,5,512,34024,7520,17356,5822,233,12139,0.171115,0.030984,0.699412,29.345161,5753.171,25530.856,SIMULATO
REAL,LRU,C12,6,512,34124,7387,17389,7799,822,14458,0.228549,0.111277,0.831445,37.224194,5186.884,25218.728,SIMULATO
REAL,SIEVE,C12,6,512,34124,7387,17389,6379,197,12946,0.186936,0.026668,0.744494,31.487097,5140.310,25218.728,SIMULATO
REAL,S3FIFO,C12,6,512,34124,7387,17389,6778,342,13720,0.198629,0.046298,0.789005,33.612903,5146.195,25218.728,SIMULATO
REAL,WTinyLFU,C12,6,512,34124,7387,17389,6064,262,12352,0.177705,0.035468,0.710334,30.125806,5724.977,25218.728,SIMULATO
REAL,LRU,C12,7,512,34060,7376,17464,7643,850,14485,0.224398,0.115239,0.829421,37.061290,5154.747,25274.586,SIMULATO
REAL,SIEVE,C12,7,512,34060,7376,17464,6257,191,12942,0.183705,0.025895,0.741067,31.274194,5182.655,25274.586,SIMULATO
REAL,S3FIFO,C12,7,512,34060,7376,17464,6599,285,13744,0.193746,0.038639,0.786990,33.270968,5131.165,25274.586,SIMULATO
REAL,WTinyLFU,C12,7,512,34060,7376,17464,6001,185,12252,0.176189,0.025081,0.701557,29.738710,5799.866,25274.586,SIMULATO
REAL,LRU,C12,8,512,34112,7304,17484,7715,806,14563,0.226167,0.110350,0.832933,37.232258,5190.563,25209.955,SIMULATO
REAL,SIEVE,C12,8,512,34112,7304,17484,6250,201,13049,0.183220,0.027519,0.746340,31.451613,5154.806,25209.955,SIMULATO
REAL,S3FIFO,C12,8,512,34112,7304,17484,6737,319,13764,0.197496,0.043675,0.787234,33.580645,5165.066,25209.955,SIMULATO
REAL,WTinyLFU,C12,8,512,34112,7304,17484,5931,225,12252,0.173868,0.030805,0.700755,29.690323,5806.532,25209.955,SIMULATO
REAL,LRU,C12,9,512,34060,7539,17301,7765,843,14482,0.227980,0.111819,0.837061,37.241935,5106.058,25532.856,SIMULATO
REAL,SIEVE,C12,9,512,34060,7539,17301,6331,182,12887,0.185878,0.024141,0.744870,31.290323,5164.882,25532.856,SIMULATO
REAL,S3FIFO,C12,9,512,34060,7539,17301,6729,288,13705,0.197563,0.038201,0.792151,33.422581,5081.905,25532.856,SIMULATO
REAL,WTinyLFU,C12,9,512,34060,7539,17301,5952,201,12093,0.174750,0.026661,0.698977,29.429032,5837.537,25532.856,SIMULATO
REAL,LRU,C12,10,512,33792,7509,17599,7707,848,14652,0.228072,0.112931,0.832547,37.430645,5169.085,25360.649,SIMULATO
REAL,SIEVE,C12,10,512,33792,7509,17599,6301,208,13216,0.186464,0.027700,0.750952,31.814516,5152.873,25360.649,SIMULATO
REAL,S3FIFO,C12,10,512,33792,7509,17599,6593,321,13934,0.195105,0.042749,0.791750,33.625806,5197.050,25360.649,SIMULATO
REAL,WTinyLFU,C12,10,512,33792,7509,17599,5979,245,12381,0.176935,0.032628,0.703506,30.008065,5815.355,25360.649,SIMULATO
REAL,LRU,C12,11,512,34120,7477,17303,7713,858,14415,0.226055,0.114752,0.833093,37.074194,5143.229,25281.326,SIMULATO
REAL,SIEVE,C12,11,512,34120,7477,17303,6343,225,12965,0.185903,0.030092,0.749292,31.504839,5059.384,25281.326,SIMULATO
REAL,S3FIFO,C12,11,512,34120,7477,17303,6728,325,13685,0.197186,0.043467,0.790903,33.448387,5148.089,25281.326,SIMULATO
REAL,WTinyLFU,C12,11,512,34120,7477,17303,6021,253,12292,0.176465,0.033837,0.710397,29.945161,5773.169,25281.326,SIMULATO
REAL,LRU,C12,12,512,34097,7477,17326,7652,870,14465,0.224419,0.116357,0.834872,37.075806,5153.956,25243.566,SIMULATO
REAL,SIEVE,C12,12,512,34097,7477,17326,6201,223,13021,0.181864,0.029825,0.751529,31.362903,5136.800,25243.566,SIMULATO
REAL,S3FIFO,C12,12,512,34097,7477,17326,6550,359,13733,0.192099,0.048014,0.792624,33.293548,5121.616,25243.566,SIMULATO
REAL,WTinyLFU,C12,12,512,34097,7477,17326,5982,252,12225,0.175441,0.033703,0.705587,29.772581,5763.679,25243.566,SIMULATO
REAL,LRU,C12,13,512,34048,7458,17394,7561,822,14508,0.222069,0.110217,0.834081,36.920968,5185.023,25267.969,SIMULATO
REAL,SIEVE,C12,13,512,34048,7458,17394,6099,184,12956,0.179129,0.024671,0.744855,31.030645,5180.726,25267.969,SIMULATO
REAL,S3FIFO,C12,13,512,34048,7458,17394,6537,284,13774,0.191994,0.038080,0.791882,33.217742,5188.469,25267.969,SIMULATO
REAL,WTinyLFU,C12,13,512,34048,7458,17394,5912,201,12292,0.173637,0.026951,0.706680,29.685484,5770.315,25267.969,SIMULATO
REAL,LRU,C12,14,512,33888,7495,17517,7699,833,14635,0.227190,0.111141,0.835474,37.366129,5164.566,25251.633,SIMULATO
REAL,SIEVE,C12,14,512,33888,7495,17517,6254,202,13105,0.184549,0.026951,0.748130,31.550000,5169.956,25251.633,SIMULATO
REAL,S3FIFO,C12,14,512,33888,7495,17517,6616,298,13786,0.195231,0.039760,0.787007,33.387097,5182.940,25251.633,SIMULATO
REAL,WTinyLFU,C12,14,512,33888,7495,17517,5871,220,12150,0.173247,0.029353,0.693612,29.420968,5835.418,25251.633,SIMULATO
REAL,LRU,C12,15,512,34174,7288,17438,7812,835,14505,0.228595,0.114572,0.831804,37.341935,5126.485,25500.796,SIMULATO
REAL,SIEVE,C12,15,512,34174,7288,17438,6324,213,12985,0.185053,0.029226,0.744638,31.487097,5085.971,25500.796,SIMULATO
REAL,S3FIFO,C12,15,512,34174,7288,17438,6787,329,13677,0.198601,0.045143,0.784322,33.537097,5092.663,25500.796,SIMULATO
REAL,WTinyLFU,C12,15,512,34174,7288,17438,5968,199,12152,0.174636,0.027305,0.696869,29.546774,5776.898,25500.796,SIMULATO
REAL,LRU,C12,16,512,34101,7392,17407,7728,850,14451,0.226621,0.114989,0.830183,37.143548,5151.063,25165.815,SIMULATO
REAL,SIEVE,C12,16,512,34101,7392,17407,6360,240,12957,0.186505,0.032468,0.744356,31.543548,5156.919,25165.815,SIMULATO
REAL,S3FIFO,C12,16,512,34101,7392,17407,6646,322,13650,0.194892,0.043561,0.784167,33.254839,5134.710,25165.815,SIMULATO
REAL,WTinyLFU,C12,16,512,34101,7392,17407,5992,271,12212,0.175713,0.036661,0.701557,29.798387,5792.931,25165.815,SIMULATO
REAL,LRU,C12,17,512,34095,7333,17472,7724,824,14557,0.226543,0.112369,0.833162,37.266129,5131.337,25353.815,SIMULATO
REAL,SIEVE,C12,17,512,34095,7333,17472,6358,198,13036,0.186479,0.027001,0.746108,31.600000,5143.344,25353.815,SIMULATO
REAL,S3FIFO,C12,17,512,34095,7333,17472,6671,317,13751,0.195659,0.043229,0.787031,33.450000,5128.682,25353.815,SIMULATO
REAL,WTinyLFU,C12,17,512,34095,7333,17472,5921,241,12286,0.173662,0.032865,0.703182,29.754839,5770.161,25353.815,SIMULATO
REAL,LRU,C12,18,512,34141,7397,17362,7767,859,14465,0.227498,0.116128,0.833141,37.243548,5161.694,25387.958,SIMULATO
REAL,SIEVE,C12,18,512,34141,7397,17362,6332,217,12952,0.185466,0.029336,0.745997,31.453226,5162.410,25387.958,SIMULATO
REAL,S3FIFO,C12,18,512,34141,7397,17362,6732,326,13698,0.197182,0.044072,0.788964,33.477419,5184.711,25387.958,SIMULATO
REAL,WTinyLFU,C12,18,512,34141,7397,17362,6039,232,12234,0.176884,0.031364,0.704642,29.846774,5715.069,25387.958,SIMULATO
REAL,LRU,C12,19,512,33996,7477,17427,7643,867,14464,0.224821,0.115956,0.829976,37.054839,5186.706,25106.164,SIMULATO
REAL,SIEVE,C12,19,512,33996,7477,17427,6245,185,12896,0.183698,0.024743,0.740001,31.170968,5194.232,25106.164,SIMULATO
REAL,S3FIFO,C12,19,512,33996,7477,17427,6642,283,13706,0.195376,0.037849,0.786481,33.275806,5128.884,25106.164,SIMULATO
REAL,WTinyLFU,C12,19,512,33996,7477,17427,5962,229,12231,0.175374,0.030627,0.701842,29.712903,5779.321,25106.164,SIMULATO
REAL,LRU,C12,20,512,34349,7357,17194,7736,848,14235,0.225218,0.115264,0.827905,36.804839,5155.244,25369.092,SIMULATO
REAL,SIEVE,C12,20,512,34349,7357,17194,6329,195,12711,0.184256,0.026505,0.739270,31.024194,5152.594,25369.092,SIMULATO
REAL,S3FIFO,C12,20,512,34349,7357,17194,6735,335,13529,0.196076,0.045535,0.786844,33.224194,5142.681,25369.092,SIMULATO
REAL,WTinyLFU,C12,20,512,34349,7357,17194,6116,235,11984,0.178055,0.031942,0.696987,29.572581,5832.782,25369.092,SIMULATO
REAL,LRU,C36,1,512,34300,22130,17350,7765,728,14037,0.226385,0.032897,0.809049,36.338710,5138.819,25110.516,SIMULATO
REAL,SIEVE,C36,1,512,34300,22130,17350,6376,22,13227,0.185889,0.000994,0.762363,31.653226,5087.305,25110.516,SIMULATO
REAL,S3FIFO,C36,1,512,34300,22130,17350,6786,43,12923,0.197843,0.001943,0.744841,31.858065,5119.966,25110.516,SIMULATO
REAL,WTinyLFU,C36,1,512,34300,22130,17350,6162,44,12168,0.179650,0.001988,0.701326,29.635484,5714.977,25110.516,SIMULATO
REAL,LRU,C36,2,512,33836,22586,17358,7500,634,13990,0.221657,0.028070,0.805968,35.683871,5201.406,24943.937,SIMULATO
REAL,SIEVE,C36,2,512,33836,22586,17358,6041,24,13146,0.178538,0.001063,0.757345,30.985484,5184.560,24943.937,SIMULATO
REAL,S3FIFO,C36,2,512,33836,22586,17358,6458,44,12657,0.190862,0.001948,0.729174,30.901613,5203.176,24943.937,SIMULATO
REAL,WTinyLFU,C36,2,512,33836,22586,17358,5959,28,12167,0.176114,0.001240,0.700945,29.280645,5738.195,24943.937,SIMULATO
REAL,LRU,C36,3,512,34119,22542,17119,7757,709,13862,0.227351,0.031452,0.809744,36.012903,5170.510,25023.511,SIMULATO
REAL,SIEVE,C36,3,512,34119,22542,17119,6329,16,13106,0.185498,0.000710,0.765582,31.372581,5078.005,25023.511,SIMULATO
REAL,S3FIFO,C36,3,512,34119,22542,17119,6705,35,12776,0.196518,0.001553,0.746305,31.477419,5142.815,25023.511,SIMULATO
REAL,WTinyLFU,C36,3,512,34119,22542,17119,6058,34,12090,0.177555,0.001508,0.706233,29.325806,5746.100,25023.511,SIMULATO
REAL,LRU,C36,4,512,33977,22320,17483,7630,719,14224,0.224564,0.032213,0.813590,36.408065,5150.832,25086.378,SIMULATO
REAL,SIEVE,C36,4,512,33977,22320,17483,6300,28,13357,0.185420,0.001254,0.763999,31.750000,5129.455,25086.378,SIMULATO
REAL,S3FIFO,C36,4,512,33977,22320,17483,6573,41,13137,0.193454,0.001837,0.751416,31.856452,5132.805,25086.378,SIMULATO
REAL,WTinyLFU,C36,4,512,33977,22320,17483,5992,49,12316,0.176355,0.002195,0.704456,29.608065,5737.316,25086.378,SIMULATO
REAL,LRU,C36,5,512,34013,22395,17372,7539,708,14100,0.221651,0.031614,0.811651,36.043548,5120.718,25302.578,SIMULATO
REAL,SIEVE,C36,5,512,34013,22395,17372,6152,22,13285,0.180872,0.000982,0.764736,31.385484,5065.253,25302.578,SIMULATO
REAL,S3FIFO,C36,5,512,34013,22395,17372,6477,53,12799,0.190427,0.002367,0.736760,31.175806,5098.939,25302.578,SIMULATO
REAL,WTinyLFU,C36,5,512,34013,22395,17372,5900,39,12214,0.173463,0.001741,0.703085,29.279032,5717.926,25302.578,SIMULATO
REAL,LRU,C36,6,512,34248,22211,17321,7856,787,13954,0.229386,0.035433,0.805612,36.446774,5081.719,25203.419,SIMULATO
REAL,SIEVE,C36,6,512,34248,22211,17321,6430,18,13106,0.187748,0.000810,0.756654,31.538710,5099.356,25203.419,SIMULATO
REAL,S3FIFO,C36,6,512,34248,22211,17321,6768,49,12714,0.197617,0.002206,0.734022,31.501613,5058.708,25203.419,SIMULATO
REAL,WTinyLFU,C36,6,512,34248,22211,17321,6179,39,12065,0.180419,0.001756,0.696553,29.488710,5689.279,25203.419,SIMULATO
REAL,LRU,C36,7,512,34126,22197,17457,7785,701,14098,0.228125,0.031581,0.807584,36.425806,5141.473,25161.496,SIMULATO
REAL,SIEVE,C36,7,512,34126,22197,17457,6388,18,13132,0.187189,0.000811,0.752248,31.512903,5125.515,25161.496,SIMULATO
REAL,S3FIFO,C36,7,512,34126,22197,17457,6659,58,12917,0.195130,0.002613,0.739932,31.667742,5124.997,25161.496,SIMULATO
REAL,WTinyLFU,C36,7,512,34126,22197,17457,6167,40,12074,0.180713,0.001802,0.691642,29.485484,5745.103,25161.496,SIMULATO
REAL,LRU,C36,8,512,34124,22311,17345,7597,707,14036,0.222629,0.031688,0.809225,36.032258,5116.089,25277.674,SIMULATO
REAL,SIEVE,C36,8,512,34124,22311,17345,6106,35,13159,0.178936,0.001569,0.758662,31.129032,5176.048,25277.674,SIMULATO
REAL,S3FIFO,C36,8,512,34124,22311,17345,6615,59,12890,0.193852,0.002644,0.743154,31.554839,5072.573,25277.674,SIMULATO
REAL,WTinyLFU,C36,8,512,34124,22311,17345,5985,51,12132,0.175390,0.002286,0.699452,29.303226,5689.124,25277.674,SIMULATO
REAL,LRU,C36,9,512,34198,22211,17371,7763,749,14053,0.227002,0.033722,0.808992,36.395161,5156.977,25105.753,SIMULATO
REAL,SIEVE,C36,9,512,34198,22211,17371,6282,16,13122,0.183695,0.000720,0.755397,31.322581,5194.918,25105.753,SIMULATO
REAL,S3FIFO,C36,9,512,34198,22211,17371,6660,56,12704,0.194748,0.002521,0.731334,31.322581,5188.516,25105.753,SIMULATO
REAL,WTinyLFU,C36,9,512,34198,22211,17371,6148,25,12133,0.179777,0.001126,0.698463,29.525806,5767.127,25105.753,SIMULATO
REAL,LRU,C36,10,512,34044,22181,17555,7748,791,14203,0.227588,0.035661,0.809057,36.680645,5160.721,25104.391,SIMULATO
REAL,SIEVE,C36,10,512,34044,22181,17555,6291,20,13378,0.184790,0.000902,0.762062,31.756452,5136.115,25104.391,SIMULATO
REAL,S3FIFO,C36,10,512,34044,22181,17555,6768,53,12988,0.198802,0.002389,0.739846,31.950000,5138.039,25104.391,SIMULATO
REAL,WTinyLFU,C36,10,512,34044,22181,17555,6205,39,12270,0.182264,0.001758,0.698946,29.861290,5704.550,25104.391,SIMULATO
REAL,LRU,C36,11,512,34102,22522,17156,7564,711,13865,0.221805,0.031569,0.808172,35.709677,5195.052,24962.465,SIMULATO
REAL,SIEVE,C36,11,512,34102,22522,17156,6273,34,13006,0.183948,0.001510,0.758102,31.150000,5112.423,24962.465,SIMULATO
REAL,S3FIFO,C36,11,512,34102,22522,17156,6582,74,12556,0.193009,0.003286,0.731872,30.987097,5198.024,24962.465,SIMULATO
REAL,WTinyLFU,C36,11,512,34102,22522,17156,6068,37,12017,0.177937,0.001643,0.700455,29.229032,5704.094,24962.465,SIMULATO
REAL,LRU,C36,12,512,34164,22236,17380,7748,730,14064,0.226788,0.032830,0.809206,36.358065,5120.081,25239.844,SIMULATO
REAL,SIEVE,C36,12,512,34164,22236,17380,6337,38,13199,0.185488,0.001709,0.759436,31.570968,5120.723,25239.844,SIMULATO
REAL,S3FIFO,C36,12,512,34164,22236,17380,6720,47,12889,0.196698,0.002114,0.741600,31.703226,5123.111,25239.844,SIMULATO
REAL,WTinyLFU,C36,12,512,34164,22236,17380,6119,32,12169,0.179107,0.001439,0.700173,29.548387,5725.518,25239.844,SIMULATO
REAL,LRU,C36,13,512,34140,22328,17312,7578,678,14032,0.221968,0.030365,0.810536,35.948387,5179.006,25077.266,SIMULATO
REAL,SIEVE,C36,13,512,34140,22328,17312,6278,27,13128,0.183890,0.001209,0.758318,31.343548,5130.653,25077.266,SIMULATO
REAL,S3FIFO,C36,13,512,34140,22328,17312,6535,50,12779,0.191418,0.002239,0.738159,31.232258,5182.858,25077.266,SIMULATO
REAL,WTinyLFU,C36,13,512,34140,22328,17312,6131,34,12067,0.179584,0.001523,0.697031,29.406452,5734.010,25077.266,SIMULATO
REAL,LRU,C36,14,512,33989,22427,17364,7555,702,13993,0.222278,0.031302,0.805863,35.887097,5167.042,25021.550,SIMULATO
REAL,SIEVE,C36,14,512,33989,22427,17364,6228,6,13180,0.183236,0.000268,0.759042,31.312903,5234.566,25021.550,SIMULATO
REAL,S3FIFO,C36,14,512,33989,22427,17364,6538,44,12771,0.192356,0.001962,0.735487,31.214516,5202.124,25021.550,SIMULATO
REAL,WTinyLFU,C36,14,512,33989,22427,17364,5991,31,12105,0.176263,0.001382,0.697132,29.237097,5787.387,25021.550,SIMULATO
REAL,LRU,C36,15,512,33965,22192,17623,7667,728,14301,0.225732,0.032805,0.811496,36.606452,5162.139,25065.333,SIMULATO
REAL,SIEVE,C36,15,512,33965,22192,17623,6258,17,13421,0.184248,0.000766,0.761562,31.767742,5082.105,25065.333,SIMULATO
REAL,S3FIFO,C36,15,512,33965,22192,17623,6507,53,13017,0.191580,0.002388,0.738637,31.575806,5157.752,25065.333,SIMULATO
REAL,WTinyLFU,C36,15,512,33965,22192,17623,5965,40,12259,0.175622,0.001802,0.695625,29.458065,5719.266,25065.333,SIMULATO
REAL,LRU,C36,16,512,34021,22274,17485,7715,735,14198,0.226772,0.032998,0.812010,36.529032,5170.603,25061.530,SIMULATO
REAL,SIEVE,C36,16,512,34021,22274,17485,6346,18,13318,0.186532,0.000808,0.761681,31.745161,5166.497,25061.530,SIMULATO
REAL,S3FIFO,C36,16,512,34021,22274,17485,6683,52,12983,0.196437,0.002335,0.742522,31.803226,5137.066,25061.530,SIMULATO
REAL,WTinyLFU,C36,16,512,34021,22274,17485,6180,35,12271,0.181653,0.001571,0.701802,29.816129,5718.863,25061.530,SIMULATO
REAL,LRU,C36,17,512,34153,22316,17311,7738,738,14098,0.226569,0.033070,0.814395,36.409677,5139.629,25226.740,SIMULATO
REAL,SIEVE,C36,17,512,34153,22316,17311,6228,22,13058,0.182356,0.000986,0.754318,31.141935,5238.647,25226.740,SIMULATO
REAL,S3FIFO,C36,17,512,34153,22316,17311,6722,59,12833,0.196820,0.002644,0.741321,31.635484,5147.784,25226.740,SIMULATO
REAL,WTinyLFU,C36,17,512,34153,22316,17311,6131,47,12120,0.179516,0.002106,0.700133,29.512903,5740.044,25226.740,SIMULATO
REAL,LRU,C36,18,512,34065,22283,17432,7735,742,14194,0.227066,0.033299,0.814250,36.566129,5172.945,25049.804,SIMULATO
REAL,SIEVE,C36,18,512,34065,22283,17432,6315,20,13400,0.185381,0.000898,0.768701,31.830645,5150.884,25049.804,SIMULATO
REAL,S3FIFO,C36,18,512,34065,22283,17432,6702,56,13086,0.196742,0.002513,0.750688,32.006452,5140.655,25049.804,SIMULATO
REAL,WTinyLFU,C36,18,512,34065,22283,17432,6196,32,12263,0.181888,0.001436,0.703476,29.824194,5650.411,25049.804,SIMULATO
REAL,LRU,C36,19,512,34079,22413,17288,7452,757,14091,0.218668,0.033775,0.815074,35.967742,5133.050,25120.633,SIMULATO
REAL,SIEVE,C36,19,512,34079,22413,17288,6188,30,13230,0.181578,0.001339,0.765271,31.367742,5111.027,25120.633,SIMULATO
REAL,S3FIFO,C36,19,512,34079,22413,17288,6522,56,12906,0.191379,0.002499,0.746529,31.425806,5087.553,25120.633,SIMULATO
REAL,WTinyLFU,C36,19,512,34079,22413,17288,6002,38,12183,0.176120,0.001695,0.704708,29.391935,5655.684,25120.633,SIMULATO
REAL,LRU,C36,20,512,34384,22115,17281,7730,706,14009,0.224814,0.031924,0.810659,36.201613,5180.256,25007.309,SIMULATO
REAL,SIEVE,C36,20,512,34384,22115,17281,6297,42,13089,0.183138,0.001899,0.757421,31.335484,5192.419,25007.309,SIMULATO
REAL,S3FIFO,C36,20,512,34384,22115,17281,6677,76,12714,0.194189,0.003437,0.735721,31.398387,5202.161,25007.309,SIMULATO
REAL,WTinyLFU,C36,20,512,34384,22115,17281,6146,45,12169,0.178746,0.002035,0.704184,29.612903,5755.894,25007.309,SIMULATO
REAL,LRU,P0,1,512,34198,0,17262,7850,0,14830,0.229546,nan,0.859113,36.580645,5163.360,25544.370,SIMULATO
REAL,SIEVE,P0,1,512,34198,0,17262,6479,0,13427,0.189456,nan,0.777836,32.106452,5056.890,25544.370,SIMULATO
REAL,S3FIFO,P0,1,512,34198,0,17262,6933,0,14227,0.202731,nan,0.824180,34.129032,5156.835,25544.370,SIMULATO
REAL,WTinyLFU,P0,1,512,34198,0,17262,6181,0,12410,0.180742,nan,0.718920,29.985484,5756.527,25544.370,SIMULATO
REAL,LRU,P0,2,512,34109,0,17351,7911,0,14939,0.231933,nan,0.860988,36.854839,5152.011,25429.129,SIMULATO
REAL,SIEVE,P0,2,512,34109,0,17351,6381,0,13401,0.187077,nan,0.772347,31.906452,5181.300,25429.129,SIMULATO
REAL,S3FIFO,P0,2,512,34109,0,17351,6979,0,14333,0.204609,nan,0.826062,34.374194,5157.190,25429.129,SIMULATO
REAL,WTinyLFU,P0,2,512,34109,0,17351,6028,0,12514,0.176728,nan,0.721226,29.906452,5798.374,25429.129,SIMULATO
REAL,LRU,P0,3,512,34178,0,17282,7748,0,14810,0.226696,nan,0.856961,36.383871,5133.339,25409.694,SIMULATO
REAL,SIEVE,P0,3,512,34178,0,17282,6363,0,13351,0.186172,nan,0.772538,31.796774,5110.794,25409.694,SIMULATO
REAL,S3FIFO,P0,3,512,34178,0,17282,6814,0,14253,0.199368,nan,0.824731,33.979032,5084.369,25409.694,SIMULATO
REAL,WTinyLFU,P0,3,512,34178,0,17282,5904,0,12262,0.172743,nan,0.709524,29.300000,5883.027,25409.694,SIMULATO
REAL,LRU,P0,4,512,34177,0,17283,7821,0,14874,0.228838,nan,0.860614,36.604839,5123.266,25538.067,SIMULATO
REAL,SIEVE,P0,4,512,34177,0,17283,6409,0,13467,0.187524,nan,0.779205,32.058065,5050.471,25538.067,SIMULATO
REAL,S3FIFO,P0,4,512,34177,0,17283,6858,0,14249,0.200661,nan,0.824452,34.043548,5132.181,25538.067,SIMULATO
REAL,WTinyLFU,P0,4,512,34177,0,17283,5877,0,12264,0.171958,nan,0.709599,29.259677,5892.869,25538.067,SIMULATO
REAL,LRU,P0,5,512,33926,0,17534,7569,0,15094,0.223103,nan,0.860842,36.553226,5156.419,25540.372,SIMULATO
REAL,SIEVE,P0,5,512,33926,0,17534,6159,0,13619,0.181542,nan,0.776720,31.900000,5115.571,25540.372,SIMULATO
REAL,S3FIFO,P0,5,512,33926,0,17534,6643,0,14462,0.195809,nan,0.824798,34.040323,5156.944,25540.372,SIMULATO
REAL,WTinyLFU,P0,5,512,33926,0,17534,5810,0,12705,0.171255,nan,0.724592,29.862903,5828.956,25540.372,SIMULATO
REAL,LRU,P0,6,512,34278,0,17182,7662,0,14678,0.223525,nan,0.854266,36.032258,5222.271,25213.812,SIMULATO
REAL,SIEVE,P0,6,512,34278,0,17182,6314,0,13260,0.184200,nan,0.771738,31.570968,5175.685,25213.812,SIMULATO
REAL,S3FIFO,P0,6,512,34278,0,17182,6764,0,14035,0.197328,nan,0.816843,33.546774,5211.911,25213.812,SIMULATO
REAL,WTinyLFU,P0,6,512,34278,0,17182,5971,0,12199,0.174193,nan,0.709987,29.306452,5833.031,25213.812,SIMULATO
REAL,LRU,P0,7,512,34031,0,17429,7656,0,14990,0.224971,nan,0.860061,36.525806,5139.958,25549.833,SIMULATO
REAL,SIEVE,P0,7,512,34031,0,17429,6318,0,13474,0.185654,nan,0.773079,31.922581,5121.500,25549.833,SIMULATO
REAL,S3FIFO,P0,7,512,34031,0,17429,6714,0,14352,0.197291,nan,0.823455,33.977419,5106.935,25549.833,SIMULATO
REAL,WTinyLFU,P0,7,512,34031,0,17429,5961,0,12464,0.175164,nan,0.715130,29.717742,5817.521,25549.833,SIMULATO
REAL,LRU,P0,8,512,33970,0,17490,7713,0,15048,0.227053,nan,0.860377,36.711290,5158.656,25376.928,SIMULATO
REAL,SIEVE,P0,8,512,33970,0,17490,6280,0,13452,0.184869,nan,0.769125,31.825806,5185.018,25376.928,SIMULATO
REAL,S3FIFO,P0,8,512,33970,0,17490,6817,0,14378,0.200677,nan,0.822070,34.185484,5144.632,25376.928,SIMULATO
REAL,WTinyLFU,P0,8,512,33970,0,17490,5921,0,12420,0.174301,nan,0.710120,29.582258,5876.163,25376.928,SIMULATO
REAL,LRU,P0,9,512,34098,0,17362,7728,0,14923,0.226641,nan,0.859521,36.533871,5144.629,25572.259,SIMULATO
REAL,SIEVE,P0,9,512,34098,0,17362,6257,0,13466,0.183500,nan,0.775602,31.811290,5128.994,25572.259,SIMULATO
REAL,S3FIFO,P0,9,512,34098,0,17362,6792,0,14290,0.199191,nan,0.823062,34.003226,5153.348,25572.259,SIMULATO
REAL,WTinyLFU,P0,9,512,34098,0,17362,5958,0,12437,0.174732,nan,0.716335,29.669355,5814.903,25572.259,SIMULATO
REAL,LRU,P0,10,512,33840,0,17620,7777,0,15241,0.229817,nan,0.864983,37.125806,5141.519,25486.969,SIMULATO
REAL,SIEVE,P0,10,512,33840,0,17620,6342,0,13664,0.187411,nan,0.775482,32.267742,5158.390,25486.969,SIMULATO
REAL,S3FIFO,P0,10,512,33840,0,17620,6850,0,14542,0.202423,nan,0.825312,34.503226,5137.319,25486.969,SIMULATO
REAL,WTinyLFU,P0,10,512,33840,0,17620,5925,0,12531,0.175089,nan,0.711180,29.767742,5853.347,25486.969,SIMULATO
REAL,LRU,P0,11,512,34068,0,17392,7765,0,14828,0.227926,nan,0.852576,36.440323,5149.600,25568.326,SIMULATO
REAL,SIEVE,P0,11,512,34068,0,17392,6356,0,13512,0.186568,nan,0.776909,32.045161,5073.023,25568.326,SIMULATO
REAL,S3FIFO,P0,11,512,34068,0,17392,6893,0,14267,0.202331,nan,0.820320,34.129032,5117.335,25568.326,SIMULATO
REAL,WTinyLFU,P0,11,512,34068,0,17392,6016,0,12354,0.176588,nan,0.710327,29.629032,5802.502,25568.326,SIMULATO
REAL,LRU,P0,12,512,34124,0,17336,7824,0,14867,0.229281,nan,0.857580,36.598387,5158.956,25498.989,SIMULATO
REAL,SIEVE,P0,12,512,34124,0,17336,6391,0,13329,0.187288,nan,0.768862,31.806452,5156.527,25498.989,SIMULATO
REAL,S3FIFO,P0,12,512,34124,0,17336,6887,0,14197,0.201823,nan,0.818932,34.006452,5149.915,25498.989,SIMULATO
REAL,WTinyLFU,P0,12,512,34124,0,17336,6015,0,12289,0.176269,nan,0.708872,29.522581,5805.681,25498.989,SIMULATO
REAL,LRU,P0,13,512,33956,0,17504,7587,0,15067,0.223436,nan,0.860775,36.538710,5156.566,25421.811,SIMULATO
REAL,SIEVE,P0,13,512,33956,0,17504,6161,0,13637,0.181441,nan,0.779079,31.932258,5088.189,25421.811,SIMULATO
REAL,S3FIFO,P0,13,512,33956,0,17504,6664,0,14415,0.196254,nan,0.823526,33.998387,5152.681,25421.811,SIMULATO
REAL,WTinyLFU,P0,13,512,33956,0,17504,5827,0,12567,0.171604,nan,0.717950,29.667742,5826.868,25421.811,SIMULATO
REAL,LRU,P0,14,512,33840,0,17620,7650,0,15224,0.226064,nan,0.864018,36.893548,5155.118,25468.301,SIMULATO
REAL,SIEVE,P0,14,512,33840,0,17620,6156,0,13647,0.181915,nan,0.774518,31.940323,5128.218,25468.301,SIMULATO
REAL,S3FIFO,P0,14,512,33840,0,17620,6713,0,14597,0.198375,nan,0.828434,34.370968,5157.965,25468.301,SIMULATO
REAL,WTinyLFU,P0,14,512,33840,0,17620,5816,0,12523,0.171868,nan,0.710726,29.579032,5817.652,25468.301,SIMULATO
REAL,LRU,P0,15,512,33960,0,17500,7833,0,15033,0.230654,nan,0.859029,36.880645,5118.034,25718.891,SIMULATO
REAL,SIEVE,P0,15,512,33960,0,17500,6296,0,13505,0.185395,nan,0.771714,31.937097,5141.082,25718.891,SIMULATO
REAL,S3FIFO,P0,15,512,33960,0,17500,6830,0,14390,0.201119,nan,0.822286,34.225806,5139.416,25718.891,SIMULATO
REAL,WTinyLFU,P0,15,512,33960,0,17500,6019,0,12418,0.177238,nan,0.709600,29.737097,5809.266,25718.891,SIMULATO
REAL,LRU,P0,16,512,34138,0,17322,7823,0,14889,0.229158,nan,0.859543,36.632258,5117.561,25524.151,SIMULATO
REAL,SIEVE,P0,16,512,34138,0,17322,6413,0,13468,0.187855,nan,0.777508,32.066129,5093.855,25524.151,SIMULATO
REAL,S3FIFO,P0,16,512,34138,0,17322,7011,0,14261,0.205372,nan,0.823288,34.309677,5078.547,25524.151,SIMULATO
REAL,WTinyLFU,P0,16,512,34138,0,17322,6148,0,12422,0.180093,nan,0.717123,29.951613,5776.502,25524.151,SIMULATO
REAL,LRU,P0,17,512,33996,0,17464,7739,0,14993,0.227644,nan,0.858509,36.664516,5194.197,25254.967,SIMULATO
REAL,SIEVE,P0,17,512,33996,0,17464,6264,0,13521,0.184257,nan,0.774221,31.911290,5186.239,25254.967,SIMULATO
REAL,S3FIFO,P0,17,512,33996,0,17464,6772,0,14340,0.199200,nan,0.821118,34.051613,5206.065,25254.967,SIMULATO
REAL,WTinyLFU,P0,17,512,33996,0,17464,5948,0,12349,0.174962,nan,0.707112,29.511290,5839.773,25254.967,SIMULATO
REAL,LRU,P0,18,512,34081,0,17379,7687,0,14894,0.225551,nan,0.857011,36.420968,5201.463,25294.706,SIMULATO
REAL,SIEVE,P0,18,512,34081,0,17379,6338,0,13412,0.185969,nan,0.771736,31.854839,5156.223,25294.706,SIMULATO
REAL,S3FIFO,P0,18,512,34081,0,17379,6776,0,14273,0.198820,nan,0.821279,33.950000,5191.358,25294.706,SIMULATO
REAL,WTinyLFU,P0,18,512,34081,0,17379,5972,0,12381,0.175230,nan,0.712412,29.601613,5839.502,25294.706,SIMULATO
REAL,LRU,P0,19,512,34079,0,17381,7799,0,14981,0.228851,nan,0.861918,36.741935,5109.197,25582.158,SIMULATO
REAL,SIEVE,P0,19,512,34079,0,17381,6367,0,13503,0.186831,nan,0.776883,32.048387,5126.427,25582.158,SIMULATO
REAL,S3FIFO,P0,19,512,34079,0,17381,6885,0,14376,0.202031,nan,0.827110,34.291935,5099.823,25582.158,SIMULATO
REAL,WTinyLFU,P0,19,512,34079,0,17381,6006,0,12382,0.176238,nan,0.712387,29.658065,5818.002,25582.158,SIMULATO
REAL,LRU,P0,20,512,34159,0,17301,7719,0,14832,0.225973,nan,0.857291,36.372581,5140.218,25656.984,SIMULATO
REAL,SIEVE,P0,20,512,34159,0,17301,6333,0,13325,0.185398,nan,0.770187,31.706452,5106.731,25656.984,SIMULATO
REAL,S3FIFO,P0,20,512,34159,0,17301,6784,0,14209,0.198601,nan,0.821282,33.859677,5158.010,25656.984,SIMULATO
REAL,WTinyLFU,P0,20,512,34159,0,17301,6034,0,12180,0.176645,nan,0.704006,29.377419,5876.055,25656.984,SIMULATO
REAL,LRU,S12_006,1,512,34125,7370,17405,8125,2459,14223,0.238095,0.333650,0.817179,40.011290,5217.502,25140.449,SIMULATO
REAL,SIEVE,S12_006,1,512,34125,7370,17405,6738,1684,12594,0.197451,0.228494,0.723585,33.896774,5112.548,25140.449,SIMULATO
REAL,S3FIFO,S12_006,1,512,34125,7370,17405,6967,1877,13285,0.204161,0.254681,0.763286,35.691935,5176.632,25140.449,SIMULATO
REAL,WTinyLFU,S12_006,1,512,34125,7370,17405,6318,1717,12305,0.185143,0.232972,0.706981,32.806452,5767.587,25140.449,SIMULATO
REAL,LRU,S12_006,2,512,34151,7476,17273,7859,2465,14188,0.230125,0.329722,0.821398,39.535484,5213.061,25037.895,SIMULATO
REAL,SIEVE,S12_006,2,512,34151,7476,17273,6473,1558,12516,0.189541,0.208400,0.724599,33.140323,5252.126,25037.895,SIMULATO
REAL,S3FIFO,S12_006,2,512,34151,7476,17273,6817,1792,13319,0.199613,0.239700,0.771088,35.367742,5237.548,25037.895,SIMULATO
REAL,WTinyLFU,S12_006,2,512,34151,7476,17273,6213,1614,12162,0.181927,0.215891,0.704105,32.240323,5840.131,25037.895,SIMULATO
REAL,LRU,S12_006,3,512,34143,7535,17222,7816,2385,14101,0.228920,0.316523,0.818778,39.196774,5197.223,25061.918,SIMULATO
REAL,SIEVE,S12_006,3,512,34143,7535,17222,6500,1628,12524,0.190376,0.216058,0.727209,33.309677,5125.790,25061.918,SIMULATO
REAL,S3FIFO,S12_006,3,512,34143,7535,17222,6756,1817,13249,0.197874,0.241141,0.769307,35.196774,5148.560,25061.918,SIMULATO
REAL,WTinyLFU,S12_006,3,512,34143,7535,17222,5978,1561,11938,0.175087,0.207167,0.693183,31.414516,5856.574,25061.918,SIMULATO
REAL,LRU,S12_006,4,512,34031,7428,17441,8017,2516,14290,0.235579,0.338718,0.819334,40.037097,5136.797,25464.459,SIMULATO
REAL,SIEVE,S12_006,4,512,34031,7428,17441,6600,1633,12634,0.193941,0.219844,0.724385,33.656452,5207.719,25464.459,SIMULATO
REAL,S3FIFO,S12_006,4,512,34031,7428,17441,6963,1894,13427,0.204608,0.254981,0.769853,35.941935,5162.973,25464.459,SIMULATO
REAL,WTinyLFU,S12_006,4,512,34031,7428,17441,6210,1669,12341,0.182481,0.224690,0.707586,32.612903,5780.463,25464.459,SIMULATO
REAL,LRU,S12_006,5,512,34024,7520,17356,7749,2454,14216,0.227751,0.326330,0.819083,39.385484,5170.076,25322.374,SIMULATO
REAL,SIEVE,S12_006,5,512,34024,7520,17356,6449,1632,12559,0.189543,0.217021,0.723611,33.290323,5172.526,25322.374,SIMULATO
REAL,S3FIFO,S12_006,5,512,34024,7520,17356,6665,1924,13359,0.195891,0.255851,0.769705,35.400000,5153.419,25322.374,SIMULATO
REAL,WTinyLFU,S12_006,5,512,34024,7520,17356,6029,1642,12199,0.177198,0.218351,0.702869,32.048387,5774.544,25322.374,SIMULATO
REAL,LRU,S12_006,6,512,34124,7387,17389,8023,2450,14226,0.235113,0.331664,0.818103,39.837097,5215.245,25127.303,SIMULATO
REAL,SIEVE,S12_006,6,512,34124,7387,17389,6649,1555,12643,0.194848,0.210505,0.727069,33.624194,5199.258,25127.303,SIMULATO
REAL,S3FIFO,S12_006,6,512,34124,7387,17389,6911,1833,13359,0.202526,0.248139,0.768244,35.650000,5222.942,25127.303,SIMULATO
REAL,WTinyLFU,S12_006,6,512,34124,7387,17389,6248,1629,12350,0.183097,0.220523,0.710219,32.624194,5768.955,25127.303,SIMULATO
REAL,LRU,S12_006,7,512,34060,7376,17464,7894,2462,14291,0.231767,0.333785,0.818312,39.753226,5184.539,25155.722,SIMULATO
REAL,SIEVE,S12_006,7,512,34060,7376,17464,6522,1579,12553,0.191486,0.214073,0.718793,33.312903,5208.016,25155.722,SIMULATO
REAL,S3FIFO,S12_006,7,512,34060,7376,17464,6796,1810,13408,0.199530,0.245390,0.767751,35.506452,5197.177,25155.722,SIMULATO
REAL,WTinyLFU,S12_006,7,512,34060,7376,17464,6161,1589,12224,0.180887,0.215428,0.699954,32.216129,5841.981,25155.722,SIMULATO
REAL,LRU,S12_006,8,512,34112,7304,17484,7966,2378,14385,0.233525,0.325575,0.822752,39.885484,5202.821,25136.406,SIMULATO
REAL,SIEVE,S12_006,8,512,34112,7304,17484,6618,1513,12754,0.194008,0.207147,0.729467,33.685484,5185.476,25136.406,SIMULATO
REAL,S3FIFO,S12_006,8,512,34112,7304,17484,6885,1752,13410,0.201835,0.239869,0.766987,35.559677,5189.742,25136.406,SIMULATO
REAL,WTinyLFU,S12_006,8,512,34112,7304,17484,6227,1561,12279,0.182546,0.213719,0.702299,32.366129,5863.702,25136.406,SIMULATO
REAL,LRU,S12_006,9,512,34060,7539,17301,7928,2500,14250,0.232766,0.331609,0.823652,39.803226,5138.439,25363.352,SIMULATO
REAL,SIEVE,S12_006,9,512,34060,7539,17301,6511,1530,12477,0.191163,0.202945,0.721172,33.093548,5240.892,25363.352,SIMULATO
REAL,S3FIFO,S12_006,9,512,34060,7539,17301,6787,1840,13328,0.199266,0.244064,0.770360,35.411290,5140.865,25363.352,SIMULATO
REAL,WTinyLFU,S12_006,9,512,34060,7539,17301,6049,1635,12083,0.177598,0.216872,0.698399,31.882258,5874.876,25363.352,SIMULATO
REAL,LRU,S12_006,10,512,33792,7509,17599,7998,2460,14469,0.236683,0.327607,0.822149,40.204839,5191.160,25227.451,SIMULATO
REAL,SIEVE,S12_006,10,512,33792,7509,17599,6629,1640,12885,0.196171,0.218405,0.732144,34.119355,5219.634,25227.451,SIMULATO
REAL,S3FIFO,S12_006,10,512,33792,7509,17599,6905,1855,13611,0.204338,0.247037,0.773396,36.082258,5228.932,25227.451,SIMULATO
REAL,WTinyLFU,S12_006,10,512,33792,7509,17599,6225,1664,12482,0.184215,0.221601,0.709245,32.856452,5824.645,25227.451,SIMULATO
REAL,LRU,S12_006,11,512,34120,7477,17303,8002,2550,14169,0.234525,0.341046,0.818875,39.872581,5178.437,25149.383,SIMULATO
REAL,SIEVE,S12_006,11,512,34120,7477,17303,6717,1680,12677,0.196864,0.224689,0.732648,33.990323,5057.963,25149.383,SIMULATO
REAL,S3FIFO,S12_006,11,512,34120,7477,17303,6927,1849,13365,0.203019,0.247292,0.772409,35.711290,5178.776,25149.383,SIMULATO
REAL,WTinyLFU,S12_006,11,512,34120,7477,17303,6256,1716,12290,0.183353,0.229504,0.710281,32.680645,5770.297,25149.383,SIMULATO
REAL,LRU,S12_006,12,512,34097,7477,17326,7921,2513,14220,0.232308,0.336097,0.820732,39.764516,5193.494,25117.752,SIMULATO
REAL,SIEVE,S12_006,12,512,34097,7477,17326,6470,1611,12683,0.189753,0.215461,0.732021,33.490323,5216.744,25117.752,SIMULATO
REAL,S3FIFO,S12_006,12,512,34097,7477,17326,6707,1854,13372,0.196704,0.247960,0.771788,35.375806,5200.366,25117.752,SIMULATO
REAL,WTinyLFU,S12_006,12,512,34097,7477,17326,6158,1694,12298,0.180602,0.226561,0.709800,32.500000,5784.534,25117.752,SIMULATO
REAL,LRU,S12_006,13,512,34048,7458,17394,7838,2399,14227,0.230204,0.321668,0.817926,39.458065,5215.431,25116.669,SIMULATO
REAL,SIEVE,S12_006,13,512,34048,7458,17394,6394,1519,12496,0.187794,0.203674,0.718409,32.917742,5265.142,25116.669,SIMULATO
REAL,S3FIFO,S12_006,13,512,34048,7458,17394,6746,1767,13334,0.198132,0.236927,0.766586,35.237097,5234.790,25116.669,SIMULATO
REAL,WTinyLFU,S12_006,13,512,34048,7458,17394,6094,1596,12201,0.178983,0.213998,0.701449,32.082258,5792.577,25116.669,SIMULATO
REAL,LRU,S12_006,14,512,33888,7495,17517,7922,2545,14406,0.233770,0.339560,0.822401,40.117742,5198.855,25091.281,SIMULATO
REAL,SIEVE,S12_006,14,512,33888,7495,17517,6585,1632,12768,0.194317,0.217745,0.728892,33.846774,5239.579,25091.281,SIMULATO
REAL,S3FIFO,S12_006,14,512,33888,7495,17517,6854,1877,13455,0.202254,0.250434,0.768111,35.783871,5237.629,25091.281,SIMULATO
REAL,WTinyLFU,S12_006,14,512,33888,7495,17517,6136,1623,12248,0.181067,0.216544,0.699206,32.269355,5883.353,25091.281,SIMULATO
REAL,LRU,S12_006,15,512,34174,7288,17438,8031,2456,14263,0.235003,0.336992,0.817926,39.919355,5154.937,25307.185,SIMULATO
REAL,SIEVE,S12_006,15,512,34174,7288,17438,6618,1471,12593,0.193656,0.201839,0.722159,33.358065,5164.332,25307.185,SIMULATO
REAL,S3FIFO,S12_006,15,512,34174,7288,17438,6903,1781,13288,0.201996,0.244374,0.762014,35.438710,5147.337,25307.185,SIMULATO
REAL,WTinyLFU,S12_006,15,512,34174,7288,17438,6188,1543,12263,0.181073,0.211718,0.703234,32.248387,5835.621,25307.185,SIMULATO
REAL,LRU,S12_006,16,512,34101,7392,17407,8012,2458,14230,0.234949,0.332522,0.817487,39.838710,5188.011,25041.000,SIMULATO
REAL,SIEVE,S12_006,16,512,34101,7392,17407,6670,1640,12643,0.195595,0.221861,0.726317,33.795161,5185.456,25041.000,SIMULATO
REAL,S3FIFO,S12_006,16,512,34101,7392,17407,6853,1826,13314,0.200962,0.247024,0.764865,35.472581,5174.589,25041.000,SIMULATO
REAL,WTinyLFU,S12_006,16,512,34101,7392,17407,6202,1690,12293,0.181871,0.228626,0.706210,32.556452,5820.969,25041.000,SIMULATO
REAL,LRU,S12_006,17,512,34095,7333,17472,7948,2411,14284,0.233113,0.328788,0.817537,39.746774,5165.185,25264.394,SIMULATO
REAL,SIEVE,S12_006,17,512,34095,7333,17472,6600,1619,12682,0.193577,0.220783,0.725847,33.711290,5195.461,25264.394,SIMULATO
REAL,S3FIFO,S12_006,17,512,34095,7333,17472,6863,1789,13407,0.201291,0.243966,0.767342,35.579032,5170.576,25264.394,SIMULATO
REAL,WTinyLFU,S12_006,17,512,34095,7333,17472,6135,1630,12270,0.179938,0.222283,0.702266,32.314516,5846.561,25264.394,SIMULATO
REAL,LRU,S12_006,18,512,34141,7397,17362,7982,2447,14238,0.233795,0.330810,0.820067,39.785484,5201.839,25171.466,SIMULATO
REAL,SIEVE,S12_006,18,512,34141,7397,17362,6615,1605,12639,0.193755,0.216980,0.727969,33.643548,5191.679,25171.466,SIMULATO
REAL,S3FIFO,S12_006,18,512,34141,7397,17362,6839,1829,13367,0.200316,0.247262,0.769900,35.540323,5240.350,25171.466,SIMULATO
REAL,WTinyLFU,S12_006,18,512,34141,7397,17362,6241,1655,12220,0.182801,0.223739,0.703836,32.445161,5796.229,25171.466,SIMULATO
REAL,LRU,S12_006,19,512,33996,7477,17427,7871,2437,14215,0.231527,0.325933,0.815688,39.553226,5215.485,24960.832,SIMULATO
REAL,SIEVE,S12_006,19,512,33996,7477,17427,6513,1658,12487,0.191581,0.221747,0.716532,33.319355,5244.077,24960.832,SIMULATO
REAL,S3FIFO,S12_006,19,512,33996,7477,17427,6809,1843,13347,0.200288,0.246489,0.765881,35.482258,5177.987,24960.832,SIMULATO
REAL,WTinyLFU,S12_006,19,512,33996,7477,17427,6159,1648,12221,0.181168,0.220409,0.701268,32.303226,5797.490,24960.832,SIMULATO
REAL,LRU,S12_006,20,512,34349,7357,17194,7958,2481,13994,0.231681,0.337230,0.813889,39.408065,5189.239,25233.959,SIMULATO
REAL,SIEVE,S12_006,20,512,34349,7357,17194,6655,1637,12356,0.193747,0.222509,0.718623,33.303226,5222.185,25233.959,SIMULATO
REAL,S3FIFO,S12_006,20,512,34349,7357,17194,6891,1875,13090,0.200617,0.254859,0.761312,35.251613,5202.490,25233.959,SIMULATO
REAL,WTinyLFU,S12_006,20,512,34349,7357,17194,6275,1645,12099,0.182684,0.223597,0.703676,32.288710,5832.561,25233.959,SIMULATO
REAL,LRU,S36_006,1,512,34300,22130,17350,8274,4772,13773,0.241224,0.215635,0.793833,43.256452,5192.298,24682.558,SIMULATO
REAL,SIEVE,S36_006,1,512,34300,22130,17350,6888,1650,12548,0.200816,0.074559,0.723228,34.009677,5200.474,24682.558,SIMULATO
REAL,S3FIFO,S36_006,1,512,34300,22130,17350,7241,2412,13134,0.211108,0.108992,0.757003,36.753226,5196.973,24682.558,SIMULATO
REAL,WTinyLFU,S36_006,1,512,34300,22130,17350,6565,1863,11968,0.191399,0.084184,0.689798,32.896774,5769.623,24682.558,SIMULATO
REAL,LRU,S36_006,2,512,33836,22586,17358,8148,4667,13501,0.240809,0.206632,0.777797,42.445161,5267.761,24512.326,SIMULATO
REAL,SIEVE,S36_006,2,512,33836,22586,17358,6714,1625,12398,0.198428,0.071947,0.714253,33.446774,5271.774,24512.326,SIMULATO
REAL,S3FIFO,S36_006,2,512,33836,22586,17358,6982,2305,13015,0.206348,0.102054,0.749798,35.970968,5280.411,24512.326,SIMULATO
REAL,WTinyLFU,S36_006,2,512,33836,22586,17358,6384,1888,11945,0.188675,0.083592,0.688155,32.608065,5771.621,24512.326,SIMULATO
REAL,LRU,S36_006,3,512,34119,22542,17119,8346,4598,13416,0.244614,0.203975,0.783691,42.516129,5228.932,24627.695,SIMULATO
REAL,SIEVE,S36_006,3,512,34119,22542,17119,6979,1597,12312,0.204549,0.070846,0.719201,33.690323,5201.045,24627.695,SIMULATO
REAL,S3FIFO,S36_006,3,512,34119,22542,17119,7147,2307,12872,0.209473,0.102342,0.751913,36.009677,5242.335,24627.695,SIMULATO
REAL,WTinyLFU,S36_006,3,512,34119,22542,17119,6531,1845,11796,0.191418,0.081847,0.689059,32.535484,5741.995,24627.695,SIMULATO
REAL,LRU,S36_006,4,512,33977,22320,17483,8162,4727,14009,0.240221,0.211783,0.801293,43.383871,5215.740,24766.299,SIMULATO
REAL,SIEVE,S36_006,4,512,33977,22320,17483,6870,1587,12628,0.202196,0.071102,0.722302,34.008065,5207.600,24766.299,SIMULATO
REAL,S3FIFO,S36_006,4,512,33977,22320,17483,7104,2367,13255,0.209083,0.106048,0.758165,36.654839,5223.781,24766.299,SIMULATO
REAL,WTinyLFU,S36_006,4,512,33977,22320,17483,6467,1813,12073,0.190335,0.081228,0.690557,32.827419,5777.503,24766.299,SIMULATO
REAL,LRU,S36_006,5,512,34013,22395,17372,8054,4754,14079,0.236792,0.212280,0.810442,43.366129,5192.944,24847.991,SIMULATO
REAL,SIEVE,S36_006,5,512,34013,22395,17372,6753,1588,12598,0.198542,0.070909,0.725190,33.772581,5168.532,24847.991,SIMULATO
REAL,S3FIFO,S36_006,5,512,34013,22395,17372,7015,2400,13180,0.206245,0.107167,0.758692,36.443548,5234.153,24847.991,SIMULATO
REAL,WTinyLFU,S36_006,5,512,34013,22395,17372,6314,1817,12052,0.185635,0.081134,0.693760,32.553226,5734.576,24847.991,SIMULATO
REAL,LRU,S36_006,6,512,34248,22211,17321,8367,4761,13997,0.244306,0.214353,0.808094,43.750000,5143.300,24876.890,SIMULATO
REAL,SIEVE,S36_006,6,512,34248,22211,17321,6856,1605,12549,0.200187,0.072261,0.724496,33.887097,5203.334,24876.890,SIMULATO
REAL,S3FIFO,S36_006,6,512,34248,22211,17321,7278,2470,13111,0.212509,0.111206,0.756942,36.869355,5119.352,24876.890,SIMULATO
REAL,WTinyLFU,S36_006,6,512,34248,22211,17321,6549,1887,12029,0.191223,0.084958,0.694475,33.008065,5697.547,24876.890,SIMULATO
REAL,LRU,S36_006,7,512,34126,22197,17457,8337,4732,13964,0.244301,0.213182,0.799908,43.601613,5199.831,24789.831,SIMULATO
REAL,SIEVE,S36_006,7,512,34126,22197,17457,6943,1657,12505,0.203452,0.074650,0.716332,34.040323,5191.363,24789.831,SIMULATO
REAL,S3FIFO,S36_006,7,512,34126,22197,17457,7219,2400,13116,0.211540,0.108123,0.751332,36.669355,5215.266,24789.831,SIMULATO
REAL,WTinyLFU,S36_006,7,512,34126,22197,17457,6481,1865,11908,0.189914,0.084020,0.682133,32.667742,5815.418,24789.831,SIMULATO
REAL,LRU,S36_006,8,512,34124,22311,17345,8130,4748,14043,0.238249,0.212810,0.809628,43.420968,5166.258,24923.565,SIMULATO
REAL,SIEVE,S36_006,8,512,34124,22311,17345,6736,1520,12376,0.197398,0.068128,0.713520,33.277419,5251.797,24923.565,SIMULATO
REAL,S3FIFO,S36_006,8,512,34124,22311,17345,7149,2439,13056,0.209501,0.109318,0.752724,36.522581,5168.427,24923.565,SIMULATO
REAL,WTinyLFU,S36_006,8,512,34124,22311,17345,6493,1859,11931,0.190277,0.083322,0.687864,32.714516,5721.669,24923.565,SIMULATO
REAL,LRU,S36_006,9,512,34198,22211,17371,8280,4810,13970,0.242119,0.216559,0.804214,43.645161,5205.524,24753.574,SIMULATO
REAL,SIEVE,S36_006,9,512,34198,22211,17371,6782,1561,12500,0.198316,0.070280,0.719590,33.617742,5304.469,24753.574,SIMULATO
REAL,S3FIFO,S36_006,9,512,34198,22211,17371,7149,2442,13072,0.209047,0.109946,0.752519,36.553226,5252.616,24753.574,SIMULATO
REAL,WTinyLFU,S36_006,9,512,34198,22211,17371,6436,1871,11965,0.188198,0.084238,0.688792,32.696774,5830.221,24753.574,SIMULATO
REAL,LRU,S36_006,10,512,34044,22181,17555,8266,4722,14140,0.242803,0.212885,0.805469,43.754839,5210.852,24728.642,SIMULATO
REAL,SIEVE,S36_006,10,512,34044,22181,17555,6936,1594,12665,0.203736,0.071863,0.721447,34.185484,5218.656,24728.642,SIMULATO
REAL,S3FIFO,S36_006,10,512,34044,22181,17555,7233,2478,13251,0.212460,0.111717,0.754828,37.035484,5192.710,24728.642,SIMULATO
REAL,WTinyLFU,S36_006,10,512,34044,22181,17555,6565,1857,12087,0.192839,0.083720,0.688522,33.079032,5764.197,24728.642,SIMULATO
REAL,LRU,S36_006,11,512,34102,22522,17156,8081,4638,13449,0.236966,0.205932,0.783924,42.206452,5258.942,24540.512,SIMULATO
REAL,SIEVE,S36_006,11,512,34102,22522,17156,6877,1689,12380,0.201660,0.074993,0.721613,33.783871,5174.111,24540.512,SIMULATO
REAL,S3FIFO,S36_006,11,512,34102,22522,17156,6988,2337,12950,0.204915,0.103765,0.754838,35.927419,5283.665,24540.512,SIMULATO
REAL,WTinyLFU,S36_006,11,512,34102,22522,17156,6466,1800,11863,0.189608,0.079922,0.691478,32.466129,5820.219,24540.512,SIMULATO
REAL,LRU,S36_006,12,512,34164,22236,17380,8300,4746,13787,0.242946,0.213438,0.793268,43.279032,5179.248,24904.090,SIMULATO
REAL,SIEVE,S36_006,12,512,34164,22236,17380,6791,1549,12462,0.198776,0.069662,0.717031,33.551613,5274.494,24904.090,SIMULATO
REAL,S3FIFO,S36_006,12,512,34164,22236,17380,7212,2404,13077,0.211099,0.108113,0.752417,36.601613,5229.742,24904.090,SIMULATO
REAL,WTinyLFU,S36_006,12,512,34164,22236,17380,6519,1863,11909,0.190815,0.083783,0.685213,32.727419,5749.277,24904.090,SIMULATO
REAL,LRU,S36_006,13,512,34140,22328,17312,8127,4740,13551,0.238049,0.212290,0.782752,42.609677,5232.747,24720.168,SIMULATO
REAL,SIEVE,S36_006,13,512,34140,22328,17312,6809,1680,12491,0.199443,0.075242,0.721523,33.838710,5201.124,24720.168,SIMULATO
REAL,S3FIFO,S36_006,13,512,34140,22328,17312,7102,2477,13050,0.208026,0.110937,0.753812,36.498387,5261.302,24720.168,SIMULATO
REAL,WTinyLFU,S36_006,13,512,34140,22328,17312,6503,1937,11898,0.190480,0.086752,0.687269,32.803226,5773.213,24720.168,SIMULATO
REAL,LRU,S36_006,14,512,33989,22427,17364,8101,4834,13512,0.238342,0.215544,0.778162,42.656452,5223.871,24633.882,SIMULATO
REAL,SIEVE,S36_006,14,512,33989,22427,17364,6822,1560,12484,0.200712,0.069559,0.718959,33.654839,5335.176,24633.882,SIMULATO
REAL,S3FIFO,S36_006,14,512,33989,22427,17364,7078,2391,13080,0.208244,0.106613,0.753283,36.369355,5282.255,24633.882,SIMULATO
REAL,WTinyLFU,S36_006,14,512,33989,22427,17364,6464,1792,11962,0.190179,0.079904,0.688897,32.609677,5798.679,24633.882,SIMULATO
REAL,LRU,S36_006,15,512,33965,22192,17623,8226,4799,13967,0.242190,0.216249,0.792544,43.535484,5212.435,24668.803,SIMULATO
REAL,SIEVE,S36_006,15,512,33965,22192,17623,6827,1567,12684,0.201001,0.070611,0.719741,33.996774,5153.089,24668.803,SIMULATO
REAL,S3FIFO,S36_006,15,512,33965,22192,17623,7027,2373,13324,0.206889,0.106930,0.756057,36.651613,5239.752,24668.803,SIMULATO
REAL,WTinyLFU,S36_006,15,512,33965,22192,17623,6476,1807,12117,0.190667,0.081426,0.687567,32.903226,5745.335,24668.803,SIMULATO
REAL,LRU,S36_006,16,512,34021,22274,17485,8284,4680,14175,0.243497,0.210110,0.810695,43.772581,5230.103,24610.293,SIMULATO
REAL,SIEVE,S36_006,16,512,34021,22274,17485,6932,1634,12592,0.203757,0.073359,0.720160,34.125806,5214.156,24610.293,SIMULATO
REAL,S3FIFO,S36_006,16,512,34021,22274,17485,7202,2430,13229,0.211693,0.109096,0.756591,36.872581,5211.350,24610.293,SIMULATO
REAL,WTinyLFU,S36_006,16,512,34021,22274,17485,6566,1919,12020,0.192998,0.086154,0.687446,33.072581,5723.963,24610.293,SIMULATO
REAL,LRU,S36_006,17,512,34153,22316,17311,8324,4748,13640,0.243727,0.212762,0.787938,43.083871,5198.645,24874.745,SIMULATO
REAL,SIEVE,S36_006,17,512,34153,22316,17311,6789,1673,12360,0.198782,0.074969,0.713997,33.583871,5317.027,24874.745,SIMULATO
REAL,S3FIFO,S36_006,17,512,34153,22316,17311,7189,2377,13076,0.210494,0.106516,0.755358,36.519355,5222.050,24874.745,SIMULATO
REAL,WTinyLFU,S36_006,17,512,34153,22316,17311,6501,1888,11891,0.190349,0.084603,0.686904,32.709677,5811.603,24874.745,SIMULATO
REAL,LRU,S36_006,18,512,34065,22283,17432,8284,4720,13793,0.243182,0.211821,0.791246,43.220968,5226.231,24746.916,SIMULATO
REAL,SIEVE,S36_006,18,512,34065,22283,17432,6842,1622,12619,0.200851,0.072791,0.723899,34.004839,5190.239,24746.916,SIMULATO
REAL,S3FIFO,S36_006,18,512,34065,22283,17432,7232,2377,13192,0.212300,0.106673,0.756769,36.775806,5198.716,24746.916,SIMULATO
REAL,WTinyLFU,S36_006,18,512,34065,22283,17432,6585,1887,12165,0.193307,0.084683,0.697855,33.285484,5707.765,24746.916,SIMULATO
REAL,LRU,S36_006,19,512,34079,22413,17288,7984,4819,14004,0.234279,0.215009,0.810042,43.237097,5175.603,24869.639,SIMULATO
REAL,SIEVE,S36_006,19,512,34079,22413,17288,6794,1651,12472,0.199360,0.073663,0.721425,33.737097,5200.860,24869.639,SIMULATO
REAL,S3FIFO,S36_006,19,512,34079,22413,17288,7043,2486,13034,0.206667,0.110918,0.753933,36.391935,5156.821,24869.639,SIMULATO
REAL,WTinyLFU,S36_006,19,512,34079,22413,17288,6408,1968,11963,0.188034,0.087806,0.691983,32.804839,5707.292,24869.639,SIMULATO
REAL,LRU,S36_006,20,512,34384,22115,17281,8220,4707,13596,0.239065,0.212842,0.786760,42.779032,5240.379,24676.722,SIMULATO
REAL,SIEVE,S36_006,20,512,34384,22115,17281,6879,1671,12399,0.200064,0.075560,0.717493,33.788710,5248.265,24676.722,SIMULATO
REAL,S3FIFO,S36_006,20,512,34384,22115,17281,7182,2432,12864,0.208876,0.109971,0.744401,36.254839,5288.123,24676.722,SIMULATO
REAL,WTinyLFU,S36_006,20,512,34384,22115,17281,6572,1927,11803,0.191135,0.087135,0.683004,32.745161,5788.632,24676.722,SIMULATO
REAL,LRU,S12_020,1,512,34125,7370,17405,8161,3338,14164,0.239150,0.452917,0.813789,41.391935,5225.827,25173.652,SIMULATO
REAL,SIEVE,S12_020,1,512,34125,7370,17405,6744,3056,12506,0.197626,0.414654,0.718529,35.977419,5159.616,25173.652,SIMULATO
REAL,S3FIFO,S12_020,1,512,34125,7370,17405,6988,3072,13200,0.204777,0.416825,0.758403,37.516129,5182.908,25173.652,SIMULATO
REAL,WTinyLFU,S12_020,1,512,34125,7370,17405,6323,3000,12266,0.185289,0.407056,0.704740,34.820968,5820.437,25173.652,SIMULATO
REAL,LRU,S12_020,2,512,34151,7476,17273,7978,3404,14121,0.233610,0.455324,0.817519,41.133871,5166.584,25307.627,SIMULATO
REAL,SIEVE,S12_020,2,512,34151,7476,17273,6596,3104,12383,0.193142,0.415195,0.716899,35.617742,5171.047,25307.627,SIMULATO
REAL,S3FIFO,S12_020,2,512,34151,7476,17273,6865,3132,13188,0.201019,0.418941,0.763504,37.395161,5169.248,25307.627,SIMULATO
REAL,WTinyLFU,S12_020,2,512,34151,7476,17273,6150,3035,12096,0.180083,0.405966,0.700284,34.324194,5828.405,25307.627,SIMULATO
REAL,LRU,S12_020,3,512,34143,7535,17222,7900,3389,14060,0.231380,0.449768,0.816398,40.885484,5182.405,25273.435,SIMULATO
REAL,SIEVE,S12_020,3,512,34143,7535,17222,6661,3086,12533,0.195091,0.409555,0.727732,35.935484,5069.640,25273.435,SIMULATO
REAL,S3FIFO,S12_020,3,512,34143,7535,17222,6744,3123,13226,0.197522,0.414466,0.767971,37.246774,5177.421,25273.435,SIMULATO
REAL,WTinyLFU,S12_020,3,512,34143,7535,17222,6044,3068,12073,0.177020,0.407167,0.701022,34.169355,5838.524,25273.435,SIMULATO
REAL,LRU,S12_020,4,512,34031,7428,17441,8041,3463,14192,0.236285,0.466209,0.813715,41.445161,5132.076,25594.847,SIMULATO
REAL,SIEVE,S12_020,4,512,34031,7428,17441,6673,3049,12452,0.196086,0.410474,0.713950,35.764516,5211.974,25594.847,SIMULATO
REAL,S3FIFO,S12_020,4,512,34031,7428,17441,6959,3146,13274,0.204490,0.423533,0.761080,37.708065,5136.819,25594.847,SIMULATO
REAL,WTinyLFU,S12_020,4,512,34031,7428,17441,6191,3014,12230,0.181922,0.405762,0.701221,34.572581,5838.592,25594.847,SIMULATO
REAL,LRU,S12_020,5,512,34024,7520,17356,7800,3428,14220,0.229250,0.455851,0.819313,41.045161,5136.460,25541.140,SIMULATO
REAL,SIEVE,S12_020,5,512,34024,7520,17356,6502,3096,12491,0.191100,0.411702,0.719693,35.627419,5168.065,25541.140,SIMULATO
REAL,S3FIFO,S12_020,5,512,34024,7520,17356,6754,3140,13329,0.198507,0.417553,0.767976,37.456452,5085.002,25541.140,SIMULATO
REAL,WTinyLFU,S12_020,5,512,34024,7520,17356,6000,3055,12286,0.176346,0.406250,0.707882,34.420968,5821.937,25541.140,SIMULATO
REAL,LRU,S12_020,6,512,34124,7387,17389,8110,3342,14161,0.237663,0.452416,0.814365,41.311290,5201.655,25225.208,SIMULATO
REAL,SIEVE,S12_020,6,512,34124,7387,17389,6775,3056,12528,0.198541,0.413700,0.720455,36.062903,5169.298,25225.208,SIMULATO
REAL,S3FIFO,S12_020,6,512,34124,7387,17389,7013,3115,13267,0.205515,0.421687,0.762954,37.733871,5166.469,25225.208,SIMULATO
REAL,WTinyLFU,S12_020,6,512,34124,7387,17389,6274,3103,12247,0.183859,0.420062,0.704296,34.877419,5813.326,25225.208,SIMULATO
REAL,LRU,S12_020,7,512,34060,7376,17464,7940,3365,14246,0.233118,0.456209,0.815735,41.211290,5164.432,25297.135,SIMULATO
REAL,SIEVE,S12_020,7,512,34060,7376,17464,6575,3075,12517,0.193042,0.416893,0.716732,35.753226,5145.439,25297.135,SIMULATO
REAL,S3FIFO,S12_020,7,512,34060,7376,17464,6817,3101,13314,0.200147,0.420418,0.762368,37.470968,5176.256,25297.135,SIMULATO
REAL,WTinyLFU,S12_020,7,512,34060,7376,17464,6170,3033,12264,0.181151,0.411198,0.702245,34.624194,5871.984,25297.135,SIMULATO
REAL,LRU,S12_020,8,512,34112,7304,17484,8026,3297,14294,0.235284,0.451396,0.817547,41.317742,5201.689,25226.118,SIMULATO
REAL,SIEVE,S12_020,8,512,34112,7304,17484,6664,2999,12703,0.195356,0.410597,0.726550,36.074194,5128.066,25226.118,SIMULATO
REAL,S3FIFO,S12_020,8,512,34112,7304,17484,6857,2951,13332,0.201014,0.404025,0.762526,37.322581,5213.505,25226.118,SIMULATO
REAL,WTinyLFU,S12_020,8,512,34112,7304,17484,6226,2937,12412,0.182516,0.402108,0.709906,34.798387,5807.176,25226.118,SIMULATO
REAL,LRU,S12_020,9,512,34060,7539,17301,8006,3466,14186,0.235056,0.459743,0.819953,41.383871,5131.497,25482.275,SIMULATO
REAL,SIEVE,S12_020,9,512,34060,7539,17301,6602,3209,12343,0.193834,0.425653,0.713427,35.732258,5213.185,25482.275,SIMULATO
REAL,S3FIFO,S12_020,9,512,34060,7539,17301,6852,3223,13262,0.201174,0.427510,0.766545,37.640323,5129.005,25482.275,SIMULATO
REAL,WTinyLFU,S12_020,9,512,34060,7539,17301,6072,3080,12160,0.178274,0.408542,0.702850,34.374194,5856.384,25482.275,SIMULATO
REAL,LRU,S12_020,10,512,33792,7509,17599,8064,3372,14377,0.238636,0.449061,0.816921,41.633871,5159.103,25416.827,SIMULATO
REAL,SIEVE,S12_020,10,512,33792,7509,17599,6739,3095,12746,0.199426,0.412172,0.724246,36.419355,5167.100,25416.827,SIMULATO
REAL,S3FIFO,S12_020,10,512,33792,7509,17599,6936,3141,13458,0.205256,0.418298,0.764703,37.959677,5171.906,25416.827,SIMULATO
REAL,WTinyLFU,S12_020,10,512,33792,7509,17599,6271,3062,12460,0.185576,0.407777,0.707995,35.150000,5802.492,25416.827,SIMULATO
REAL,LRU,S12_020,11,512,34120,7477,17303,8058,3408,14103,0.236166,0.455798,0.815061,41.240323,5154.885,25300.714,SIMULATO
REAL,SIEVE,S12_020,11,512,34120,7477,17303,6806,3169,12548,0.199472,0.423833,0.725192,36.327419,5033.035,25300.714,SIMULATO
REAL,S3FIFO,S12_020,11,512,34120,7477,17303,6950,3109,13198,0.203693,0.415808,0.762758,37.511290,5183.944,25300.714,SIMULATO
REAL,WTinyLFU,S12_020,11,512,34120,7477,17303,6236,3032,12201,0.182767,0.405510,0.705138,34.627419,5850.626,25300.714,SIMULATO
REAL,LRU,S12_020,12,512,34097,7477,17326,7926,3355,14217,0.232454,0.448709,0.820559,41.125806,5170.208,25235.760,SIMULATO
REAL,SIEVE,S12_020,12,512,34097,7477,17326,6558,3066,12556,0.192334,0.410058,0.724691,35.774194,5213.002,25235.760,SIMULATO
REAL,S3FIFO,S12_020,12,512,34097,7477,17326,6741,3130,13319,0.197701,0.418617,0.768729,37.403226,5152.603,25235.760,SIMULATO
REAL,WTinyLFU,S12_020,12,512,34097,7477,17326,6171,3027,12270,0.180984,0.404842,0.708184,34.625806,5810.460,25235.760,SIMULATO
REAL,LRU,S12_020,13,512,34048,7458,17394,7850,3321,14179,0.230557,0.445294,0.815166,40.887097,5213.866,25206.070,SIMULATO
REAL,SIEVE,S12_020,13,512,34048,7458,17394,6472,2972,12442,0.190085,0.398498,0.715304,35.300000,5230.663,25206.070,SIMULATO
REAL,S3FIFO,S12_020,13,512,34048,7458,17394,6744,3050,13253,0.198073,0.408957,0.761929,37.172581,5215.234,25206.070,SIMULATO
REAL,WTinyLFU,S12_020,13,512,34048,7458,17394,6183,2984,12232,0.181597,0.400107,0.703231,34.514516,5788.853,25206.070,SIMULATO
REAL,LRU,S12_020,14,512,33888,7495,17517,7997,3489,14331,0.235983,0.465510,0.818120,41.640323,5182.468,25281.521,SIMULATO
REAL,SIEVE,S12_020,14,512,33888,7495,17517,6578,3120,12631,0.194110,0.416278,0.721071,36.014516,5218.331,25281.521,SIMULATO
REAL,S3FIFO,S12_020,14,512,33888,7495,17517,6867,3165,13349,0.202638,0.422282,0.762060,37.711290,5195.158,25281.521,SIMULATO
REAL,WTinyLFU,S12_020,14,512,33888,7495,17517,6144,3094,12301,0.181303,0.412809,0.702232,34.740323,5852.316,25281.521,SIMULATO
REAL,LRU,S12_020,15,512,34174,7288,17438,8126,3246,14182,0.237783,0.445390,0.813281,41.216129,5149.123,25428.873,SIMULATO
REAL,SIEVE,S12_020,15,512,34174,7288,17438,6706,3016,12497,0.196231,0.413831,0.716653,35.837097,5169.515,25428.873,SIMULATO
REAL,S3FIFO,S12_020,15,512,34174,7288,17438,6991,2990,13203,0.204571,0.410263,0.757140,37.393548,5143.829,25428.873,SIMULATO
REAL,WTinyLFU,S12_020,15,512,34174,7288,17438,6245,2979,12154,0.182741,0.408754,0.696984,34.480645,5854.173,25428.873,SIMULATO
REAL,LRU,S12_020,16,512,34101,7392,17407,8046,3407,14178,0.235946,0.460904,0.814500,41.340323,5170.352,25154.545,SIMULATO
REAL,SIEVE,S12_020,16,512,34101,7392,17407,6694,3057,12455,0.196299,0.413555,0.715517,35.816129,5200.787,25154.545,SIMULATO
REAL,S3FIFO,S12_020,16,512,34101,7392,17407,6910,3139,13213,0.202633,0.424648,0.759062,37.519355,5171.774,25154.545,SIMULATO
REAL,WTinyLFU,S12_020,16,512,34101,7392,17407,6191,3052,12192,0.181549,0.412879,0.700408,34.572581,5892.124,25154.545,SIMULATO
REAL,LRU,S12_020,17,512,34095,7333,17472,7956,3316,14234,0.233348,0.452202,0.814675,41.138710,5152.577,25365.464,SIMULATO
REAL,SIEVE,S12_020,17,512,34095,7333,17472,6706,3024,12572,0.196686,0.412382,0.719551,35.970968,5131.284,25365.464,SIMULATO
REAL,S3FIFO,S12_020,17,512,34095,7333,17472,6828,2986,13252,0.200264,0.407200,0.758471,37.203226,5141.715,25365.464,SIMULATO
REAL,WTinyLFU,S12_020,17,512,34095,7333,17472,6118,2983,12283,0.179440,0.406791,0.703011,34.490323,5869.226,25365.464,SIMULATO
REAL,LRU,S12_020,18,512,34141,7397,17362,8105,3338,14211,0.237398,0.451264,0.818512,41.377419,5161.069,25403.530,SIMULATO
REAL,SIEVE,S12_020,18,512,34141,7397,17362,6682,3056,12503,0.195718,0.413140,0.720136,35.872581,5160.192,25403.530,SIMULATO
REAL,S3FIFO,S12_020,18,512,34141,7397,17362,6922,3104,13329,0.202747,0.419630,0.767711,37.669355,5166.452,25403.530,SIMULATO
REAL,WTinyLFU,S12_020,18,512,34141,7397,17362,6323,3072,12286,0.185203,0.415304,0.707637,34.969355,5782.460,25403.530,SIMULATO
REAL,LRU,S12_020,19,512,33996,7477,17427,7932,3419,14095,0.233322,0.457269,0.808802,41.041935,5191.013,25108.641,SIMULATO
REAL,SIEVE,S12_020,19,512,33996,7477,17427,6618,3095,12414,0.194670,0.413936,0.712343,35.688710,5232.929,25108.641,SIMULATO
REAL,S3FIFO,S12_020,19,512,33996,7477,17427,6826,3158,13243,0.200788,0.422362,0.759913,37.462903,5148.202,25108.641,SIMULATO
REAL,WTinyLFU,S12_020,19,512,33996,7477,17427,6170,3067,12192,0.181492,0.410191,0.699604,34.562903,5852.077,25108.641,SIMULATO
REAL,LRU,S12_020,20,512,34349,7357,17194,8061,3382,13990,0.234679,0.459698,0.813656,41.020968,5159.455,25409.547,SIMULATO
REAL,SIEVE,S12_020,20,512,34349,7357,17194,6764,3094,12397,0.196920,0.420552,0.721007,35.895161,5104.782,25409.547,SIMULATO
REAL,S3FIFO,S12_020,20,512,34349,7357,17194,6899,3110,13071,0.200850,0.422727,0.760207,37.225806,5126.479,25409.547,SIMULATO
REAL,WTinyLFU,S12_020,20,512,34349,7357,17194,6298,3050,12168,0.183353,0.414571,0.707689,34.703226,5779.795,25409.547,SIMULATO
REAL,LRU,S36_020,1,512,34300,22130,17350,8417,8710,13820,0.245394,0.393583,0.796542,49.914516,5176.231,24995.961,SIMULATO
REAL,SIEVE,S36_020,1,512,34300,22130,17350,7219,7661,12247,0.210466,0.346182,0.705879,43.753226,5248.358,24995.961,SIMULATO
REAL,S3FIFO,S36_020,1,512,34300,22130,17350,7271,7535,13074,0.211983,0.340488,0.753545,44.967742,5191.445,24995.961,SIMULATO
REAL,WTinyLFU,S36_020,1,512,34300,22130,17350,6569,7239,11908,0.191516,0.327113,0.686340,41.477419,5847.798,24995.961,SIMULATO
REAL,LRU,S36_020,2,512,33836,22586,17358,8466,8987,13699,0.250207,0.397901,0.789204,50.245161,5200.824,24970.734,SIMULATO
REAL,SIEVE,S36_020,2,512,33836,22586,17358,7228,7984,12318,0.213619,0.353493,0.709644,44.403226,5109.837,24970.734,SIMULATO
REAL,S3FIFO,S36_020,2,512,33836,22586,17358,7109,7720,12979,0.210102,0.341805,0.747724,44.851613,5181.300,24970.734,SIMULATO
REAL,WTinyLFU,S36_020,2,512,33836,22586,17358,6573,7527,11903,0.194261,0.333260,0.685736,41.940323,5845.092,24970.734,SIMULATO
REAL,LRU,S36_020,3,512,34119,22542,17119,8542,8798,13640,0.250359,0.390294,0.796776,49.967742,5218.503,24920.156,SIMULATO
REAL,SIEVE,S36_020,3,512,34119,22542,17119,7362,7861,12111,0.215774,0.348727,0.707460,44.087097,5162.061,24920.156,SIMULATO
REAL,S3FIFO,S36_020,3,512,34119,22542,17119,7285,7671,12861,0.213517,0.340298,0.751271,44.866129,5239.400,24920.156,SIMULATO
REAL,WTinyLFU,S36_020,3,512,34119,22542,17119,6565,7306,11717,0.192415,0.324106,0.684444,41.270968,5876.861,24920.156,SIMULATO
REAL,LRU,S36_020,4,512,33977,22320,17483,8370,8815,13974,0.246343,0.394937,0.799291,50.256452,5199.463,25011.466,SIMULATO
REAL,SIEVE,S36_020,4,512,33977,22320,17483,7281,7953,12315,0.214292,0.356317,0.704399,44.433871,5199.371,25011.466,SIMULATO
REAL,S3FIFO,S36_020,4,512,33977,22320,17483,7172,7547,13084,0.211084,0.338127,0.748384,44.843548,5233.845,25011.466,SIMULATO
REAL,WTinyLFU,S36_020,4,512,33977,22320,17483,6589,7319,12078,0.193925,0.327912,0.690843,41.912903,5874.177,25011.466,SIMULATO
REAL,LRU,S36_020,5,512,34013,22395,17372,8255,8803,13929,0.242701,0.393079,0.801808,49.979032,5167.692,25269.693,SIMULATO
REAL,SIEVE,S36_020,5,512,34013,22395,17372,7128,8074,12358,0.209567,0.360527,0.711375,44.451613,5135.047,25269.693,SIMULATO
REAL,S3FIFO,S36_020,5,512,34013,22395,17372,7022,7586,13102,0.206450,0.338736,0.754202,44.693548,5154.213,25269.693,SIMULATO
REAL,WTinyLFU,S36_020,5,512,34013,22395,17372,6393,7333,12052,0.187958,0.327439,0.693760,41.577419,5799.469,25269.693,SIMULATO
REAL,LRU,S36_020,6,512,34248,22211,17321,8671,8878,13805,0.253183,0.399712,0.797009,50.570968,5124.076,25278.089,SIMULATO
REAL,SIEVE,S36_020,6,512,34248,22211,17321,7253,7750,12236,0.211779,0.348926,0.706426,43.933871,5217.711,25278.089,SIMULATO
REAL,S3FIFO,S36_020,6,512,34248,22211,17321,7383,7662,13019,0.215575,0.344964,0.751631,45.264516,5080.245,25278.089,SIMULATO
REAL,WTinyLFU,S36_020,6,512,34248,22211,17321,6686,7399,11928,0.195223,0.333123,0.688644,41.956452,5802.035,25278.089,SIMULATO
REAL,LRU,S36_020,7,512,34126,22197,17457,8510,8803,13945,0.249370,0.396585,0.798820,50.416129,5177.082,25089.800,SIMULATO
REAL,SIEVE,S36_020,7,512,34126,22197,17457,7277,7950,12176,0.213239,0.358157,0.697485,44.198387,5216.205,25089.800,SIMULATO
REAL,S3FIFO,S36_020,7,512,34126,22197,17457,7303,7605,13048,0.214001,0.342614,0.747437,45.090323,5154.968,25089.800,SIMULATO
REAL,WTinyLFU,S36_020,7,512,34126,22197,17457,6581,7280,11956,0.192844,0.327972,0.684883,41.640323,5863.439,25089.800,SIMULATO
REAL,LRU,S36_020,8,512,34124,22311,17345,8416,8787,13846,0.246630,0.393842,0.798270,50.079032,5140.337,25299.562,SIMULATO
REAL,SIEVE,S36_020,8,512,34124,22311,17345,7067,7430,12137,0.207098,0.333020,0.699741,42.958065,5206.026,25299.562,SIMULATO
REAL,S3FIFO,S36_020,8,512,34124,22311,17345,7251,7575,13005,0.212490,0.339519,0.749784,44.888710,5121.752,25299.562,SIMULATO
REAL,WTinyLFU,S36_020,8,512,34124,22311,17345,6590,7390,11938,0.193119,0.331227,0.688268,41.803226,5793.013,25299.562,SIMULATO
REAL,LRU,S36_020,9,512,34198,22211,17371,8497,8789,13873,0.248465,0.395705,0.798630,50.256452,5179.198,25130.873,SIMULATO
REAL,SIEVE,S36_020,9,512,34198,22211,17371,7229,7538,12163,0.211387,0.339381,0.700190,43.435484,5296.419,25130.873,SIMULATO
REAL,S3FIFO,S36_020,9,512,34198,22211,17371,7319,7598,13001,0.214018,0.342083,0.748431,45.029032,5231.355,25130.873,SIMULATO
REAL,WTinyLFU,S36_020,9,512,34198,22211,17371,6621,7384,11910,0.193608,0.332448,0.685625,41.798387,5884.545,25130.873,SIMULATO
REAL,LRU,S36_020,10,512,34044,22181,17555,8481,8787,13951,0.249119,0.396150,0.794702,50.353226,5176.089,25093.408,SIMULATO
REAL,SIEVE,S36_020,10,512,34044,22181,17555,7443,7760,12452,0.218629,0.349849,0.709314,44.604839,5091.771,25093.408,SIMULATO
REAL,S3FIFO,S36_020,10,512,34044,22181,17555,7334,7621,13155,0.215427,0.343582,0.749359,45.338710,5138.061,25093.408,SIMULATO
REAL,WTinyLFU,S36_020,10,512,34044,22181,17555,6683,7392,12191,0.196305,0.333258,0.694446,42.364516,5756.231,25093.408,SIMULATO
REAL,LRU,S36_020,11,512,34102,22522,17156,8334,8793,13627,0.244384,0.390418,0.794299,49.603226,5208.298,25033.222,SIMULATO
REAL,SIEVE,S36_020,11,512,34102,22522,17156,7412,8109,12144,0.217348,0.360048,0.707857,44.620968,5047.032,25033.222,SIMULATO
REAL,S3FIFO,S36_020,11,512,34102,22522,17156,7124,7557,12882,0.208903,0.335539,0.750874,44.456452,5199.640,25033.222,SIMULATO
REAL,WTinyLFU,S36_020,11,512,34102,22522,17156,6601,7279,11760,0.193566,0.323195,0.685474,41.354839,5815.981,25033.222,SIMULATO
REAL,LRU,S36_020,12,512,34164,22236,17380,8437,8715,13864,0.246956,0.391932,0.797699,50.025806,5160.326,25215.668,SIMULATO
REAL,SIEVE,S36_020,12,512,34164,22236,17380,7049,7644,12219,0.206328,0.343767,0.703049,43.406452,5232.742,25215.668,SIMULATO
REAL,S3FIFO,S36_020,12,512,34164,22236,17380,7176,7491,13033,0.210046,0.336886,0.749885,44.677419,5215.381,25215.668,SIMULATO
REAL,WTinyLFU,S36_020,12,512,34164,22236,17380,6523,7190,11941,0.190932,0.323350,0.687054,41.377419,5813.677,25215.668,SIMULATO
REAL,LRU,S36_020,13,512,34140,22328,17312,8280,8715,13828,0.242531,0.390317,0.798752,49.714516,5226.116,25002.222,SIMULATO
REAL,SIEVE,S36_020,13,512,34140,22328,17312,7169,7539,12169,0.209988,0.337648,0.702923,43.350000,5207.702,25002.222,SIMULATO
REAL,S3FIFO,S36_020,13,512,34140,22328,17312,7170,7512,12953,0.210018,0.336439,0.748209,44.572581,5245.755,25002.222,SIMULATO
REAL,WTinyLFU,S36_020,13,512,34140,22328,17312,6496,7261,11845,0.190275,0.325197,0.684207,41.293548,5830.082,25002.222,SIMULATO
REAL,LRU,S36_020,14,512,33989,22427,17364,8373,8961,13864,0.246344,0.399563,0.798434,50.319355,5191.666,25021.353,SIMULATO
REAL,SIEVE,S36_020,14,512,33989,22427,17364,7172,7582,12134,0.211009,0.338075,0.698802,43.367742,5316.053,25021.353,SIMULATO
REAL,S3FIFO,S36_020,14,512,33989,22427,17364,7177,7685,13016,0.211157,0.342667,0.749597,44.964516,5266.103,25021.353,SIMULATO
REAL,WTinyLFU,S36_020,14,512,33989,22427,17364,6566,7457,11895,0.193180,0.332501,0.685038,41.803226,5871.323,25021.353,SIMULATO
REAL,LRU,S36_020,15,512,33965,22192,17623,8373,8702,14097,0.246518,0.392123,0.799921,50.277419,5188.816,25072.672,SIMULATO
REAL,SIEVE,S36_020,15,512,33965,22192,17623,7057,7755,12374,0.207773,0.349450,0.702151,43.848387,5233.353,25072.672,SIMULATO
REAL,S3FIFO,S36_020,15,512,33965,22192,17623,7121,7511,13251,0.209657,0.338455,0.751915,44.972581,5183.081,25072.672,SIMULATO
REAL,WTinyLFU,S36_020,15,512,33965,22192,17623,6460,7318,12107,0.190196,0.329758,0.687000,41.750000,5829.168,25072.672,SIMULATO
REAL,LRU,S36_020,16,512,34021,22274,17485,8512,8859,14007,0.250198,0.397728,0.801087,50.609677,5186.698,25039.274,SIMULATO
REAL,SIEVE,S36_020,16,512,34021,22274,17485,7304,7590,12294,0.214691,0.340756,0.703117,43.851613,5227.821,25039.274,SIMULATO
REAL,S3FIFO,S36_020,16,512,34021,22274,17485,7281,7598,13093,0.214015,0.341115,0.748813,45.116129,5171.992,25039.274,SIMULATO
REAL,WTinyLFU,S36_020,16,512,34021,22274,17485,6641,7370,11984,0.195203,0.330879,0.685387,41.927419,5825.082,25039.274,SIMULATO
REAL,LRU,S36_020,17,512,34153,22316,17311,8461,8832,13778,0.247738,0.395770,0.795910,50.114516,5175.655,25277.287,SIMULATO
REAL,SIEVE,S36_020,17,512,34153,22316,17311,7056,7441,12228,0.206600,0.333438,0.706372,43.104839,5251.153,25277.287,SIMULATO
REAL,S3FIFO,S36_020,17,512,34153,22316,17311,7214,7559,12953,0.211226,0.338726,0.748253,44.719355,5202.221,25277.287,SIMULATO
REAL,WTinyLFU,S36_020,17,512,34153,22316,17311,6504,7266,11869,0.190437,0.325596,0.685633,41.353226,5874.837,25277.287,SIMULATO
REAL,LRU,S36_020,18,512,34065,22283,17432,8469,8872,14099,0.248613,0.398151,0.808800,50.709677,5177.906,25069.726,SIMULATO
REAL,SIEVE,S36_020,18,512,34065,22283,17432,7308,7936,12282,0.214531,0.356146,0.704566,44.396774,5143.287,25069.726,SIMULATO
REAL,S3FIFO,S36_020,18,512,34065,22283,17432,7252,7608,13180,0.212887,0.341426,0.756081,45.225806,5143.881,25069.726,SIMULATO
REAL,WTinyLFU,S36_020,18,512,34065,22283,17432,6685,7322,12088,0.196242,0.328591,0.693437,42.088710,5797.921,25069.726,SIMULATO
REAL,LRU,S36_020,19,512,34079,22413,17288,8249,8806,13807,0.242055,0.392897,0.798646,49.777419,5152.832,25240.750,SIMULATO
REAL,SIEVE,S36_020,19,512,34079,22413,17288,7098,7360,12248,0.208281,0.328381,0.708468,43.074194,5200.916,25240.750,SIMULATO
REAL,S3FIFO,S36_020,19,512,34079,22413,17288,7042,7504,12953,0.206638,0.334806,0.749248,44.353226,5158.127,25240.750,SIMULATO
REAL,WTinyLFU,S36_020,19,512,34079,22413,17288,6450,7342,11993,0.189266,0.327578,0.693718,41.588710,5764.110,25240.750,SIMULATO
REAL,LRU,S36_020,20,512,34384,22115,17281,8469,8791,13766,0.246306,0.397513,0.796597,50.041935,5194.769,25060.484,SIMULATO
REAL,SIEVE,S36_020,20,512,34384,22115,17281,7221,7697,12152,0.210010,0.348044,0.703200,43.661290,5117.090,25060.484,SIMULATO
REAL,S3FIFO,S36_020,20,512,34384,22115,17281,7176,7587,12848,0.208702,0.343070,0.743475,44.533871,5218.369,25060.484,SIMULATO
REAL,WTinyLFU,S36_020,20,512,34384,22115,17281,6634,7277,11754,0.192939,0.329053,0.680169,41.395161,5862.834,25060.484,SIMULATO
