# commit 318b1c5; docs/PREREG-simulatore-fase2.md emendamento 2 (SCEN); stato SIMULATO
# fonte: nessun dato del lab: books.csv, chapter_sizes.csv, honeypot_contiguity.csv dal repository; Q-REAL p_r 0.190751953 p_c 0.037933502 (fase 2, non ricalibrati)
session,policy,point,seed,H,req_human,req_agentic,req_exhaustive,miss_human,miss_agentic,miss_exhaustive,miss_share_human,miss_share_agentic,miss_share_exhaustive,origin_rps,n_object_avg,body_bytes_per_req,stato
GEN,LRU,S12,1,512,34086,7456,17358,7844,1407,14502,0.230124,0.188707,0.835465,38.311290,5202.161,25045.404,SIMULATO
GEN,SIEVE,S12,1,512,34086,7456,17358,6482,412,13422,0.190166,0.055258,0.773246,32.767742,5179.053,25045.404,SIMULATO
GEN,S3FIFO,S12,1,512,34086,7456,17358,6641,532,14070,0.194831,0.071352,0.810577,34.262903,5239.077,25045.404,SIMULATO
GEN,WTinyLFU,S12,1,512,34086,7456,17358,5895,274,13476,0.172945,0.036749,0.776357,31.685484,5845.173,25045.404,SIMULATO
GEN,LRU,S12,2,512,34274,7268,17358,8009,1380,14577,0.233676,0.189873,0.839786,38.654839,5194.802,24946.811,SIMULATO
GEN,SIEVE,S12,2,512,34274,7268,17358,6541,376,13504,0.190844,0.051734,0.777970,32.937097,5192.356,24946.811,SIMULATO
GEN,S3FIFO,S12,2,512,34274,7268,17358,6698,498,14128,0.195425,0.068520,0.813919,34.393548,5233.147,24946.811,SIMULATO
GEN,WTinyLFU,S12,2,512,34274,7268,17358,5901,318,13527,0.172171,0.043753,0.779295,31.848387,5829.876,24946.811,SIMULATO
GEN,LRU,S12,3,512,34034,7508,17358,7938,1418,14628,0.233237,0.188865,0.842724,38.683871,5184.758,25010.474,SIMULATO
GEN,SIEVE,S12,3,512,34034,7508,17358,6403,390,13512,0.188135,0.051945,0.778431,32.750000,5166.560,25010.474,SIMULATO
GEN,S3FIFO,S12,3,512,34034,7508,17358,6655,519,14151,0.195540,0.069126,0.815244,34.395161,5189.666,25010.474,SIMULATO
GEN,WTinyLFU,S12,3,512,34034,7508,17358,5921,305,13482,0.173973,0.040623,0.776702,31.787097,5867.624,25010.474,SIMULATO
GEN,LRU,S12,4,512,34095,7447,17358,7902,1387,14576,0.231764,0.186249,0.839728,38.491935,5193.089,25084.650,SIMULATO
GEN,SIEVE,S12,4,512,34095,7447,17358,6530,440,13497,0.191524,0.059084,0.777567,33.011290,5164.553,25084.650,SIMULATO
GEN,S3FIFO,S12,4,512,34095,7447,17358,6758,568,14144,0.198211,0.076272,0.814840,34.629032,5145.392,25084.650,SIMULATO
GEN,WTinyLFU,S12,4,512,34095,7447,17358,5960,316,13502,0.174806,0.042433,0.777855,31.900000,5828.616,25084.650,SIMULATO
GEN,LRU,S12,5,512,34082,7460,17358,7770,1408,14550,0.227980,0.188740,0.838230,38.270968,5183.044,25043.168,SIMULATO
GEN,SIEVE,S12,5,512,34082,7460,17358,6176,347,13440,0.181210,0.046515,0.774283,32.198387,5253.600,25043.168,SIMULATO
GEN,S3FIFO,S12,5,512,34082,7460,17358,6494,503,14099,0.190540,0.067426,0.812248,34.025806,5183.473,25043.168,SIMULATO
GEN,WTinyLFU,S12,5,512,34082,7460,17358,5753,310,13512,0.168799,0.041555,0.778431,31.572581,5859.534,25043.168,SIMULATO
GEN,LRU,S12,6,512,34143,7399,17358,7908,1355,14539,0.231614,0.183133,0.837596,38.390323,5211.613,24954.869,SIMULATO
GEN,SIEVE,S12,6,512,34143,7399,17358,6442,393,13493,0.188677,0.053115,0.777336,32.787097,5173.431,24954.869,SIMULATO
GEN,S3FIFO,S12,6,512,34143,7399,17358,6652,533,14141,0.194828,0.072037,0.814668,34.396774,5175.706,24954.869,SIMULATO
GEN,WTinyLFU,S12,6,512,34143,7399,17358,5992,304,13595,0.175497,0.041087,0.783212,32.082258,5712.032,24954.869,SIMULATO
GEN,LRU,S12,7,512,34028,7514,17358,7823,1361,14548,0.229899,0.181129,0.838115,38.277419,5231.047,24870.502,SIMULATO
GEN,SIEVE,S12,7,512,34028,7514,17358,6329,430,13492,0.185994,0.057227,0.777278,32.662903,5227.882,24870.502,SIMULATO
GEN,S3FIFO,S12,7,512,34028,7514,17358,6570,511,14140,0.193076,0.068006,0.814610,34.227419,5262.863,24870.502,SIMULATO
GEN,WTinyLFU,S12,7,512,34028,7514,17358,5920,318,13484,0.173974,0.042321,0.776818,31.809677,5829.873,24870.502,SIMULATO
GEN,LRU,S12,8,512,34062,7480,17358,7874,1358,14534,0.231167,0.181551,0.837308,38.332258,5202.371,24958.777,SIMULATO
GEN,SIEVE,S12,8,512,34062,7480,17358,6334,368,13460,0.185955,0.049198,0.775435,32.519355,5235.524,24958.777,SIMULATO
GEN,S3FIFO,S12,8,512,34062,7480,17358,6552,547,14122,0.192355,0.073128,0.813573,34.227419,5231.548,24958.777,SIMULATO
GEN,WTinyLFU,S12,8,512,34062,7480,17358,5874,269,13495,0.172450,0.035963,0.777451,31.674194,5848.355,24958.777,SIMULATO
GEN,LRU,S12,9,512,34026,7516,17358,7865,1455,14571,0.231147,0.193587,0.839440,38.533871,5180.497,25077.654,SIMULATO
GEN,SIEVE,S12,9,512,34026,7516,17358,6326,375,13478,0.185917,0.049894,0.776472,32.546774,5243.311,25077.654,SIMULATO
GEN,S3FIFO,S12,9,512,34026,7516,17358,6661,548,14210,0.195762,0.072911,0.818643,34.546774,5153.794,25077.654,SIMULATO
GEN,WTinyLFU,S12,9,512,34026,7516,17358,5908,271,13541,0.173632,0.036056,0.780101,31.806452,5853.663,25077.654,SIMULATO
GEN,LRU,S12,10,512,34049,7493,17358,7889,1359,14506,0.231695,0.181369,0.835695,38.312903,5208.303,25027.446,SIMULATO
GEN,SIEVE,S12,10,512,34049,7493,17358,6355,375,13537,0.186643,0.050047,0.779871,32.688710,5178.352,25027.446,SIMULATO
GEN,S3FIFO,S12,10,512,34049,7493,17358,6544,481,14130,0.192194,0.064193,0.814034,34.120968,5226.795,25027.446,SIMULATO
GEN,WTinyLFU,S12,10,512,34049,7493,17358,5875,282,13539,0.172545,0.037635,0.779986,31.767742,5781.650,25027.446,SIMULATO
GEN,LRU,S12,11,512,33980,7562,17358,7962,1409,14506,0.234314,0.186326,0.835695,38.511290,5203.035,24934.451,SIMULATO
GEN,SIEVE,S12,11,512,33980,7562,17358,6521,449,13514,0.191907,0.059376,0.778546,33.038710,5152.715,24934.451,SIMULATO
GEN,S3FIFO,S12,11,512,33980,7562,17358,6671,569,14128,0.196321,0.075245,0.813919,34.464516,5237.460,24934.451,SIMULATO
GEN,WTinyLFU,S12,11,512,33980,7562,17358,6031,326,13556,0.177487,0.043110,0.780966,32.117742,5783.661,24934.451,SIMULATO
GEN,LRU,S12,12,512,34106,7436,17358,7872,1388,14525,0.230810,0.186659,0.836790,38.362903,5217.615,25070.399,SIMULATO
GEN,SIEVE,S12,12,512,34106,7436,17358,6348,384,13472,0.186126,0.051641,0.776126,32.587097,5220.982,25070.399,SIMULATO
GEN,S3FIFO,S12,12,512,34106,7436,17358,6654,533,14121,0.195098,0.071678,0.813515,34.367742,5237.421,25070.399,SIMULATO
GEN,WTinyLFU,S12,12,512,34106,7436,17358,5786,281,13482,0.169648,0.037789,0.776702,31.530645,5821.421,25070.399,SIMULATO
GEN,LRU,S12,13,512,34060,7482,17358,7789,1390,14576,0.228685,0.185779,0.839728,38.314516,5198.682,24956.478,SIMULATO
GEN,SIEVE,S12,13,512,34060,7482,17358,6266,314,13509,0.183969,0.041967,0.778258,32.401613,5145.053,24956.478,SIMULATO
GEN,S3FIFO,S12,13,512,34060,7482,17358,6495,520,14141,0.190693,0.069500,0.814668,34.122581,5152.319,24956.478,SIMULATO
GEN,WTinyLFU,S12,13,512,34060,7482,17358,5710,261,13529,0.167645,0.034884,0.779410,31.451613,5774.474,24956.478,SIMULATO
GEN,LRU,S12,14,512,34025,7517,17358,7823,1341,14526,0.229919,0.178396,0.836848,38.209677,5221.110,24875.973,SIMULATO
GEN,SIEVE,S12,14,512,34025,7517,17358,6399,381,13511,0.188068,0.050685,0.778373,32.727419,5201.847,24875.973,SIMULATO
GEN,S3FIFO,S12,14,512,34025,7517,17358,6575,489,14126,0.193240,0.065053,0.813803,34.177419,5267.160,24875.973,SIMULATO
GEN,WTinyLFU,S12,14,512,34025,7517,17358,5861,276,13559,0.172256,0.036717,0.781138,31.767742,5802.739,24875.973,SIMULATO
GEN,LRU,S12,15,512,34110,7432,17358,7850,1452,14456,0.230138,0.195371,0.832815,38.319355,5176.785,25164.377,SIMULATO
GEN,SIEVE,S12,15,512,34110,7432,17358,6326,367,13446,0.185459,0.049381,0.774628,32.482258,5155.982,25164.377,SIMULATO
GEN,S3FIFO,S12,15,512,34110,7432,17358,6531,531,14081,0.191469,0.071448,0.811211,34.101613,5186.963,25164.377,SIMULATO
GEN,WTinyLFU,S12,15,512,34110,7432,17358,5839,299,13516,0.171181,0.040231,0.778661,31.700000,5790.805,25164.377,SIMULATO
GEN,LRU,S12,16,512,34205,7337,17358,7962,1357,14581,0.232773,0.184953,0.840016,38.548387,5184.006,25089.539,SIMULATO
GEN,SIEVE,S12,16,512,34205,7337,17358,6480,347,13463,0.189446,0.047295,0.775608,32.725806,5191.723,25089.539,SIMULATO
GEN,S3FIFO,S12,16,512,34205,7337,17358,6738,518,14162,0.196989,0.070601,0.815877,34.545161,5187.437,25089.539,SIMULATO
GEN,WTinyLFU,S12,16,512,34205,7337,17358,5956,266,13510,0.174127,0.036255,0.778315,31.825806,5827.882,25089.539,SIMULATO
GEN,LRU,S12,17,512,34057,7485,17358,7711,1356,14568,0.226415,0.181162,0.839267,38.120968,5167.539,25152.177,SIMULATO
GEN,SIEVE,S12,17,512,34057,7485,17358,6265,320,13447,0.183956,0.042752,0.774686,32.309677,5247.856,25152.177,SIMULATO
GEN,S3FIFO,S12,17,512,34057,7485,17358,6449,467,14077,0.189359,0.062391,0.810981,33.859677,5192.276,25152.177,SIMULATO
GEN,WTinyLFU,S12,17,512,34057,7485,17358,5753,294,13479,0.168923,0.039279,0.776530,31.493548,5847.573,25152.177,SIMULATO
GEN,LRU,S12,18,512,34100,7442,17358,7866,1387,14554,0.230674,0.186375,0.838461,38.398387,5241.345,24884.173,SIMULATO
GEN,SIEVE,S12,18,512,34100,7442,17358,6448,358,13508,0.189091,0.048105,0.778200,32.764516,5185.248,24884.173,SIMULATO
GEN,S3FIFO,S12,18,512,34100,7442,17358,6675,480,14096,0.195748,0.064499,0.812075,34.275806,5268.650,24884.173,SIMULATO
GEN,WTinyLFU,S12,18,512,34100,7442,17358,5937,258,13515,0.174106,0.034668,0.778604,31.790323,5810.965,24884.173,SIMULATO
GEN,LRU,S12,19,512,34065,7477,17358,7949,1335,14593,0.233348,0.178548,0.840707,38.511290,5163.394,25000.892,SIMULATO
GEN,SIEVE,S12,19,512,34065,7477,17358,6477,370,13507,0.190137,0.049485,0.778143,32.829032,5185.989,25000.892,SIMULATO
GEN,S3FIFO,S12,19,512,34065,7477,17358,6742,508,14161,0.197916,0.067942,0.815820,34.533871,5136.211,25000.892,SIMULATO
GEN,WTinyLFU,S12,19,512,34065,7477,17358,6039,267,13543,0.177279,0.035710,0.780217,32.014516,5789.613,25000.892,SIMULATO
GEN,LRU,S12,20,512,34109,7433,17358,7874,1413,14539,0.230848,0.190098,0.837596,38.429032,5228.629,25091.089,SIMULATO
GEN,SIEVE,S12,20,512,34109,7433,17358,6396,318,13450,0.187516,0.042782,0.774859,32.522581,5239.705,25091.089,SIMULATO
GEN,S3FIFO,S12,20,512,34109,7433,17358,6652,465,14055,0.195022,0.062559,0.809713,34.148387,5281.442,25091.089,SIMULATO
GEN,WTinyLFU,S12,20,512,34109,7433,17358,5925,240,13403,0.173708,0.032288,0.772151,31.561290,5898.815,25091.089,SIMULATO
GEN,LRU,S36,1,512,34267,22153,17360,8112,1082,14276,0.236729,0.048842,0.822350,37.854839,5192.023,24507.637,SIMULATO
GEN,SIEVE,S36,1,512,34267,22153,17360,6503,15,13374,0.189774,0.000677,0.770392,32.083871,5165.152,24507.637,SIMULATO
GEN,S3FIFO,S36,1,512,34267,22153,17360,6706,44,13973,0.195698,0.001986,0.804896,33.424194,5168.932,24507.637,SIMULATO
GEN,WTinyLFU,S36,1,512,34267,22153,17360,6218,19,13698,0.181457,0.000858,0.789055,32.153226,5733.056,24507.637,SIMULATO
GEN,LRU,S36,2,512,34256,22164,17360,7926,1041,14360,0.231376,0.046968,0.827189,37.624194,5223.011,24365.852,SIMULATO
GEN,SIEVE,S36,2,512,34256,22164,17360,6543,25,13387,0.191003,0.001128,0.771141,32.185484,5209.569,24365.852,SIMULATO
GEN,S3FIFO,S36,2,512,34256,22164,17360,6528,42,13945,0.190565,0.001895,0.803283,33.088710,5257.876,24365.852,SIMULATO
GEN,WTinyLFU,S36,2,512,34256,22164,17360,6049,17,13684,0.176582,0.000767,0.788249,31.854839,5751.639,24365.852,SIMULATO
GEN,LRU,S36,3,512,34047,22373,17360,7926,996,14320,0.232796,0.044518,0.824885,37.487097,5223.171,24283.493,SIMULATO
GEN,SIEVE,S36,3,512,34047,22373,17360,6474,34,13431,0.190149,0.001520,0.773675,32.159677,5127.858,24283.493,SIMULATO
GEN,S3FIFO,S36,3,512,34047,22373,17360,6497,67,13952,0.190824,0.002995,0.803687,33.090323,5262.548,24283.493,SIMULATO
GEN,WTinyLFU,S36,3,512,34047,22373,17360,5986,28,13648,0.175816,0.001252,0.786175,31.712903,5817.885,24283.493,SIMULATO
GEN,LRU,S36,4,512,34227,22193,17360,8097,976,14393,0.236568,0.043978,0.829090,37.848387,5208.874,24409.036,SIMULATO
GEN,SIEVE,S36,4,512,34227,22193,17360,6414,35,13392,0.187396,0.001577,0.771429,32.001613,5267.976,24409.036,SIMULATO
GEN,S3FIFO,S36,4,512,34227,22193,17360,6618,50,14005,0.193356,0.002253,0.806740,33.343548,5200.187,24409.036,SIMULATO
GEN,WTinyLFU,S36,4,512,34227,22193,17360,6082,12,13728,0.177696,0.000541,0.790783,31.970968,5798.785,24409.036,SIMULATO
GEN,LRU,S36,5,512,33967,22453,17360,7834,1034,14394,0.230636,0.046052,0.829147,37.519355,5201.632,24472.636,SIMULATO
GEN,SIEVE,S36,5,512,33967,22453,17360,6333,19,13455,0.186446,0.000846,0.775058,31.946774,5146.218,24472.636,SIMULATO
GEN,S3FIFO,S36,5,512,33967,22453,17360,6323,38,13968,0.186151,0.001692,0.804608,32.788710,5221.548,24472.636,SIMULATO
GEN,WTinyLFU,S36,5,512,33967,22453,17360,5948,10,13676,0.175111,0.000445,0.787788,31.667742,5778.519,24472.636,SIMULATO
GEN,LRU,S36,6,512,34225,22195,17360,7983,1014,14362,0.233251,0.045686,0.827304,37.675806,5210.211,24426.252,SIMULATO
GEN,SIEVE,S36,6,512,34225,22195,17360,6305,22,13438,0.184222,0.000991,0.774078,31.879032,5204.571,24426.252,SIMULATO
GEN,S3FIFO,S36,6,512,34225,22195,17360,6485,53,14018,0.189481,0.002388,0.807488,33.154839,5163.156,24426.252,SIMULATO
GEN,WTinyLFU,S36,6,512,34225,22195,17360,6139,34,13715,0.179372,0.001532,0.790035,32.077419,5705.953,24426.252,SIMULATO
GEN,LRU,S36,7,512,33976,22444,17360,7864,940,14295,0.231457,0.041882,0.823445,37.256452,5242.132,24349.426,SIMULATO
GEN,SIEVE,S36,7,512,33976,22444,17360,6357,22,13387,0.187103,0.000980,0.771141,31.880645,5213.665,24349.426,SIMULATO
GEN,S3FIFO,S36,7,512,33976,22444,17360,6517,70,13956,0.191812,0.003119,0.803917,33.133871,5239.789,24349.426,SIMULATO
GEN,WTinyLFU,S36,7,512,33976,22444,17360,5983,12,13659,0.176095,0.000535,0.786809,31.700000,5832.627,24349.426,SIMULATO
GEN,LRU,S36,8,512,34052,22368,17360,7920,960,14387,0.232585,0.042918,0.828744,37.527419,5220.203,24246.605,SIMULATO
GEN,SIEVE,S36,8,512,34052,22368,17360,6367,24,13369,0.186979,0.001073,0.770104,31.870968,5235.098,24246.605,SIMULATO
GEN,S3FIFO,S36,8,512,34052,22368,17360,6489,48,13930,0.190561,0.002146,0.802419,33.011290,5221.829,24246.605,SIMULATO
GEN,WTinyLFU,S36,8,512,34052,22368,17360,6083,26,13653,0.178639,0.001162,0.786463,31.874194,5785.160,24246.605,SIMULATO
GEN,LRU,S36,9,512,33933,22487,17360,7862,982,14429,0.231692,0.043670,0.831164,37.537097,5205.363,24362.533,SIMULATO
GEN,SIEVE,S36,9,512,33933,22487,17360,6281,30,13456,0.185100,0.001334,0.775115,31.882258,5227.331,24362.533,SIMULATO
GEN,S3FIFO,S36,9,512,33933,22487,17360,6473,72,14017,0.190758,0.003202,0.807431,33.164516,5179.856,24362.533,SIMULATO
GEN,WTinyLFU,S36,9,512,33933,22487,17360,5978,20,13687,0.176171,0.000889,0.788422,31.750000,5805.195,24362.533,SIMULATO
GEN,LRU,S36,10,512,34018,22402,17360,8090,1065,14402,0.237815,0.047540,0.829608,37.995161,5232.663,24314.698,SIMULATO
GEN,SIEVE,S36,10,512,34018,22402,17360,6508,28,13433,0.191310,0.001250,0.773790,32.208065,5202.445,24314.698,SIMULATO
GEN,S3FIFO,S36,10,512,34018,22402,17360,6605,67,14011,0.194162,0.002991,0.807085,33.359677,5236.171,24314.698,SIMULATO
GEN,WTinyLFU,S36,10,512,34018,22402,17360,6136,42,13727,0.180375,0.001875,0.790726,32.104839,5756.937,24314.698,SIMULATO
GEN,LRU,S36,11,512,34134,22286,17360,8006,1048,14360,0.234546,0.047025,0.827189,37.764516,5213.208,24426.642,SIMULATO
GEN,SIEVE,S36,11,512,34134,22286,17360,6431,30,13437,0.188405,0.001346,0.774021,32.093548,5183.794,24426.642,SIMULATO
GEN,S3FIFO,S36,11,512,34134,22286,17360,6575,65,13973,0.192623,0.002917,0.804896,33.246774,5215.810,24426.642,SIMULATO
GEN,WTinyLFU,S36,11,512,34134,22286,17360,6028,21,13718,0.176598,0.000942,0.790207,31.882258,5733.998,24426.642,SIMULATO
GEN,LRU,S36,12,512,34021,22399,17360,7996,1057,14397,0.235031,0.047190,0.829320,37.822581,5212.805,24407.190,SIMULATO
GEN,SIEVE,S36,12,512,34021,22399,17360,6358,33,13444,0.186885,0.001473,0.774424,31.991935,5222.276,24407.190,SIMULATO
GEN,S3FIFO,S36,12,512,34021,22399,17360,6603,64,14039,0.194086,0.002857,0.808698,33.396774,5200.637,24407.190,SIMULATO
GEN,WTinyLFU,S36,12,512,34021,22399,17360,6074,18,13670,0.178537,0.000804,0.787442,31.874194,5786.473,24407.190,SIMULATO
GEN,LRU,S36,13,512,33980,22440,17360,7862,969,14364,0.231371,0.043182,0.827419,37.411290,5198.197,24364.723,SIMULATO
GEN,SIEVE,S36,13,512,33980,22440,17360,6284,34,13419,0.184932,0.001515,0.772984,31.833871,5183.590,24364.723,SIMULATO
GEN,S3FIFO,S36,13,512,33980,22440,17360,6341,49,14003,0.186610,0.002184,0.806624,32.891935,5182.329,24364.723,SIMULATO
GEN,WTinyLFU,S36,13,512,33980,22440,17360,5949,35,13687,0.175074,0.001560,0.788422,31.727419,5729.305,24364.723,SIMULATO
GEN,LRU,S36,14,512,33767,22653,17360,7865,969,14409,0.232920,0.042776,0.830012,37.488710,5236.423,24307.897,SIMULATO
GEN,SIEVE,S36,14,512,33767,22653,17360,6338,33,13440,0.187698,0.001457,0.774194,31.953226,5231.963,24307.897,SIMULATO
GEN,S3FIFO,S36,14,512,33767,22653,17360,6464,30,14004,0.191430,0.001324,0.806682,33.061290,5235.002,24307.897,SIMULATO
GEN,WTinyLFU,S36,14,512,33767,22653,17360,5992,27,13715,0.177451,0.001192,0.790035,31.829032,5803.802,24307.897,SIMULATO
GEN,LRU,S36,15,512,34063,22357,17360,8110,1023,14346,0.238088,0.045757,0.826382,37.869355,5205.181,24441.833,SIMULATO
GEN,SIEVE,S36,15,512,34063,22357,17360,6410,28,13403,0.188181,0.001252,0.772062,32.001613,5212.348,24441.833,SIMULATO
GEN,S3FIFO,S36,15,512,34063,22357,17360,6548,51,13970,0.192232,0.002281,0.804724,33.175806,5189.734,24441.833,SIMULATO
GEN,WTinyLFU,S36,15,512,34063,22357,17360,6002,31,13635,0.176203,0.001387,0.785426,31.722581,5839.326,24441.833,SIMULATO
GEN,LRU,S36,16,512,34214,22206,17360,8098,1064,14345,0.236687,0.047915,0.826325,37.914516,5232.379,24303.655,SIMULATO
GEN,SIEVE,S36,16,512,34214,22206,17360,6488,43,13403,0.189630,0.001936,0.772062,32.151613,5187.829,24303.655,SIMULATO
GEN,S3FIFO,S36,16,512,34214,22206,17360,6713,51,14039,0.196206,0.002297,0.808698,33.553226,5175.435,24303.655,SIMULATO
GEN,WTinyLFU,S36,16,512,34214,22206,17360,6051,23,13638,0.176857,0.001036,0.785599,31.793548,5766.165,24303.655,SIMULATO
GEN,LRU,S36,17,512,34096,22324,17360,7893,967,14406,0.231493,0.043317,0.829839,37.525806,5234.531,24346.806,SIMULATO
GEN,SIEVE,S36,17,512,34096,22324,17360,6302,17,13441,0.184831,0.000762,0.774251,31.870968,5249.784,24346.806,SIMULATO
GEN,S3FIFO,S36,17,512,34096,22324,17360,6470,44,14041,0.189758,0.001971,0.808813,33.153226,5256.537,24346.806,SIMULATO
GEN,WTinyLFU,S36,17,512,34096,22324,17360,5983,12,13655,0.175475,0.000538,0.786578,31.693548,5790.466,24346.806,SIMULATO
GEN,LRU,S36,18,512,34091,22329,17360,7999,995,14386,0.234637,0.044561,0.828687,37.709677,5233.355,24288.516,SIMULATO
GEN,SIEVE,S36,18,512,34091,22329,17360,6464,23,13367,0.189610,0.001030,0.769988,32.022581,5215.629,24288.516,SIMULATO
GEN,S3FIFO,S36,18,512,34091,22329,17360,6559,67,13983,0.192397,0.003001,0.805472,33.240323,5235.802,24288.516,SIMULATO
GEN,WTinyLFU,S36,18,512,34091,22329,17360,6108,29,13720,0.179168,0.001299,0.790323,32.027419,5792.339,24288.516,SIMULATO
GEN,LRU,S36,19,512,33926,22494,17360,7976,1057,14335,0.235100,0.046990,0.825749,37.690323,5210.960,24398.213,SIMULATO
GEN,SIEVE,S36,19,512,33926,22494,17360,6457,23,13447,0.190326,0.001022,0.774597,32.140323,5183.626,24398.213,SIMULATO
GEN,S3FIFO,S36,19,512,33926,22494,17360,6490,67,14034,0.191299,0.002979,0.808410,33.211290,5181.255,24398.213,SIMULATO
GEN,WTinyLFU,S36,19,512,33926,22494,17360,6072,37,13703,0.178978,0.001645,0.789343,31.954839,5709.653,24398.213,SIMULATO
GEN,LRU,S36,20,512,34230,22190,17360,7991,1009,14349,0.233450,0.045471,0.826555,37.659677,5207.084,24483.094,SIMULATO
GEN,SIEVE,S36,20,512,34230,22190,17360,6397,28,13399,0.186883,0.001262,0.771832,31.974194,5179.187,24483.094,SIMULATO
GEN,S3FIFO,S36,20,512,34230,22190,17360,6536,47,13959,0.190944,0.002118,0.804090,33.132258,5222.321,24483.094,SIMULATO
GEN,WTinyLFU,S36,20,512,34230,22190,17360,6100,20,13686,0.178206,0.000901,0.788364,31.945161,5763.356,24483.094,SIMULATO
GEN,LRU,C12,1,512,34086,7456,17358,7647,902,14629,0.224344,0.120976,0.842781,37.383871,5165.819,25346.259,SIMULATO
GEN,SIEVE,C12,1,512,34086,7456,17358,6279,215,13578,0.184211,0.028836,0.782233,32.374194,5128.377,25346.259,SIMULATO
GEN,S3FIFO,C12,1,512,34086,7456,17358,6518,309,14222,0.191222,0.041443,0.819334,33.950000,5178.742,25346.259,SIMULATO
GEN,WTinyLFU,C12,1,512,34086,7456,17358,5735,171,13663,0.168251,0.022935,0.787130,31.562903,5758.319,25346.259,SIMULATO
GEN,LRU,C12,2,512,34274,7268,17358,7817,909,14671,0.228074,0.125069,0.845201,37.737097,5158.387,25240.139,SIMULATO
GEN,SIEVE,C12,2,512,34274,7268,17358,6379,205,13674,0.186118,0.028206,0.787764,32.674194,5120.173,25240.139,SIMULATO
GEN,S3FIFO,C12,2,512,34274,7268,17358,6575,300,14266,0.191836,0.041277,0.821869,34.098387,5175.798,25240.139,SIMULATO
GEN,WTinyLFU,C12,2,512,34274,7268,17358,5771,164,13616,0.168378,0.022565,0.784422,31.533871,5790.865,25240.139,SIMULATO
GEN,LRU,C12,3,512,34034,7508,17358,7714,883,14773,0.226656,0.117608,0.851077,37.693548,5150.994,25322.946,SIMULATO
GEN,SIEVE,C12,3,512,34034,7508,17358,6216,241,13663,0.182641,0.032099,0.787130,32.451613,5106.902,25322.946,SIMULATO
GEN,S3FIFO,C12,3,512,34034,7508,17358,6517,319,14272,0.191485,0.042488,0.822215,34.045161,5151.466,25322.946,SIMULATO
GEN,WTinyLFU,C12,3,512,34034,7508,17358,5835,182,13577,0.171446,0.024241,0.782175,31.603226,5844.966,25322.946,SIMULATO
GEN,LRU,C12,4,512,34095,7447,17358,7680,886,14693,0.225253,0.118974,0.846468,37.514516,5157.803,25353.642,SIMULATO
GEN,SIEVE,C12,4,512,34095,7447,17358,6321,220,13638,0.185394,0.029542,0.785690,32.546774,5119.306,25353.642,SIMULATO
GEN,S3FIFO,C12,4,512,34095,7447,17358,6599,352,14283,0.193547,0.047267,0.822848,34.248387,5093.081,25353.642,SIMULATO
GEN,WTinyLFU,C12,4,512,34095,7447,17358,5812,176,13605,0.170465,0.023634,0.783788,31.601613,5776.932,25353.642,SIMULATO
GEN,LRU,C12,5,512,34082,7460,17358,7562,876,14699,0.221877,0.117426,0.846814,37.317742,5147.540,25289.332,SIMULATO
GEN,SIEVE,C12,5,512,34082,7460,17358,5988,171,13632,0.175694,0.022922,0.785344,31.920968,5201.702,25289.332,SIMULATO
GEN,S3FIFO,C12,5,512,34082,7460,17358,6381,305,14227,0.187225,0.040885,0.819622,33.730645,5131.052,25289.332,SIMULATO
GEN,WTinyLFU,C12,5,512,34082,7460,17358,5531,168,13636,0.162285,0.022520,0.785574,31.185484,5839.476,25289.332,SIMULATO
GEN,LRU,C12,6,512,34143,7399,17358,7723,898,14667,0.226196,0.121368,0.844971,37.561290,5177.674,25235.688,SIMULATO
GEN,SIEVE,C12,6,512,34143,7399,17358,6267,204,13652,0.183552,0.027571,0.786496,32.456452,5130.332,25235.688,SIMULATO
GEN,S3FIFO,C12,6,512,34143,7399,17358,6558,304,14267,0.192075,0.041087,0.821926,34.079032,5123.373,25235.688,SIMULATO
GEN,WTinyLFU,C12,6,512,34143,7399,17358,5775,182,13725,0.169142,0.024598,0.790702,31.745161,5705.424,25235.688,SIMULATO
GEN,LRU,C12,7,512,34028,7514,17358,7607,901,14662,0.223551,0.119910,0.844683,37.370968,5192.024,25176.699,SIMULATO
GEN,SIEVE,C12,7,512,34028,7514,17358,6152,211,13629,0.180792,0.028081,0.785171,32.245161,5176.242,25176.699,SIMULATO
GEN,S3FIFO,C12,7,512,34028,7514,17358,6456,325,14248,0.189726,0.043253,0.820832,33.917742,5194.202,25176.699,SIMULATO
GEN,WTinyLFU,C12,7,512,34028,7514,17358,5710,178,13628,0.167803,0.023689,0.785113,31.477419,5786.187,25176.699,SIMULATO
GEN,LRU,C12,8,512,34062,7480,17358,7660,859,14681,0.224884,0.114840,0.845777,37.419355,5164.195,25254.502,SIMULATO
GEN,SIEVE,C12,8,512,34062,7480,17358,6111,209,13630,0.179408,0.027941,0.785229,32.177419,5185.965,25254.502,SIMULATO
GEN,S3FIFO,C12,8,512,34062,7480,17358,6437,330,14212,0.188979,0.044118,0.818758,33.837097,5197.087,25254.502,SIMULATO
GEN,WTinyLFU,C12,8,512,34062,7480,17358,5648,179,13634,0.165815,0.023930,0.785459,31.388710,5818.240,25254.502,SIMULATO
GEN,LRU,C12,9,512,34026,7516,17358,7693,975,14692,0.226092,0.129723,0.846411,37.677419,5142.985,25327.691,SIMULATO
GEN,SIEVE,C12,9,512,34026,7516,17358,6164,213,13636,0.181156,0.028340,0.785574,32.279032,5195.184,25327.691,SIMULATO
GEN,S3FIFO,C12,9,512,34026,7516,17358,6536,329,14344,0.192088,0.043773,0.826362,34.208065,5114.081,25327.691,SIMULATO
GEN,WTinyLFU,C12,9,512,34026,7516,17358,5704,173,13692,0.167637,0.023018,0.788801,31.562903,5794.692,25327.691,SIMULATO
GEN,LRU,C12,10,512,34049,7493,17358,7686,886,14609,0.225734,0.118244,0.841629,37.388710,5175.819,25272.277,SIMULATO
GEN,SIEVE,C12,10,512,34049,7493,17358,6118,186,13658,0.179682,0.024823,0.786842,32.196774,5127.979,25272.277,SIMULATO
GEN,S3FIFO,C12,10,512,34049,7493,17358,6458,318,14216,0.189668,0.042440,0.818988,33.858065,5162.687,25272.277,SIMULATO
GEN,WTinyLFU,C12,10,512,34049,7493,17358,5599,148,13672,0.164439,0.019752,0.787648,31.320968,5702.194,25272.277,SIMULATO
GEN,LRU,C12,11,512,33980,7562,17358,7775,936,14630,0.228811,0.123777,0.842839,37.646774,5166.477,25275.943,SIMULATO
GEN,SIEVE,C12,11,512,33980,7562,17358,6321,222,13663,0.186021,0.029357,0.787130,32.590323,5109.802,25275.943,SIMULATO
GEN,S3FIFO,C12,11,512,33980,7562,17358,6560,340,14226,0.193055,0.044962,0.819564,34.074194,5187.700,25275.943,SIMULATO
GEN,WTinyLFU,C12,11,512,33980,7562,17358,5809,195,13687,0.170954,0.025787,0.788513,31.759677,5752.403,25275.943,SIMULATO
GEN,LRU,C12,12,512,34106,7436,17358,7684,886,14655,0.225298,0.119150,0.844279,37.459677,5177.587,25325.098,SIMULATO
GEN,SIEVE,C12,12,512,34106,7436,17358,6225,211,13650,0.182519,0.028375,0.786381,32.396774,5146.655,25325.098,SIMULATO
GEN,S3FIFO,C12,12,512,34106,7436,17358,6588,319,14233,0.193162,0.042899,0.819968,34.096774,5168.918,25325.098,SIMULATO
GEN,WTinyLFU,C12,12,512,34106,7436,17358,5724,162,13662,0.167830,0.021786,0.787072,31.529032,5741.226,25325.098,SIMULATO
GEN,LRU,C12,13,512,34060,7482,17358,7590,891,14706,0.222842,0.119086,0.847217,37.398387,5163.084,25249.246,SIMULATO
GEN,SIEVE,C12,13,512,34060,7482,17358,6084,189,13674,0.178626,0.025261,0.787764,32.172581,5072.676,25249.246,SIMULATO
GEN,S3FIFO,C12,13,512,34060,7482,17358,6364,326,14247,0.186847,0.043571,0.820774,33.769355,5125.353,25249.246,SIMULATO
GEN,WTinyLFU,C12,13,512,34060,7482,17358,5592,162,13678,0.164181,0.021652,0.787994,31.341935,5725.719,25249.246,SIMULATO
GEN,LRU,C12,14,512,34025,7517,17358,7647,844,14669,0.224747,0.112279,0.845086,37.354839,5179.071,25224.398,SIMULATO
GEN,SIEVE,C12,14,512,34025,7517,17358,6184,219,13656,0.181749,0.029134,0.786727,32.353226,5155.715,25224.398,SIMULATO
GEN,S3FIFO,C12,14,512,34025,7517,17358,6424,297,14227,0.188802,0.039510,0.819622,33.787097,5226.737,25224.398,SIMULATO
GEN,WTinyLFU,C12,14,512,34025,7517,17358,5629,188,13607,0.165437,0.025010,0.783904,31.329032,5786.926,25224.398,SIMULATO
GEN,LRU,C12,15,512,34110,7432,17358,7695,935,14620,0.225594,0.125807,0.842263,37.500000,5134.042,25518.615,SIMULATO
GEN,SIEVE,C12,15,512,34110,7432,17358,6147,238,13610,0.180211,0.032024,0.784077,32.250000,5098.361,25518.615,SIMULATO
GEN,S3FIFO,C12,15,512,34110,7432,17358,6452,330,14211,0.189153,0.044403,0.818700,33.859677,5142.652,25518.615,SIMULATO
GEN,WTinyLFU,C12,15,512,34110,7432,17358,5736,186,13645,0.168162,0.025027,0.786093,31.559677,5774.760,25518.615,SIMULATO
GEN,LRU,C12,16,512,34205,7337,17358,7790,841,14698,0.227744,0.114625,0.846757,37.627419,5149.410,25355.690,SIMULATO
GEN,SIEVE,C12,16,512,34205,7337,17358,6282,190,13630,0.183657,0.025896,0.785229,32.422581,5144.579,25355.690,SIMULATO
GEN,S3FIFO,C12,16,512,34205,7337,17358,6616,322,14282,0.193422,0.043887,0.822791,34.225806,5138.305,25355.690,SIMULATO
GEN,WTinyLFU,C12,16,512,34205,7337,17358,5848,157,13655,0.170969,0.021398,0.786669,31.709677,5767.969,25355.690,SIMULATO
GEN,LRU,C12,17,512,34057,7485,17358,7534,903,14703,0.221217,0.120641,0.847045,37.322581,5136.915,25464.978,SIMULATO
GEN,SIEVE,C12,17,512,34057,7485,17358,6103,186,13609,0.179200,0.024850,0.784019,32.093548,5180.023,25464.978,SIMULATO
GEN,S3FIFO,C12,17,512,34057,7485,17358,6366,294,14198,0.186922,0.039279,0.817951,33.641935,5157.081,25464.978,SIMULATO
GEN,WTinyLFU,C12,17,512,34057,7485,17358,5596,163,13587,0.164313,0.021777,0.782751,31.203226,5813.966,25464.978,SIMULATO
GEN,LRU,C12,18,512,34100,7442,17358,7686,897,14690,0.225396,0.120532,0.846296,37.537097,5195.739,25237.872,SIMULATO
GEN,SIEVE,C12,18,512,34100,7442,17358,6210,209,13685,0.182111,0.028084,0.788397,32.425806,5138.385,25237.872,SIMULATO
GEN,S3FIFO,C12,18,512,34100,7442,17358,6564,308,14243,0.192493,0.041387,0.820544,34.056452,5205.461,25237.872,SIMULATO
GEN,WTinyLFU,C12,18,512,34100,7442,17358,5745,154,13669,0.168475,0.020693,0.787476,31.561290,5769.115,25237.872,SIMULATO
GEN,LRU,C12,19,512,34065,7477,17358,7767,880,14714,0.228005,0.117694,0.847678,37.679032,5122.039,25354.470,SIMULATO
GEN,SIEVE,C12,19,512,34065,7477,17358,6292,206,13680,0.184706,0.027551,0.788109,32.545161,5122.976,25354.470,SIMULATO
GEN,S3FIFO,C12,19,512,34065,7477,17358,6613,314,14265,0.194129,0.041995,0.821811,34.180645,5095.118,25354.470,SIMULATO
GEN,WTinyLFU,C12,19,512,34065,7477,17358,5783,188,13706,0.169764,0.025144,0.789607,31.737097,5689.440,25354.470,SIMULATO
GEN,LRU,C12,20,512,34109,7433,17358,7745,927,14663,0.227066,0.124714,0.844740,37.637097,5194.253,25419.538,SIMULATO
GEN,SIEVE,C12,20,512,34109,7433,17358,6218,186,13603,0.182298,0.025024,0.783673,32.269355,5180.497,25419.538,SIMULATO
GEN,S3FIFO,C12,20,512,34109,7433,17358,6555,281,14157,0.192178,0.037804,0.815589,33.859677,5231.953,25419.538,SIMULATO
GEN,WTinyLFU,C12,20,512,34109,7433,17358,5772,142,13571,0.169222,0.019104,0.781830,31.427419,5829.135,25419.538,SIMULATO
GEN,LRU,C36,1,512,34267,22153,17360,7765,685,14448,0.226603,0.030921,0.832258,36.932258,5138.206,25206.833,SIMULATO
GEN,SIEVE,C36,1,512,34267,22153,17360,6270,5,13545,0.182975,0.000226,0.780242,31.967742,5119.790,25206.833,SIMULATO
GEN,S3FIFO,C36,1,512,34267,22153,17360,6540,21,14136,0.190854,0.000948,0.814286,33.382258,5087.237,25206.833,SIMULATO
GEN,WTinyLFU,C36,1,512,34267,22153,17360,5997,17,13832,0.175008,0.000767,0.796774,32.009677,5722.790,25206.833,SIMULATO
GEN,LRU,C36,2,512,34256,22164,17360,7572,631,14531,0.221042,0.028470,0.837039,36.667742,5170.474,25059.338,SIMULATO
GEN,SIEVE,C36,2,512,34256,22164,17360,6226,11,13576,0.181749,0.000496,0.782028,31.956452,5165.813,25059.338,SIMULATO
GEN,S3FIFO,C36,2,512,34256,22164,17360,6400,26,14074,0.186829,0.001173,0.810714,33.064516,5205.165,25059.338,SIMULATO
GEN,WTinyLFU,C36,2,512,34256,22164,17360,5778,13,13834,0.168671,0.000587,0.796889,31.653226,5756.987,25059.338,SIMULATO
GEN,LRU,C36,3,512,34047,22373,17360,7579,620,14517,0.222604,0.027712,0.836233,36.638710,5170.340,24987.494,SIMULATO
GEN,SIEVE,C36,3,512,34047,22373,17360,6251,24,13634,0.183599,0.001073,0.785369,32.111290,5068.921,24987.494,SIMULATO
GEN,S3FIFO,C36,3,512,34047,22373,17360,6389,45,14107,0.187652,0.002011,0.812615,33.130645,5172.344,24987.494,SIMULATO
GEN,WTinyLFU,C36,3,512,34047,22373,17360,5851,20,13793,0.171851,0.000894,0.794528,31.716129,5791.981,24987.494,SIMULATO
GEN,LRU,C36,4,512,34227,22193,17360,7729,611,14580,0.225816,0.027531,0.839862,36.967742,5152.726,25102.929,SIMULATO
GEN,SIEVE,C36,4,512,34227,22193,17360,6171,21,13568,0.180296,0.000946,0.781567,31.870968,5217.685,25102.929,SIMULATO
GEN,S3FIFO,C36,4,512,34227,22193,17360,6478,38,14163,0.189266,0.001712,0.815841,33.353226,5138.216,25102.929,SIMULATO
GEN,WTinyLFU,C36,4,512,34227,22193,17360,5864,18,13870,0.171327,0.000811,0.798963,31.858065,5748.847,25102.929,SIMULATO
GEN,LRU,C36,5,512,33967,22453,17360,7469,622,14577,0.219890,0.027702,0.839689,36.561290,5145.206,25127.213,SIMULATO
GEN,SIEVE,C36,5,512,33967,22453,17360,6067,9,13656,0.178615,0.000401,0.786636,31.825806,5093.019,25127.213,SIMULATO
GEN,S3FIFO,C36,5,512,33967,22453,17360,6209,29,14138,0.182795,0.001292,0.814401,32.864516,5145.963,25127.213,SIMULATO
GEN,WTinyLFU,C36,5,512,33967,22453,17360,5679,5,13851,0.167192,0.000223,0.797869,31.508065,5735.623,25127.213,SIMULATO
GEN,LRU,C36,6,512,34225,22195,17360,7674,635,14569,0.224222,0.028610,0.839228,36.900000,5162.542,25123.077,SIMULATO
GEN,SIEVE,C36,6,512,34225,22195,17360,6124,16,13632,0.178934,0.000721,0.785253,31.890323,5106.095,25123.077,SIMULATO
GEN,S3FIFO,C36,6,512,34225,22195,17360,6358,35,14169,0.185771,0.001577,0.816187,33.164516,5125.455,25123.077,SIMULATO
GEN,WTinyLFU,C36,6,512,34225,22195,17360,5942,10,13920,0.173616,0.000451,0.801843,32.051613,5622.637,25123.077,SIMULATO
GEN,LRU,C36,7,512,33976,22444,17360,7531,601,14497,0.221656,0.026778,0.835081,36.498387,5191.144,24911.467,SIMULATO
GEN,SIEVE,C36,7,512,33976,22444,17360,6154,17,13587,0.181128,0.000757,0.782661,31.867742,5154.173,24911.467,SIMULATO
GEN,S3FIFO,C36,7,512,33976,22444,17360,6388,30,14136,0.188015,0.001337,0.814286,33.151613,5189.782,24911.467,SIMULATO
GEN,WTinyLFU,C36,7,512,33976,22444,17360,5799,17,13817,0.170679,0.000757,0.795910,31.666129,5775.256,24911.467,SIMULATO
GEN,LRU,C36,8,512,34052,22368,17360,7586,597,14544,0.222777,0.026690,0.837788,36.656452,5173.640,24979.547,SIMULATO
GEN,SIEVE,C36,8,512,34052,22368,17360,6134,12,13561,0.180136,0.000536,0.781164,31.785484,5164.344,24979.547,SIMULATO
GEN,S3FIFO,C36,8,512,34052,22368,17360,6363,41,14110,0.186861,0.001833,0.812788,33.087097,5199.840,24979.547,SIMULATO
GEN,WTinyLFU,C36,8,512,34052,22368,17360,5797,14,13846,0.170240,0.000626,0.797581,31.704839,5732.131,24979.547,SIMULATO
GEN,LRU,C36,9,512,33933,22487,17360,7608,652,14614,0.224207,0.028995,0.841820,36.893548,5154.660,25039.369,SIMULATO
GEN,SIEVE,C36,9,512,33933,22487,17360,6084,16,13619,0.179294,0.000712,0.784505,31.804839,5172.300,25039.369,SIMULATO
GEN,S3FIFO,C36,9,512,33933,22487,17360,6465,46,14221,0.190523,0.002046,0.819182,33.438710,5117.335,25039.369,SIMULATO
GEN,WTinyLFU,C36,9,512,33933,22487,17360,5857,25,13881,0.172605,0.001112,0.799597,31.875806,5770.900,25039.369,SIMULATO
GEN,LRU,C36,10,512,34018,22402,17360,7739,665,14587,0.227497,0.029685,0.840265,37.082258,5177.453,25015.584,SIMULATO
GEN,SIEVE,C36,10,512,34018,22402,17360,6259,17,13624,0.183991,0.000759,0.784793,32.096774,5148.150,25015.584,SIMULATO
GEN,S3FIFO,C36,10,512,34018,22402,17360,6469,42,14196,0.190164,0.001875,0.817742,33.398387,5182.474,25015.584,SIMULATO
GEN,WTinyLFU,C36,10,512,34018,22402,17360,5937,11,13852,0.174525,0.000491,0.797926,31.935484,5717.956,25015.584,SIMULATO
GEN,LRU,C36,11,512,34134,22286,17360,7651,635,14592,0.224146,0.028493,0.840553,36.900000,5158.066,25136.524,SIMULATO
GEN,SIEVE,C36,11,512,34134,22286,17360,6224,11,13638,0.182340,0.000494,0.785599,32.053226,5120.082,25136.524,SIMULATO
GEN,S3FIFO,C36,11,512,34134,22286,17360,6433,28,14142,0.188463,0.001256,0.814631,33.230645,5169.652,25136.524,SIMULATO
GEN,WTinyLFU,C36,11,512,34134,22286,17360,5777,29,13839,0.169245,0.001301,0.797177,31.685484,5727.339,25136.524,SIMULATO
GEN,LRU,C36,12,512,34021,22399,17360,7653,640,14600,0.224949,0.028573,0.841014,36.924194,5160.734,25103.211,SIMULATO
GEN,SIEVE,C36,12,512,34021,22399,17360,6134,22,13624,0.180300,0.000982,0.784793,31.903226,5159.239,25103.211,SIMULATO
GEN,S3FIFO,C36,12,512,34021,22399,17360,6481,45,14220,0.190500,0.002009,0.819124,33.461290,5126.008,25103.211,SIMULATO
GEN,WTinyLFU,C36,12,512,34021,22399,17360,5863,12,13905,0.172335,0.000536,0.800979,31.903226,5702.879,25103.211,SIMULATO
GEN,LRU,C36,13,512,33980,22440,17360,7504,623,14563,0.220836,0.027763,0.838882,36.596774,5147.250,25020.834,SIMULATO
GEN,SIEVE,C36,13,512,33980,22440,17360,6088,9,13604,0.179164,0.000401,0.783641,31.775806,5126.432,25020.834,SIMULATO
GEN,S3FIFO,C36,13,512,33980,22440,17360,6227,30,14169,0.183255,0.001337,0.816187,32.945161,5112.792,25020.834,SIMULATO
GEN,WTinyLFU,C36,13,512,33980,22440,17360,5716,9,13829,0.168217,0.000401,0.796601,31.538710,5690.339,25020.834,SIMULATO
GEN,LRU,C36,14,512,33767,22653,17360,7525,606,14587,0.222851,0.026751,0.840265,36.641935,5178.713,25001.837,SIMULATO
GEN,SIEVE,C36,14,512,33767,22653,17360,6115,8,13648,0.181094,0.000353,0.786175,31.888710,5175.635,25001.837,SIMULATO
GEN,S3FIFO,C36,14,512,33767,22653,17360,6329,19,14173,0.187432,0.000839,0.816417,33.098387,5165.445,25001.837,SIMULATO
GEN,WTinyLFU,C36,14,512,33767,22653,17360,5832,14,13894,0.172713,0.000618,0.800346,31.838710,5740.458,25001.837,SIMULATO
GEN,LRU,C36,15,512,34063,22357,17360,7766,621,14548,0.227989,0.027777,0.838018,36.991935,5150.144,25107.561,SIMULATO
GEN,SIEVE,C36,15,512,34063,22357,17360,6198,13,13616,0.181957,0.000581,0.784332,31.979032,5157.026,25107.561,SIMULATO
GEN,S3FIFO,C36,15,512,34063,22357,17360,6445,28,14142,0.189208,0.001252,0.814631,33.250000,5135.894,25107.561,SIMULATO
GEN,WTinyLFU,C36,15,512,34063,22357,17360,5839,11,13797,0.171418,0.000492,0.794758,31.688710,5755.298,25107.561,SIMULATO
GEN,LRU,C36,16,512,34214,22206,17360,7727,653,14553,0.225843,0.029406,0.838306,36.988710,5180.289,25082.858,SIMULATO
GEN,SIEVE,C36,16,512,34214,22206,17360,6251,22,13592,0.182703,0.000991,0.782949,32.040323,5134.415,25082.858,SIMULATO
GEN,S3FIFO,C36,16,512,34214,22206,17360,6550,32,14165,0.191442,0.001441,0.815956,33.462903,5117.523,25082.858,SIMULATO
GEN,WTinyLFU,C36,16,512,34214,22206,17360,5901,11,13801,0.172473,0.000495,0.794988,31.795161,5742.495,25082.858,SIMULATO
GEN,LRU,C36,17,512,34096,22324,17360,7577,630,14577,0.222225,0.028221,0.839689,36.748387,5181.323,25030.719,SIMULATO
GEN,SIEVE,C36,17,512,34096,22324,17360,6083,14,13635,0.178408,0.000627,0.785426,31.825806,5192.339,25030.719,SIMULATO
GEN,S3FIFO,C36,17,512,34096,22324,17360,6373,32,14173,0.186913,0.001433,0.816417,33.190323,5172.052,25030.719,SIMULATO
GEN,WTinyLFU,C36,17,512,34096,22324,17360,5782,10,13837,0.169580,0.000448,0.797062,31.659677,5755.694,25030.719,SIMULATO
GEN,LRU,C36,18,512,34091,22329,17360,7689,626,14576,0.225543,0.028035,0.839631,36.920968,5177.750,25048.206,SIMULATO
GEN,SIEVE,C36,18,512,34091,22329,17360,6305,4,13588,0.184946,0.000179,0.782719,32.091935,5110.526,25048.206,SIMULATO
GEN,S3FIFO,C36,18,512,34091,22329,17360,6440,37,14140,0.188906,0.001657,0.814516,33.253226,5171.390,25048.206,SIMULATO
GEN,WTinyLFU,C36,18,512,34091,22329,17360,5947,13,13834,0.174445,0.000582,0.796889,31.925806,5714.965,25048.206,SIMULATO
GEN,LRU,C36,19,512,33926,22494,17360,7654,667,14542,0.225609,0.029652,0.837673,36.875806,5156.944,25085.486,SIMULATO
GEN,SIEVE,C36,19,512,33926,22494,17360,6273,22,13641,0.184902,0.000978,0.785772,32.154839,5103.177,25085.486,SIMULATO
GEN,S3FIFO,C36,19,512,33926,22494,17360,6393,55,14192,0.188440,0.002445,0.817512,33.290323,5139.098,25085.486,SIMULATO
GEN,WTinyLFU,C36,19,512,33926,22494,17360,5915,21,13863,0.174350,0.000934,0.798560,31.933871,5632.950,25085.486,SIMULATO
GEN,LRU,C36,20,512,34230,22190,17360,7647,630,14516,0.223401,0.028391,0.836175,36.762903,5154.355,25129.931,SIMULATO
GEN,SIEVE,C36,20,512,34230,22190,17360,6194,18,13591,0.180952,0.000811,0.782892,31.940323,5128.410,25129.931,SIMULATO
GEN,S3FIFO,C36,20,512,34230,22190,17360,6402,21,14107,0.187029,0.000946,0.812615,33.112903,5156.935,25129.931,SIMULATO
GEN,WTinyLFU,C36,20,512,34230,22190,17360,5894,12,13842,0.172188,0.000541,0.797350,31.851613,5723.316,25129.931,SIMULATO
GEN,LRU,P0,1,512,34103,0,17357,7775,0,14896,0.227986,nan,0.858213,36.566129,5151.777,25444.454,SIMULATO
GEN,SIEVE,P0,1,512,34103,0,17357,6337,0,13925,0.185819,nan,0.802270,32.680645,5080.244,25444.454,SIMULATO
GEN,S3FIFO,P0,1,512,34103,0,17357,6725,0,14557,0.197197,nan,0.838682,34.325806,5142.981,25444.454,SIMULATO
GEN,WTinyLFU,P0,1,512,34103,0,17357,5739,0,13680,0.168284,nan,0.788155,31.320968,5800.916,25444.454,SIMULATO
GEN,LRU,P0,2,512,34103,0,17357,7639,0,14896,0.223998,nan,0.858213,36.346774,5152.115,25596.869,SIMULATO
GEN,SIEVE,P0,2,512,34103,0,17357,6051,0,13899,0.177433,nan,0.800772,32.177419,5188.258,25596.869,SIMULATO
GEN,S3FIFO,P0,2,512,34103,0,17357,6599,0,14519,0.193502,nan,0.836492,34.061290,5176.965,25596.869,SIMULATO
GEN,WTinyLFU,P0,2,512,34103,0,17357,5599,0,13755,0.164179,nan,0.792476,31.216129,5813.484,25596.869,SIMULATO
GEN,LRU,P0,3,512,34103,0,17357,7824,0,14890,0.229423,nan,0.857867,36.635484,5150.935,25560.556,SIMULATO
GEN,SIEVE,P0,3,512,34103,0,17357,6329,0,13905,0.185585,nan,0.801118,32.635484,5147.268,25560.556,SIMULATO
GEN,S3FIFO,P0,3,512,34103,0,17357,6865,0,14581,0.201302,nan,0.840065,34.590323,5117.753,25560.556,SIMULATO
GEN,WTinyLFU,P0,3,512,34103,0,17357,5726,0,13648,0.167903,nan,0.786311,31.248387,5851.931,25560.556,SIMULATO
GEN,LRU,P0,4,512,34103,0,17357,7643,0,14902,0.224115,nan,0.858559,36.362903,5165.984,25415.406,SIMULATO
GEN,SIEVE,P0,4,512,34103,0,17357,6124,0,13863,0.179574,nan,0.798698,32.237097,5161.397,25415.406,SIMULATO
GEN,S3FIFO,P0,4,512,34103,0,17357,6661,0,14503,0.195320,nan,0.835571,34.135484,5131.208,25415.406,SIMULATO
GEN,WTinyLFU,P0,4,512,34103,0,17357,5577,0,13695,0.163534,nan,0.789019,31.083871,5858.148,25415.406,SIMULATO
GEN,LRU,P0,5,512,34103,0,17357,7506,0,14870,0.220098,nan,0.856715,36.090323,5166.242,25349.342,SIMULATO
GEN,SIEVE,P0,5,512,34103,0,17357,6053,0,13828,0.177492,nan,0.796681,32.066129,5143.423,25349.342,SIMULATO
GEN,S3FIFO,P0,5,512,34103,0,17357,6473,0,14450,0.189807,nan,0.832517,33.746774,5196.263,25349.342,SIMULATO
GEN,WTinyLFU,P0,5,512,34103,0,17357,5600,0,13708,0.164208,nan,0.789768,31.141935,5819.197,25349.342,SIMULATO
GEN,LRU,P0,6,512,34103,0,17357,7686,0,14895,0.225376,nan,0.858155,36.420968,5185.497,25413.604,SIMULATO
GEN,SIEVE,P0,6,512,34103,0,17357,6254,0,13894,0.183386,nan,0.800484,32.496774,5114.469,25413.604,SIMULATO
GEN,S3FIFO,P0,6,512,34103,0,17357,6620,0,14525,0.194118,nan,0.836838,34.104839,5212.674,25413.604,SIMULATO
GEN,WTinyLFU,P0,6,512,34103,0,17357,5734,0,13730,0.168138,nan,0.791035,31.393548,5822.521,25413.604,SIMULATO
GEN,LRU,P0,7,512,34103,0,17357,7698,0,14810,0.225728,nan,0.853258,36.303226,5178.581,25396.261,SIMULATO
GEN,SIEVE,P0,7,512,34103,0,17357,6222,0,13912,0.182447,nan,0.801521,32.474194,5138.629,25396.261,SIMULATO
GEN,S3FIFO,P0,7,512,34103,0,17357,6626,0,14530,0.194294,nan,0.837126,34.122581,5156.203,25396.261,SIMULATO
GEN,WTinyLFU,P0,7,512,34103,0,17357,5741,0,13674,0.168343,nan,0.787809,31.314516,5850.452,25396.261,SIMULATO
GEN,LRU,P0,8,512,34103,0,17357,7773,0,14918,0.227927,nan,0.859480,36.598387,5184.234,25438.052,SIMULATO
GEN,SIEVE,P0,8,512,34103,0,17357,6334,0,13881,0.185731,nan,0.799735,32.604839,5131.011,25438.052,SIMULATO
GEN,S3FIFO,P0,8,512,34103,0,17357,6789,0,14507,0.199073,nan,0.835801,34.348387,5131.694,25438.052,SIMULATO
GEN,WTinyLFU,P0,8,512,34103,0,17357,5796,0,13656,0.169956,nan,0.786772,31.374194,5851.977,25438.052,SIMULATO
GEN,LRU,P0,9,512,34103,0,17357,7733,0,14919,0.226754,nan,0.859538,36.535484,5163.915,25463.402,SIMULATO
GEN,SIEVE,P0,9,512,34103,0,17357,6206,0,13870,0.181978,nan,0.799101,32.380645,5193.471,25463.402,SIMULATO
GEN,S3FIFO,P0,9,512,34103,0,17357,6713,0,14503,0.196845,nan,0.835571,34.219355,5132.610,25463.402,SIMULATO
GEN,WTinyLFU,P0,9,512,34103,0,17357,5750,0,13667,0.168607,nan,0.787406,31.317742,5872.944,25463.402,SIMULATO
GEN,LRU,P0,10,512,34103,0,17357,7644,0,14874,0.224145,nan,0.856945,36.319355,5170.006,25474.482,SIMULATO
GEN,SIEVE,P0,10,512,34103,0,17357,6166,0,13839,0.180805,nan,0.797315,32.266129,5174.345,25474.482,SIMULATO
GEN,S3FIFO,P0,10,512,34103,0,17357,6613,0,14533,0.193913,nan,0.837299,34.106452,5170.661,25474.482,SIMULATO
GEN,WTinyLFU,P0,10,512,34103,0,17357,5700,0,13710,0.167141,nan,0.789883,31.306452,5808.074,25474.482,SIMULATO
GEN,LRU,P0,11,512,34103,0,17357,7723,0,14897,0.226461,nan,0.858270,36.483871,5175.318,25385.921,SIMULATO
GEN,SIEVE,P0,11,512,34103,0,17357,6132,0,13874,0.179808,nan,0.799332,32.267742,5188.453,25385.921,SIMULATO
GEN,S3FIFO,P0,11,512,34103,0,17357,6709,0,14526,0.196728,nan,0.836896,34.250000,5159.752,25385.921,SIMULATO
GEN,WTinyLFU,P0,11,512,34103,0,17357,5667,0,13681,0.166173,nan,0.788212,31.206452,5842.032,25385.921,SIMULATO
GEN,LRU,P0,12,512,34103,0,17357,7761,0,14936,0.227575,nan,0.860517,36.608065,5178.684,25396.264,SIMULATO
GEN,SIEVE,P0,12,512,34103,0,17357,6222,0,13875,0.182447,nan,0.799389,32.414516,5216.842,25396.264,SIMULATO
GEN,S3FIFO,P0,12,512,34103,0,17357,6758,0,14508,0.198164,nan,0.835859,34.300000,5168.068,25396.264,SIMULATO
GEN,WTinyLFU,P0,12,512,34103,0,17357,5784,0,13707,0.169604,nan,0.789710,31.437097,5826.205,25396.264,SIMULATO
GEN,LRU,P0,13,512,34103,0,17357,7764,0,14888,0.227663,nan,0.857752,36.535484,5140.089,25387.701,SIMULATO
GEN,SIEVE,P0,13,512,34103,0,17357,6200,0,13930,0.181802,nan,0.802558,32.467742,5145.508,25387.701,SIMULATO
GEN,S3FIFO,P0,13,512,34103,0,17357,6781,0,14577,0.198839,nan,0.839834,34.448387,5062.734,25387.701,SIMULATO
GEN,WTinyLFU,P0,13,512,34103,0,17357,5742,0,13699,0.168372,nan,0.789249,31.356452,5792.523,25387.701,SIMULATO
GEN,LRU,P0,14,512,34103,0,17357,7611,0,14900,0.223177,nan,0.858443,36.308065,5173.024,25484.312,SIMULATO
GEN,SIEVE,P0,14,512,34103,0,17357,6273,0,13942,0.183943,nan,0.803249,32.604839,5085.927,25484.312,SIMULATO
GEN,S3FIFO,P0,14,512,34103,0,17357,6618,0,14474,0.194059,nan,0.833900,34.019355,5160.179,25484.312,SIMULATO
GEN,WTinyLFU,P0,14,512,34103,0,17357,5537,0,13720,0.162361,nan,0.790459,31.059677,5817.766,25484.312,SIMULATO
GEN,LRU,P0,15,512,34103,0,17357,7685,0,14921,0.225347,nan,0.859653,36.461290,5117.695,25736.633,SIMULATO
GEN,SIEVE,P0,15,512,34103,0,17357,6172,0,13896,0.180981,nan,0.800599,32.367742,5119.231,25736.633,SIMULATO
GEN,S3FIFO,P0,15,512,34103,0,17357,6682,0,14571,0.195936,nan,0.839488,34.279032,5104.558,25736.633,SIMULATO
GEN,WTinyLFU,P0,15,512,34103,0,17357,5674,0,13693,0.166378,nan,0.788904,31.237097,5812.213,25736.633,SIMULATO
GEN,LRU,P0,16,512,34103,0,17357,7994,0,14871,0.234408,nan,0.856772,36.879032,5129.948,25597.813,SIMULATO
GEN,SIEVE,P0,16,512,34103,0,17357,6457,0,13828,0.189338,nan,0.796681,32.717742,5139.116,25597.813,SIMULATO
GEN,S3FIFO,P0,16,512,34103,0,17357,6987,0,14524,0.204879,nan,0.836781,34.695161,5110.139,25597.813,SIMULATO
GEN,WTinyLFU,P0,16,512,34103,0,17357,5894,0,13746,0.172829,nan,0.791957,31.677419,5840.326,25597.813,SIMULATO
GEN,LRU,P0,17,512,34103,0,17357,7613,0,14955,0.223235,nan,0.861612,36.400000,5150.366,25501.183,SIMULATO
GEN,SIEVE,P0,17,512,34103,0,17357,6125,0,13845,0.179603,nan,0.797661,32.209677,5139.539,25501.183,SIMULATO
GEN,S3FIFO,P0,17,512,34103,0,17357,6545,0,14537,0.191919,nan,0.837530,34.003226,5153.390,25501.183,SIMULATO
GEN,WTinyLFU,P0,17,512,34103,0,17357,5598,0,13688,0.164150,nan,0.788616,31.106452,5854.971,25501.183,SIMULATO
GEN,LRU,P0,18,512,34103,0,17357,7612,0,14932,0.223206,nan,0.860287,36.361290,5174.242,25397.267,SIMULATO
GEN,SIEVE,P0,18,512,34103,0,17357,6177,0,13908,0.181128,nan,0.801291,32.395161,5129.377,25397.267,SIMULATO
GEN,S3FIFO,P0,18,512,34103,0,17357,6622,0,14541,0.194176,nan,0.837760,34.133871,5131.026,25397.267,SIMULATO
GEN,WTinyLFU,P0,18,512,34103,0,17357,5680,0,13738,0.166554,nan,0.791496,31.319355,5830.998,25397.267,SIMULATO
GEN,LRU,P0,19,512,34103,0,17357,7739,0,14890,0.226930,nan,0.857867,36.498387,5164.287,25404.462,SIMULATO
GEN,SIEVE,P0,19,512,34103,0,17357,6195,0,13856,0.181656,nan,0.798295,32.340323,5192.074,25404.462,SIMULATO
GEN,S3FIFO,P0,19,512,34103,0,17357,6801,0,14550,0.199425,nan,0.838279,34.437097,5152.963,25404.462,SIMULATO
GEN,WTinyLFU,P0,19,512,34103,0,17357,5807,0,13712,0.170278,nan,0.789998,31.482258,5838.245,25404.462,SIMULATO
GEN,LRU,P0,20,512,34103,0,17357,7755,0,14883,0.227399,nan,0.857464,36.512903,5174.216,25378.663,SIMULATO
GEN,SIEVE,P0,20,512,34103,0,17357,6323,0,13932,0.185409,nan,0.802673,32.669355,5128.498,25378.663,SIMULATO
GEN,S3FIFO,P0,20,512,34103,0,17357,6755,0,14529,0.198076,nan,0.837069,34.329032,5185.490,25378.663,SIMULATO
GEN,WTinyLFU,P0,20,512,34103,0,17357,5834,0,13731,0.171070,nan,0.791093,31.556452,5800.782,25378.663,SIMULATO
GEN,LRU,S12_006,1,512,34086,7456,17358,7938,2872,14396,0.232882,0.385193,0.829358,40.654839,5201.256,25146.228,SIMULATO
GEN,SIEVE,S12_006,1,512,34086,7456,17358,6582,1842,13231,0.193100,0.247049,0.762242,34.927419,5179.269,25146.228,SIMULATO
GEN,S3FIFO,S12_006,1,512,34086,7456,17358,6715,1934,14044,0.197002,0.259388,0.809079,36.601613,5250.892,25146.228,SIMULATO
GEN,WTinyLFU,S12_006,1,512,34086,7456,17358,5988,1518,13328,0.175673,0.203594,0.767830,33.603226,5856.176,25146.228,SIMULATO
GEN,LRU,S12_006,2,512,34274,7268,17358,8065,2884,14416,0.235310,0.396808,0.830510,40.911290,5202.798,25045.386,SIMULATO
GEN,SIEVE,S12_006,2,512,34274,7268,17358,6669,1831,13292,0.194579,0.251926,0.765756,35.148387,5187.698,25045.386,SIMULATO
GEN,S3FIFO,S12_006,2,512,34274,7268,17358,6788,2039,13974,0.198051,0.280545,0.805047,36.775806,5247.216,25045.386,SIMULATO
GEN,WTinyLFU,S12_006,2,512,34274,7268,17358,6093,1621,13340,0.177773,0.223032,0.768522,33.958065,5815.024,25045.386,SIMULATO
GEN,LRU,S12_006,3,512,34034,7508,17358,8039,2869,14480,0.236205,0.382126,0.834197,40.948387,5173.337,25222.262,SIMULATO
GEN,SIEVE,S12_006,3,512,34034,7508,17358,6532,1839,13308,0.191926,0.244939,0.766678,34.966129,5156.974,25222.262,SIMULATO
GEN,S3FIFO,S12_006,3,512,34034,7508,17358,6756,2029,14049,0.198507,0.270245,0.809367,36.829032,5180.145,25222.262,SIMULATO
GEN,WTinyLFU,S12_006,3,512,34034,7508,17358,6003,1540,13312,0.176382,0.205115,0.766909,33.637097,5882.779,25222.262,SIMULATO
GEN,LRU,S12_006,4,512,34095,7447,17358,8034,2926,14413,0.235636,0.392910,0.830338,40.924194,5189.831,25302.365,SIMULATO
GEN,SIEVE,S12_006,4,512,34095,7447,17358,6634,1867,13303,0.194574,0.250705,0.766390,35.167742,5168.135,25302.365,SIMULATO
GEN,S3FIFO,S12_006,4,512,34095,7447,17358,6837,2077,14035,0.200528,0.278904,0.808561,37.014516,5162.115,25302.365,SIMULATO
GEN,WTinyLFU,S12_006,4,512,34095,7447,17358,6118,1581,13365,0.179440,0.212300,0.769962,33.974194,5839.261,25302.365,SIMULATO
GEN,LRU,S12_006,5,512,34082,7460,17358,7888,2895,14432,0.231442,0.388070,0.831432,40.669355,5180.834,25185.617,SIMULATO
GEN,SIEVE,S12_006,5,512,34082,7460,17358,6240,1860,13301,0.183088,0.249330,0.766275,34.517742,5239.997,25185.617,SIMULATO
GEN,S3FIFO,S12_006,5,512,34082,7460,17358,6542,2018,14027,0.191949,0.270509,0.808100,36.430645,5200.239,25185.617,SIMULATO
GEN,WTinyLFU,S12_006,5,512,34082,7460,17358,5832,1550,13372,0.171117,0.207775,0.770365,33.474194,5871.423,25185.617,SIMULATO
GEN,LRU,S12_006,6,512,34143,7399,17358,7967,2853,14374,0.233342,0.385593,0.828091,40.635484,5214.623,25084.514,SIMULATO
GEN,SIEVE,S12_006,6,512,34143,7399,17358,6494,1797,13273,0.190200,0.242871,0.764662,34.780645,5175.955,25084.514,SIMULATO
GEN,S3FIFO,S12_006,6,512,34143,7399,17358,6682,1948,14073,0.195706,0.263279,0.810750,36.617742,5189.182,25084.514,SIMULATO
GEN,WTinyLFU,S12_006,6,512,34143,7399,17358,5999,1589,13390,0.175702,0.214759,0.771402,33.835484,5767.108,25084.514,SIMULATO
GEN,LRU,S12_006,7,512,34028,7514,17358,7910,2925,14381,0.232456,0.389273,0.828494,40.670968,5225.289,25018.676,SIMULATO
GEN,SIEVE,S12_006,7,512,34028,7514,17358,6437,1938,13266,0.189168,0.257919,0.764259,34.904839,5259.771,25018.676,SIMULATO
GEN,S3FIFO,S12_006,7,512,34028,7514,17358,6621,2055,14048,0.194575,0.273489,0.809310,36.651613,5257.585,25018.676,SIMULATO
GEN,WTinyLFU,S12_006,7,512,34028,7514,17358,5934,1666,13289,0.174386,0.221719,0.765584,33.691935,5887.392,25018.676,SIMULATO
GEN,LRU,S12_006,8,512,34062,7480,17358,7914,2784,14449,0.232341,0.372193,0.832412,40.559677,5212.242,25076.179,SIMULATO
GEN,SIEVE,S12_006,8,512,34062,7480,17358,6376,1811,13273,0.187188,0.242112,0.764662,34.612903,5283.274,25076.179,SIMULATO
GEN,S3FIFO,S12_006,8,512,34062,7480,17358,6581,1896,14032,0.193207,0.253476,0.808388,36.304839,5241.668,25076.179,SIMULATO
GEN,WTinyLFU,S12_006,8,512,34062,7480,17358,5877,1571,13400,0.172538,0.210027,0.771978,33.625806,5860.655,25076.179,SIMULATO
GEN,LRU,S12_006,9,512,34026,7516,17358,7934,2876,14446,0.233175,0.382650,0.832239,40.735484,5192.290,25168.529,SIMULATO
GEN,SIEVE,S12_006,9,512,34026,7516,17358,6440,1856,13284,0.189267,0.246940,0.765296,34.806452,5235.150,25168.529,SIMULATO
GEN,S3FIFO,S12_006,9,512,34026,7516,17358,6666,2060,14099,0.195909,0.274082,0.812248,36.814516,5165.592,25168.529,SIMULATO
GEN,WTinyLFU,S12_006,9,512,34026,7516,17358,5946,1535,13344,0.174749,0.204231,0.768752,33.588710,5847.576,25168.529,SIMULATO
GEN,LRU,S12_006,10,512,34049,7493,17358,7950,2819,14362,0.233487,0.376218,0.827399,40.533871,5212.031,25125.533,SIMULATO
GEN,SIEVE,S12_006,10,512,34049,7493,17358,6412,1835,13313,0.188317,0.244895,0.766966,34.774194,5177.406,25125.533,SIMULATO
GEN,S3FIFO,S12_006,10,512,34049,7493,17358,6609,2024,14041,0.194103,0.270119,0.808907,36.570968,5233.503,25125.533,SIMULATO
GEN,WTinyLFU,S12_006,10,512,34049,7493,17358,5921,1609,13434,0.173896,0.214734,0.773937,33.812903,5739.732,25125.533,SIMULATO
GEN,LRU,S12_006,11,512,33980,7562,17358,8029,2914,14345,0.236286,0.385348,0.826420,40.787097,5202.960,25105.191,SIMULATO
GEN,SIEVE,S12_006,11,512,33980,7562,17358,6573,1899,13284,0.193437,0.251124,0.765296,35.090323,5212.903,25105.191,SIMULATO
GEN,S3FIFO,S12_006,11,512,33980,7562,17358,6715,2003,14038,0.197616,0.264877,0.808734,36.703226,5248.094,25105.191,SIMULATO
GEN,WTinyLFU,S12_006,11,512,33980,7562,17358,6143,1620,13421,0.180783,0.214229,0.773188,34.167742,5785.855,25105.191,SIMULATO
GEN,LRU,S12_006,12,512,34106,7436,17358,7930,2861,14391,0.232510,0.384750,0.829070,40.616129,5218.440,25188.996,SIMULATO
GEN,SIEVE,S12_006,12,512,34106,7436,17358,6495,1915,13285,0.190436,0.257531,0.765353,34.991935,5182.479,25188.996,SIMULATO
GEN,S3FIFO,S12_006,12,512,34106,7436,17358,6715,2035,14005,0.196886,0.273669,0.806833,36.701613,5240.679,25188.996,SIMULATO
GEN,WTinyLFU,S12_006,12,512,34106,7436,17358,5908,1584,13328,0.173225,0.213018,0.767830,33.580645,5858.761,25188.996,SIMULATO
GEN,LRU,S12_006,13,512,34060,7482,17358,7848,2853,14421,0.230417,0.381315,0.830798,40.519355,5210.506,25021.738,SIMULATO
GEN,SIEVE,S12_006,13,512,34060,7482,17358,6357,1836,13327,0.186641,0.245389,0.767773,34.709677,5147.756,25021.738,SIMULATO
GEN,S3FIFO,S12_006,13,512,34060,7482,17358,6590,2024,14061,0.193482,0.270516,0.810059,36.572581,5184.948,25021.738,SIMULATO
GEN,WTinyLFU,S12_006,13,512,34060,7482,17358,5855,1473,13411,0.171903,0.196872,0.772612,33.450000,5776.845,25021.738,SIMULATO
GEN,LRU,S12_006,14,512,34025,7517,17358,7956,2895,14409,0.233828,0.385127,0.830107,40.741935,5214.605,25048.044,SIMULATO
GEN,SIEVE,S12_006,14,512,34025,7517,17358,6523,1893,13304,0.191712,0.251829,0.766448,35.032258,5186.040,25048.044,SIMULATO
GEN,S3FIFO,S12_006,14,512,34025,7517,17358,6687,2018,14054,0.196532,0.268458,0.809655,36.708065,5263.468,25048.044,SIMULATO
GEN,WTinyLFU,S12_006,14,512,34025,7517,17358,5901,1619,13374,0.173431,0.215378,0.770480,33.700000,5796.081,25048.044,SIMULATO
GEN,LRU,S12_006,15,512,34110,7432,17358,7915,2847,14370,0.232043,0.383073,0.827860,40.535484,5177.302,25294.480,SIMULATO
GEN,SIEVE,S12_006,15,512,34110,7432,17358,6460,1926,13317,0.189387,0.259150,0.767197,35.004839,5152.058,25294.480,SIMULATO
GEN,S3FIFO,S12_006,15,512,34110,7432,17358,6652,2122,14026,0.195016,0.285522,0.808042,36.774194,5166.100,25294.480,SIMULATO
GEN,WTinyLFU,S12_006,15,512,34110,7432,17358,5970,1662,13357,0.175022,0.223628,0.769501,33.853226,5851.800,25294.480,SIMULATO
GEN,LRU,S12_006,16,512,34205,7337,17358,8057,2866,14461,0.235550,0.390623,0.833103,40.941935,5178.000,25235.101,SIMULATO
GEN,SIEVE,S12_006,16,512,34205,7337,17358,6565,1815,13257,0.191931,0.247376,0.763740,34.898387,5200.823,25235.101,SIMULATO
GEN,S3FIFO,S12_006,16,512,34205,7337,17358,6796,2013,14069,0.198684,0.274363,0.810520,36.900000,5176.245,25235.101,SIMULATO
GEN,WTinyLFU,S12_006,16,512,34205,7337,17358,6090,1574,13347,0.178044,0.214529,0.768925,33.888710,5813.924,25235.101,SIMULATO
GEN,LRU,S12_006,17,512,34057,7485,17358,7752,2866,14405,0.227618,0.382899,0.829877,40.359677,5177.405,25279.304,SIMULATO
GEN,SIEVE,S12_006,17,512,34057,7485,17358,6373,1750,13230,0.187127,0.233801,0.762185,34.440323,5254.808,25279.304,SIMULATO
GEN,S3FIFO,S12_006,17,512,34057,7485,17358,6567,2043,13988,0.192824,0.272946,0.805853,36.448387,5214.826,25279.304,SIMULATO
GEN,WTinyLFU,S12_006,17,512,34057,7485,17358,5873,1547,13319,0.172446,0.206680,0.767312,33.450000,5842.418,25279.304,SIMULATO
GEN,LRU,S12_006,18,512,34100,7442,17358,8008,2805,14393,0.234839,0.376915,0.829185,40.654839,5227.968,25072.129,SIMULATO
GEN,SIEVE,S12_006,18,512,34100,7442,17358,6533,1846,13294,0.191584,0.248052,0.765872,34.956452,5169.627,25072.129,SIMULATO
GEN,S3FIFO,S12_006,18,512,34100,7442,17358,6731,1923,13995,0.197390,0.258398,0.806256,36.530645,5245.611,25072.129,SIMULATO
GEN,WTinyLFU,S12_006,18,512,34100,7442,17358,6000,1526,13337,0.175953,0.205052,0.768349,33.650000,5829.906,25072.129,SIMULATO
GEN,LRU,S12_006,19,512,34065,7477,17358,8020,2811,14453,0.235432,0.375953,0.832642,40.780645,5166.921,25140.097,SIMULATO
GEN,SIEVE,S12_006,19,512,34065,7477,17358,6589,1778,13306,0.193424,0.237796,0.766563,34.956452,5172.548,25140.097,SIMULATO
GEN,S3FIFO,S12_006,19,512,34065,7477,17358,6819,2025,14033,0.200176,0.270831,0.808446,36.898387,5122.926,25140.097,SIMULATO
GEN,WTinyLFU,S12_006,19,512,34065,7477,17358,6045,1528,13405,0.177455,0.204360,0.772266,33.835484,5734.479,25140.097,SIMULATO
GEN,LRU,S12_006,20,512,34109,7433,17358,7987,2868,14383,0.234161,0.385847,0.828609,40.706452,5222.898,25230.227,SIMULATO
GEN,SIEVE,S12_006,20,512,34109,7433,17358,6509,1825,13257,0.190829,0.245527,0.763740,34.824194,5212.947,25230.227,SIMULATO
GEN,S3FIFO,S12_006,20,512,34109,7433,17358,6671,1996,13947,0.195579,0.268532,0.803491,36.474194,5286.466,25230.227,SIMULATO
GEN,WTinyLFU,S12_006,20,512,34109,7433,17358,6008,1564,13360,0.176141,0.210413,0.769674,33.761290,5814.253,25230.227,SIMULATO
GEN,LRU,S36_006,1,512,34267,22153,17360,8335,5182,13905,0.243237,0.233919,0.800979,44.229032,5207.019,24823.745,SIMULATO
GEN,SIEVE,S36_006,1,512,34267,22153,17360,6895,1921,12818,0.201214,0.086715,0.738364,34.893548,5165.473,24823.745,SIMULATO
GEN,S3FIFO,S36_006,1,512,34267,22153,17360,7040,1951,13498,0.205445,0.088069,0.777535,36.272581,5188.831,24823.745,SIMULATO
GEN,WTinyLFU,S36_006,1,512,34267,22153,17360,6440,1498,13072,0.187936,0.067621,0.752995,33.887097,5756.265,24823.745,SIMULATO
GEN,LRU,S36_006,2,512,34256,22164,17360,8229,5086,13960,0.240221,0.229471,0.804147,43.991935,5232.597,24736.838,SIMULATO
GEN,SIEVE,S36_006,2,512,34256,22164,17360,6821,1911,12832,0.199118,0.086221,0.739171,34.780645,5227.644,24736.838,SIMULATO
GEN,S3FIFO,S36_006,2,512,34256,22164,17360,6813,1895,13444,0.198885,0.085499,0.774424,35.729032,5291.224,24736.838,SIMULATO
GEN,WTinyLFU,S36_006,2,512,34256,22164,17360,6368,1482,13049,0.185894,0.066865,0.751671,33.708065,5735.219,24736.838,SIMULATO
GEN,LRU,S36_006,3,512,34047,22373,17360,8193,5236,13916,0.240638,0.234032,0.801613,44.104839,5241.892,24596.739,SIMULATO
GEN,SIEVE,S36_006,3,512,34047,22373,17360,6754,1922,12781,0.198373,0.085907,0.736233,34.608065,5229.073,24596.739,SIMULATO
GEN,S3FIFO,S36_006,3,512,34047,22373,17360,6830,2034,13461,0.200605,0.090913,0.775403,36.008065,5261.053,24596.739,SIMULATO
GEN,WTinyLFU,S36_006,3,512,34047,22373,17360,6329,1546,13030,0.185890,0.069101,0.750576,33.717742,5788.752,24596.739,SIMULATO
GEN,LRU,S36_006,4,512,34227,22193,17360,8362,5262,14000,0.244310,0.237102,0.806452,44.554839,5220.376,24718.941,SIMULATO
GEN,SIEVE,S36_006,4,512,34227,22193,17360,6861,1764,12796,0.200456,0.079485,0.737097,34.550000,5285.789,24718.941,SIMULATO
GEN,S3FIFO,S36_006,4,512,34227,22193,17360,6880,1986,13529,0.201011,0.089488,0.779320,36.120968,5249.013,24718.941,SIMULATO
GEN,WTinyLFU,S36_006,4,512,34227,22193,17360,6414,1543,13111,0.187396,0.069526,0.755242,33.980645,5762.061,24718.941,SIMULATO
GEN,LRU,S36_006,5,512,33967,22453,17360,8092,5276,14054,0.238231,0.234980,0.809562,44.229032,5201.918,24776.630,SIMULATO
GEN,SIEVE,S36_006,5,512,33967,22453,17360,6616,1932,12890,0.194777,0.086046,0.742512,34.577419,5201.103,24776.630,SIMULATO
GEN,S3FIFO,S36_006,5,512,33967,22453,17360,6732,1993,13536,0.198192,0.088763,0.779724,35.904839,5205.816,24776.630,SIMULATO
GEN,WTinyLFU,S36_006,5,512,33967,22453,17360,6306,1583,13064,0.185651,0.070503,0.752535,33.795161,5741.318,24776.630,SIMULATO
GEN,LRU,S36_006,6,512,34225,22195,17360,8226,5351,13886,0.240351,0.241090,0.799885,44.295161,5230.844,24684.517,SIMULATO
GEN,SIEVE,S36_006,6,512,34225,22195,17360,6800,2047,12817,0.198685,0.092228,0.738306,34.941935,5230.087,24684.517,SIMULATO
GEN,S3FIFO,S36_006,6,512,34225,22195,17360,6843,2061,13439,0.199942,0.092859,0.774136,36.037097,5244.624,24684.517,SIMULATO
GEN,WTinyLFU,S36_006,6,512,34225,22195,17360,6348,1608,13074,0.185478,0.072449,0.753111,33.919355,5756.245,24684.517,SIMULATO
GEN,LRU,S36_006,7,512,33976,22444,17360,8144,5341,13983,0.239699,0.237970,0.805472,44.303226,5231.018,24719.872,SIMULATO
GEN,SIEVE,S36_006,7,512,33976,22444,17360,6715,1885,12852,0.197640,0.083987,0.740323,34.600000,5223.227,24719.872,SIMULATO
GEN,S3FIFO,S36_006,7,512,33976,22444,17360,6767,1979,13523,0.199170,0.088175,0.778975,35.917742,5253.532,24719.872,SIMULATO
GEN,WTinyLFU,S36_006,7,512,33976,22444,17360,6304,1568,12969,0.185543,0.069863,0.747062,33.614516,5792.290,24719.872,SIMULATO
GEN,LRU,S36_006,8,512,34052,22368,17360,8142,5283,13989,0.239105,0.236186,0.805818,44.216129,5219.923,24591.293,SIMULATO
GEN,SIEVE,S36_006,8,512,34052,22368,17360,6800,1894,12813,0.199695,0.084675,0.738076,34.688710,5229.418,24591.293,SIMULATO
GEN,S3FIFO,S36_006,8,512,34052,22368,17360,6825,1961,13465,0.200429,0.087670,0.775634,35.888710,5244.390,24591.293,SIMULATO
GEN,WTinyLFU,S36_006,8,512,34052,22368,17360,6345,1543,13037,0.186333,0.068982,0.750979,33.750000,5745.345,24591.293,SIMULATO
GEN,LRU,S36_006,9,512,33933,22487,17360,8149,5242,14016,0.240150,0.233112,0.807373,44.204839,5219.311,24681.346,SIMULATO
GEN,SIEVE,S36_006,9,512,33933,22487,17360,6753,1922,12821,0.199010,0.085472,0.738537,34.670968,5226.711,24681.346,SIMULATO
GEN,S3FIFO,S36_006,9,512,33933,22487,17360,6783,1953,13519,0.199894,0.086850,0.778744,35.895161,5203.318,24681.346,SIMULATO
GEN,WTinyLFU,S36_006,9,512,33933,22487,17360,6278,1480,13028,0.185012,0.065816,0.750461,33.525806,5780.098,24681.346,SIMULATO
GEN,LRU,S36_006,10,512,34018,22402,17360,8399,5183,13996,0.246899,0.231363,0.806221,44.480645,5230.240,24704.970,SIMULATO
GEN,SIEVE,S36_006,10,512,34018,22402,17360,6932,1863,12843,0.203774,0.083162,0.739804,34.900000,5210.100,24704.970,SIMULATO
GEN,S3FIFO,S36_006,10,512,34018,22402,17360,6893,2105,13516,0.202628,0.093965,0.778571,36.312903,5217.071,24704.970,SIMULATO
GEN,WTinyLFU,S36_006,10,512,34018,22402,17360,6333,1524,13041,0.186166,0.068030,0.751210,33.706452,5735.345,24704.970,SIMULATO
GEN,LRU,S36_006,11,512,34134,22286,17360,8291,5187,14024,0.242896,0.232747,0.807834,44.358065,5206.324,24763.244,SIMULATO
GEN,SIEVE,S36_006,11,512,34134,22286,17360,6770,2015,12842,0.198336,0.090416,0.739747,34.882258,5235.903,24763.244,SIMULATO
GEN,S3FIFO,S36_006,11,512,34134,22286,17360,6918,1991,13566,0.202672,0.089339,0.781452,36.250000,5208.565,24763.244,SIMULATO
GEN,WTinyLFU,S36_006,11,512,34134,22286,17360,6320,1575,13011,0.185153,0.070672,0.749482,33.719355,5776.787,24763.244,SIMULATO
GEN,LRU,S36_006,12,512,34021,22399,17360,8269,5304,14041,0.243056,0.236796,0.808813,44.538710,5217.705,24746.250,SIMULATO
GEN,SIEVE,S36_006,12,512,34021,22399,17360,6865,2048,12862,0.201787,0.091433,0.740899,35.120968,5201.595,24746.250,SIMULATO
GEN,S3FIFO,S36_006,12,512,34021,22399,17360,6913,2067,13561,0.203198,0.092281,0.781164,36.356452,5225.424,24746.250,SIMULATO
GEN,WTinyLFU,S36_006,12,512,34021,22399,17360,6286,1630,13017,0.184768,0.072771,0.749827,33.762903,5796.982,24746.250,SIMULATO
GEN,LRU,S36_006,13,512,33980,22440,17360,8081,5225,14002,0.237816,0.232843,0.806567,44.045161,5205.908,24648.847,SIMULATO
GEN,SIEVE,S36_006,13,512,33980,22440,17360,6688,1891,12833,0.196822,0.084269,0.739228,34.535484,5227.081,24648.847,SIMULATO
GEN,S3FIFO,S36_006,13,512,33980,22440,17360,6665,2023,13486,0.196145,0.090152,0.776843,35.764516,5235.076,24648.847,SIMULATO
GEN,WTinyLFU,S36_006,13,512,33980,22440,17360,6307,1639,13079,0.185609,0.073039,0.753399,33.911290,5684.716,24648.847,SIMULATO
GEN,LRU,S36_006,14,512,33767,22653,17360,8223,5163,14021,0.243522,0.227917,0.807661,44.204839,5238.537,24631.079,SIMULATO
GEN,SIEVE,S36_006,14,512,33767,22653,17360,6689,1883,12836,0.198093,0.083124,0.739401,34.529032,5244.582,24631.079,SIMULATO
GEN,S3FIFO,S36_006,14,512,33767,22653,17360,6752,1891,13519,0.199959,0.083477,0.778744,35.745161,5254.003,24631.079,SIMULATO
GEN,WTinyLFU,S36_006,14,512,33767,22653,17360,6272,1503,13087,0.185743,0.066349,0.753859,33.648387,5749.042,24631.079,SIMULATO
GEN,LRU,S36_006,15,512,34063,22357,17360,8358,5281,13943,0.245369,0.236212,0.803168,44.487097,5218.847,24743.405,SIMULATO
GEN,SIEVE,S36_006,15,512,34063,22357,17360,6690,1884,12768,0.196401,0.084269,0.735484,34.422581,5296.611,24743.405,SIMULATO
GEN,S3FIFO,S36_006,15,512,34063,22357,17360,6873,1994,13471,0.201773,0.089189,0.775979,36.029032,5234.395,24743.405,SIMULATO
GEN,WTinyLFU,S36_006,15,512,34063,22357,17360,6338,1478,13022,0.186067,0.066109,0.750115,33.609677,5774.387,24743.405,SIMULATO
GEN,LRU,S36_006,16,512,34214,22206,17360,8374,5138,13941,0.244754,0.231379,0.803053,44.279032,5245.011,24560.648,SIMULATO
GEN,SIEVE,S36_006,16,512,34214,22206,17360,6992,2026,12877,0.204361,0.091237,0.741763,35.314516,5161.348,24560.648,SIMULATO
GEN,S3FIFO,S36_006,16,512,34214,22206,17360,6965,2065,13498,0.203572,0.092993,0.777535,36.335484,5233.577,24560.648,SIMULATO
GEN,WTinyLFU,S36_006,16,512,34214,22206,17360,6400,1551,13028,0.187058,0.069846,0.750461,33.837097,5745.444,24560.648,SIMULATO
GEN,LRU,S36_006,17,512,34096,22324,17360,8114,5158,13989,0.237975,0.231052,0.805818,43.969355,5252.495,24601.174,SIMULATO
GEN,SIEVE,S36_006,17,512,34096,22324,17360,6752,1778,12806,0.198029,0.079645,0.737673,34.412903,5270.066,24601.174,SIMULATO
GEN,S3FIFO,S36_006,17,512,34096,22324,17360,6881,1896,13492,0.201813,0.084931,0.777189,35.917742,5271.324,24601.174,SIMULATO
GEN,WTinyLFU,S36_006,17,512,34096,22324,17360,6331,1456,13027,0.185682,0.065221,0.750403,33.570968,5773.673,24601.174,SIMULATO
GEN,LRU,S36_006,18,512,34091,22329,17360,8318,5291,13994,0.243994,0.236956,0.806106,44.520968,5235.858,24641.311,SIMULATO
GEN,SIEVE,S36_006,18,512,34091,22329,17360,6780,2016,12768,0.198879,0.090286,0.735484,34.780645,5251.148,24641.311,SIMULATO
GEN,S3FIFO,S36_006,18,512,34091,22329,17360,6904,2024,13512,0.202517,0.090644,0.778341,36.193548,5251.860,24641.311,SIMULATO
GEN,WTinyLFU,S36_006,18,512,34091,22329,17360,6422,1583,13056,0.188378,0.070894,0.752074,33.969355,5755.768,24641.311,SIMULATO
GEN,LRU,S36_006,19,512,33926,22494,17360,8275,5337,13993,0.243913,0.237263,0.806048,44.524194,5230.026,24685.184,SIMULATO
GEN,SIEVE,S36_006,19,512,33926,22494,17360,6889,2081,12887,0.203060,0.092514,0.742339,35.253226,5168.758,24685.184,SIMULATO
GEN,S3FIFO,S36_006,19,512,33926,22494,17360,6849,2025,13543,0.201881,0.090024,0.780127,36.156452,5209.174,24685.184,SIMULATO
GEN,WTinyLFU,S36_006,19,512,33926,22494,17360,6318,1621,13104,0.186229,0.072064,0.754839,33.940323,5666.432,24685.184,SIMULATO
GEN,LRU,S36_006,20,512,34230,22190,17360,8273,5273,13936,0.241689,0.237630,0.802765,44.325806,5205.958,24785.332,SIMULATO
GEN,SIEVE,S36_006,20,512,34230,22190,17360,6779,2025,12832,0.198043,0.091257,0.739171,34.896774,5204.732,24785.332,SIMULATO
GEN,S3FIFO,S36_006,20,512,34230,22190,17360,6830,2114,13536,0.199533,0.095268,0.779724,36.258065,5230.771,24785.332,SIMULATO
GEN,WTinyLFU,S36_006,20,512,34230,22190,17360,6304,1587,13032,0.184166,0.071519,0.750691,33.746774,5810.521,24785.332,SIMULATO
GEN,LRU,S12_020,1,512,34086,7456,17358,7984,4146,14299,0.234231,0.556062,0.823770,42.627419,5204.585,25240.732,SIMULATO
GEN,SIEVE,S12_020,1,512,34086,7456,17358,6608,3640,13229,0.193863,0.488197,0.762127,37.866129,5150.650,25240.732,SIMULATO
GEN,S3FIFO,S12_020,1,512,34086,7456,17358,6723,3653,14074,0.197236,0.489941,0.810808,39.435484,5244.390,25240.732,SIMULATO
GEN,WTinyLFU,S12_020,1,512,34086,7456,17358,6037,3232,13389,0.177111,0.433476,0.771345,36.545161,5899.289,25240.732,SIMULATO
GEN,LRU,S12_020,2,512,34274,7268,17358,8135,4019,14357,0.237352,0.552972,0.827111,42.759677,5185.697,25199.008,SIMULATO
GEN,SIEVE,S12_020,2,512,34274,7268,17358,6810,3526,13316,0.198693,0.485140,0.767139,38.148387,5106.435,25199.008,SIMULATO
GEN,S3FIFO,S12_020,2,512,34274,7268,17358,6823,3596,14075,0.199072,0.494772,0.810865,39.506452,5201.813,25199.008,SIMULATO
GEN,WTinyLFU,S12_020,2,512,34274,7268,17358,6073,3226,13418,0.177190,0.443864,0.773015,36.640323,5829.331,25199.008,SIMULATO
GEN,LRU,S12_020,3,512,34034,7508,17358,8112,4133,14422,0.238350,0.550479,0.830856,43.011290,5169.116,25305.284,SIMULATO
GEN,SIEVE,S12_020,3,512,34034,7508,17358,6612,3634,13250,0.194276,0.484017,0.763337,37.896774,5147.884,25305.284,SIMULATO
GEN,S3FIFO,S12_020,3,512,34034,7508,17358,6806,3657,14110,0.199976,0.487080,0.812882,39.633871,5156.400,25305.284,SIMULATO
GEN,WTinyLFU,S12_020,3,512,34034,7508,17358,6003,3282,13352,0.176382,0.437134,0.769213,36.511290,5862.832,25305.284,SIMULATO
GEN,LRU,S12_020,4,512,34095,7447,17358,8075,4044,14392,0.236838,0.543037,0.829128,42.759677,5181.545,25359.407,SIMULATO
GEN,SIEVE,S12_020,4,512,34095,7447,17358,6651,3443,13247,0.195073,0.462334,0.763164,37.646774,5191.826,25359.407,SIMULATO
GEN,S3FIFO,S12_020,4,512,34095,7447,17358,6780,3576,14125,0.198856,0.480193,0.813746,39.485484,5201.669,25359.407,SIMULATO
GEN,WTinyLFU,S12_020,4,512,34095,7447,17358,5995,3174,13404,0.175832,0.426212,0.772209,36.408065,5858.110,25359.407,SIMULATO
GEN,LRU,S12_020,5,512,34082,7460,17358,7936,4101,14335,0.232850,0.549732,0.825844,42.535484,5168.434,25333.055,SIMULATO
GEN,SIEVE,S12_020,5,512,34082,7460,17358,6227,3564,13229,0.182706,0.477748,0.762127,37.129032,5243.768,25333.055,SIMULATO
GEN,S3FIFO,S12_020,5,512,34082,7460,17358,6544,3734,14099,0.192008,0.500536,0.812248,39.317742,5166.558,25333.055,SIMULATO
GEN,WTinyLFU,S12_020,5,512,34082,7460,17358,5850,3301,13385,0.171645,0.442493,0.771114,36.348387,5894.355,25333.055,SIMULATO
GEN,LRU,S12_020,6,512,34143,7399,17358,8085,4064,14301,0.236798,0.549263,0.823885,42.661290,5188.515,25296.462,SIMULATO
GEN,SIEVE,S12_020,6,512,34143,7399,17358,6544,3608,13222,0.191664,0.487633,0.761724,37.700000,5149.176,25296.462,SIMULATO
GEN,S3FIFO,S12_020,6,512,34143,7399,17358,6711,3641,14100,0.196556,0.492094,0.812306,39.438710,5195.981,25296.462,SIMULATO
GEN,WTinyLFU,S12_020,6,512,34143,7399,17358,5990,3261,13367,0.175439,0.440735,0.770077,36.480645,5798.998,25296.462,SIMULATO
GEN,LRU,S12_020,7,512,34028,7514,17358,7949,4111,14300,0.233602,0.547112,0.823828,42.516129,5234.987,25102.927,SIMULATO
GEN,SIEVE,S12_020,7,512,34028,7514,17358,6516,3623,13235,0.191489,0.482167,0.762473,37.700000,5232.929,25102.927,SIMULATO
GEN,S3FIFO,S12_020,7,512,34028,7514,17358,6631,3700,14129,0.194869,0.492414,0.813976,39.451613,5252.894,25102.927,SIMULATO
GEN,WTinyLFU,S12_020,7,512,34028,7514,17358,6038,3380,13358,0.177442,0.449827,0.769559,36.735484,5857.639,25102.927,SIMULATO
GEN,LRU,S12_020,8,512,34062,7480,17358,8002,4036,14372,0.234925,0.539572,0.827976,42.596774,5172.742,25313.537,SIMULATO
GEN,SIEVE,S12_020,8,512,34062,7480,17358,6498,3464,13223,0.190770,0.463102,0.761781,37.395161,5256.189,25313.537,SIMULATO
GEN,S3FIFO,S12_020,8,512,34062,7480,17358,6648,3590,14160,0.195174,0.479947,0.815762,39.351613,5186.931,25313.537,SIMULATO
GEN,WTinyLFU,S12_020,8,512,34062,7480,17358,5949,3168,13406,0.174652,0.423529,0.772324,36.327419,5874.515,25313.537,SIMULATO
GEN,LRU,S12_020,9,512,34026,7516,17358,8040,4160,14358,0.236290,0.553486,0.827169,42.835484,5150.213,25408.196,SIMULATO
GEN,SIEVE,S12_020,9,512,34026,7516,17358,6475,3575,13219,0.190296,0.475652,0.761551,37.530645,5233.352,25408.196,SIMULATO
GEN,S3FIFO,S12_020,9,512,34026,7516,17358,6777,3784,14208,0.199171,0.503459,0.818527,39.950000,5095.281,25408.196,SIMULATO
GEN,WTinyLFU,S12_020,9,512,34026,7516,17358,5989,3289,13403,0.176012,0.437600,0.772151,36.582258,5863.226,25408.196,SIMULATO
GEN,LRU,S12_020,10,512,34049,7493,17358,8070,4094,14282,0.237011,0.546377,0.822791,42.654839,5196.416,25318.929,SIMULATO
GEN,SIEVE,S12_020,10,512,34049,7493,17358,6470,3543,13275,0.190020,0.472841,0.764777,37.561290,5159.327,25318.929,SIMULATO
GEN,S3FIFO,S12_020,10,512,34049,7493,17358,6644,3618,14088,0.195131,0.482851,0.811614,39.274194,5221.295,25318.929,SIMULATO
GEN,WTinyLFU,S12_020,10,512,34049,7493,17358,5953,3239,13351,0.174836,0.432270,0.769155,36.359677,5830.127,25318.929,SIMULATO
GEN,LRU,S12_020,11,512,33980,7562,17358,8069,4135,14268,0.237463,0.546813,0.821984,42.696774,5190.423,25201.708,SIMULATO
GEN,SIEVE,S12_020,11,512,33980,7562,17358,6646,3570,13235,0.195586,0.472097,0.762473,37.824194,5194.266,25201.708,SIMULATO
GEN,S3FIFO,S12_020,11,512,33980,7562,17358,6775,3689,14105,0.199382,0.487834,0.812594,39.627419,5226.335,25201.708,SIMULATO
GEN,WTinyLFU,S12_020,11,512,33980,7562,17358,6046,3300,13409,0.177928,0.436392,0.772497,36.701613,5827.573,25201.708,SIMULATO
GEN,LRU,S12_020,12,512,34106,7436,17358,8018,4098,14275,0.235091,0.551103,0.822387,42.566129,5191.681,25379.077,SIMULATO
GEN,SIEVE,S12_020,12,512,34106,7436,17358,6554,3623,13286,0.192166,0.487224,0.765411,37.843548,5157.518,25379.077,SIMULATO
GEN,S3FIFO,S12_020,12,512,34106,7436,17358,6782,3720,14029,0.198851,0.500269,0.808215,39.566129,5201.337,25379.077,SIMULATO
GEN,WTinyLFU,S12_020,12,512,34106,7436,17358,5876,3294,13365,0.172286,0.442980,0.769962,36.346774,5849.765,25379.077,SIMULATO
GEN,LRU,S12_020,13,512,34060,7482,17358,7969,4100,14313,0.233969,0.547982,0.824577,42.551613,5194.327,25155.305,SIMULATO
GEN,SIEVE,S12_020,13,512,34060,7482,17358,6396,3620,13306,0.187786,0.483828,0.766563,37.616129,5103.306,25155.305,SIMULATO
GEN,S3FIFO,S12_020,13,512,34060,7482,17358,6630,3695,14168,0.194656,0.493852,0.816223,39.504839,5145.681,25155.305,SIMULATO
GEN,WTinyLFU,S12_020,13,512,34060,7482,17358,5885,3313,13425,0.172783,0.442796,0.773419,36.488710,5814.303,25155.305,SIMULATO
GEN,LRU,S12_020,14,512,34025,7517,17358,8034,4087,14331,0.236120,0.543701,0.825614,42.664516,5208.632,25134.739,SIMULATO
GEN,SIEVE,S12_020,14,512,34025,7517,17358,6572,3592,13261,0.193152,0.477850,0.763971,37.782258,5195.885,25134.739,SIMULATO
GEN,S3FIFO,S12_020,14,512,34025,7517,17358,6725,3599,14152,0.197649,0.478781,0.815301,39.477419,5260.202,25134.739,SIMULATO
GEN,WTinyLFU,S12_020,14,512,34025,7517,17358,5997,3257,13475,0.176253,0.433285,0.776299,36.659677,5848.031,25134.739,SIMULATO
GEN,LRU,S12_020,15,512,34110,7432,17358,7949,3960,14297,0.233040,0.532831,0.823655,42.267742,5164.018,25416.722,SIMULATO
GEN,SIEVE,S12_020,15,512,34110,7432,17358,6520,3485,13245,0.191146,0.468918,0.763049,37.500000,5163.158,25416.722,SIMULATO
GEN,S3FIFO,S12_020,15,512,34110,7432,17358,6645,3614,14109,0.194811,0.486276,0.812824,39.303226,5183.118,25416.722,SIMULATO
GEN,WTinyLFU,S12_020,15,512,34110,7432,17358,5990,3196,13360,0.175608,0.430032,0.769674,36.364516,5870.426,25416.722,SIMULATO
GEN,LRU,S12_020,16,512,34205,7337,17358,8159,4048,14363,0.238532,0.551724,0.827457,42.854839,5177.760,25308.791,SIMULATO
GEN,SIEVE,S12_020,16,512,34205,7337,17358,6646,3567,13245,0.194299,0.486166,0.763049,37.835484,5141.797,25308.791,SIMULATO
GEN,S3FIFO,S12_020,16,512,34205,7337,17358,6848,3639,14122,0.200205,0.495979,0.813573,39.691935,5157.173,25308.791,SIMULATO
GEN,WTinyLFU,S12_020,16,512,34205,7337,17358,5990,3221,13411,0.175121,0.439008,0.772612,36.487097,5800.663,25308.791,SIMULATO
GEN,LRU,S12_020,17,512,34057,7485,17358,7852,4079,14337,0.230555,0.544957,0.825959,42.367742,5170.244,25358.815,SIMULATO
GEN,SIEVE,S12_020,17,512,34057,7485,17358,6411,3509,13184,0.188243,0.468804,0.759535,37.264516,5264.050,25358.815,SIMULATO
GEN,S3FIFO,S12_020,17,512,34057,7485,17358,6620,3733,14065,0.194380,0.498731,0.810289,39.383871,5184.863,25358.815,SIMULATO
GEN,WTinyLFU,S12_020,17,512,34057,7485,17358,5754,3227,13356,0.168952,0.431129,0.769443,36.027419,5918.616,25358.815,SIMULATO
GEN,LRU,S12_020,18,512,34100,7442,17358,8050,4016,14337,0.236070,0.539640,0.825959,42.585484,5200.840,25216.115,SIMULATO
GEN,SIEVE,S12_020,18,512,34100,7442,17358,6547,3536,13264,0.191994,0.475141,0.764143,37.656452,5167.148,25216.115,SIMULATO
GEN,S3FIFO,S12_020,18,512,34100,7442,17358,6815,3620,14104,0.199853,0.486428,0.812536,39.579032,5193.311,25216.115,SIMULATO
GEN,WTinyLFU,S12_020,18,512,34100,7442,17358,6055,3239,13380,0.177566,0.435232,0.770826,36.570968,5853.266,25216.115,SIMULATO
GEN,LRU,S12_020,19,512,34065,7477,17358,8056,4042,14349,0.236489,0.540591,0.826651,42.656452,5155.115,25235.490,SIMULATO
GEN,SIEVE,S12_020,19,512,34065,7477,17358,6511,3538,13223,0.191135,0.473184,0.761781,37.535484,5237.482,25235.490,SIMULATO
GEN,S3FIFO,S12_020,19,512,34065,7477,17358,6778,3649,14089,0.198973,0.488030,0.811672,39.541935,5154.708,25235.490,SIMULATO
GEN,WTinyLFU,S12_020,19,512,34065,7477,17358,6004,3249,13438,0.176251,0.434533,0.774168,36.598387,5789.126,25235.490,SIMULATO
GEN,LRU,S12_020,20,512,34109,7433,17358,8027,4061,14327,0.235334,0.546347,0.825383,42.604839,5217.695,25353.937,SIMULATO
GEN,SIEVE,S12_020,20,512,34109,7433,17358,6591,3593,13206,0.193233,0.483385,0.760802,37.725806,5228.374,25353.937,SIMULATO
GEN,S3FIFO,S12_020,20,512,34109,7433,17358,6783,3602,14091,0.198862,0.484596,0.811787,39.477419,5247.440,25353.937,SIMULATO
GEN,WTinyLFU,S12_020,20,512,34109,7433,17358,5987,3251,13381,0.175526,0.437374,0.770884,36.482258,5903.229,25353.937,SIMULATO
GEN,LRU,S36_020,1,512,34267,22153,17360,8520,10499,13704,0.248636,0.473931,0.789401,52.779032,5203.463,25091.049,SIMULATO
GEN,SIEVE,S36_020,1,512,34267,22153,17360,7000,8517,12619,0.204278,0.384463,0.726901,45.380645,5259.897,25091.049,SIMULATO
GEN,S3FIFO,S36_020,1,512,34267,22153,17360,7174,8646,13634,0.209356,0.390286,0.785369,47.506452,5230.540,25091.049,SIMULATO
GEN,WTinyLFU,S36_020,1,512,34267,22153,17360,6535,7669,12965,0.190708,0.346183,0.746832,43.820968,5876.676,25091.049,SIMULATO
GEN,LRU,S36_020,2,512,34256,22164,17360,8447,10456,13719,0.246585,0.471756,0.790265,52.616129,5209.697,24977.839,SIMULATO
GEN,SIEVE,S36_020,2,512,34256,22164,17360,7016,8503,12632,0.204811,0.383640,0.727650,45.404839,5263.477,24977.839,SIMULATO
GEN,S3FIFO,S36_020,2,512,34256,22164,17360,7020,8860,13678,0.204928,0.399747,0.787903,47.674194,5224.818,24977.839,SIMULATO
GEN,WTinyLFU,S36_020,2,512,34256,22164,17360,6464,7733,12949,0.188697,0.348899,0.745910,43.783871,5851.856,24977.839,SIMULATO
GEN,LRU,S36_020,3,512,34047,22373,17360,8449,10750,13699,0.248157,0.480490,0.789113,53.061290,5220.306,24955.475,SIMULATO
GEN,SIEVE,S36_020,3,512,34047,22373,17360,6991,8791,12649,0.205334,0.392929,0.728629,45.856452,5212.477,24955.475,SIMULATO
GEN,S3FIFO,S36_020,3,512,34047,22373,17360,7017,8907,13638,0.206097,0.398114,0.785599,47.680645,5239.047,24955.475,SIMULATO
GEN,WTinyLFU,S36_020,3,512,34047,22373,17360,6434,7689,12970,0.188974,0.343673,0.747120,43.698387,5886.408,24955.475,SIMULATO
GEN,LRU,S36_020,4,512,34227,22193,17360,8652,10563,13763,0.252783,0.475961,0.792800,53.190323,5193.861,25084.834,SIMULATO
GEN,SIEVE,S36_020,4,512,34227,22193,17360,7055,8633,12583,0.206124,0.388997,0.724827,45.598387,5261.585,25084.834,SIMULATO
GEN,S3FIFO,S36_020,4,512,34227,22193,17360,7060,8847,13713,0.206270,0.398639,0.789919,47.774194,5220.456,25084.834,SIMULATO
GEN,WTinyLFU,S36_020,4,512,34227,22193,17360,6465,7758,12976,0.188886,0.349570,0.747465,43.869355,5842.098,25084.834,SIMULATO
GEN,LRU,S36_020,5,512,33967,22453,17360,8320,10553,13785,0.244944,0.470004,0.794067,52.674194,5184.581,25085.730,SIMULATO
GEN,SIEVE,S36_020,5,512,33967,22453,17360,6707,8759,12657,0.197456,0.390104,0.729090,45.359677,5193.794,25085.730,SIMULATO
GEN,S3FIFO,S36_020,5,512,33967,22453,17360,6883,8866,13675,0.202638,0.394869,0.787730,47.458065,5172.929,25085.730,SIMULATO
GEN,WTinyLFU,S36_020,5,512,33967,22453,17360,6265,7765,13021,0.184444,0.345834,0.750058,43.630645,5826.298,25085.730,SIMULATO
GEN,LRU,S36_020,6,512,34225,22195,17360,8427,10737,13736,0.246224,0.483758,0.791244,53.064516,5183.560,25179.836,SIMULATO
GEN,SIEVE,S36_020,6,512,34225,22195,17360,6989,8916,12689,0.204207,0.401712,0.730933,46.119355,5180.326,25179.836,SIMULATO
GEN,S3FIFO,S36_020,6,512,34225,22195,17360,7101,8983,13630,0.207480,0.404731,0.785138,47.925806,5178.085,25179.836,SIMULATO
GEN,WTinyLFU,S36_020,6,512,34225,22195,17360,6393,7866,12953,0.186793,0.354404,0.746141,43.890323,5851.940,25179.836,SIMULATO
GEN,LRU,S36_020,7,512,33976,22444,17360,8340,10480,13704,0.245467,0.466940,0.789401,52.458065,5215.089,25056.663,SIMULATO
GEN,SIEVE,S36_020,7,512,33976,22444,17360,6911,8630,12568,0.203408,0.384513,0.723963,45.337097,5252.161,25056.663,SIMULATO
GEN,S3FIFO,S36_020,7,512,33976,22444,17360,6952,8799,13606,0.204615,0.392042,0.783756,47.350000,5221.144,25056.663,SIMULATO
GEN,WTinyLFU,S36_020,7,512,33976,22444,17360,6315,7842,12979,0.185866,0.349403,0.747638,43.767742,5830.213,25056.663,SIMULATO
GEN,LRU,S36_020,8,512,34052,22368,17360,8497,10544,13787,0.249530,0.471388,0.794182,52.948387,5161.260,25166.847,SIMULATO
GEN,SIEVE,S36_020,8,512,34052,22368,17360,7094,8724,12691,0.208328,0.390021,0.731048,45.982258,5189.545,25166.847,SIMULATO
GEN,S3FIFO,S36_020,8,512,34052,22368,17360,7065,8945,13740,0.207477,0.399902,0.791475,47.983871,5150.176,25166.847,SIMULATO
GEN,WTinyLFU,S36_020,8,512,34052,22368,17360,6305,7804,12995,0.185158,0.348891,0.748560,43.716129,5856.145,25166.847,SIMULATO
GEN,LRU,S36_020,9,512,33933,22487,17360,8466,10613,13757,0.249492,0.471962,0.792454,52.961290,5198.718,24979.437,SIMULATO
GEN,SIEVE,S36_020,9,512,33933,22487,17360,6863,8628,12571,0.202251,0.383688,0.724136,45.261290,5305.940,24979.437,SIMULATO
GEN,S3FIFO,S36_020,9,512,33933,22487,17360,6933,8813,13597,0.204314,0.391915,0.783237,47.327419,5223.242,24979.437,SIMULATO
GEN,WTinyLFU,S36_020,9,512,33933,22487,17360,6282,7697,12894,0.185130,0.342287,0.742742,43.343548,5890.674,24979.437,SIMULATO
GEN,LRU,S36_020,10,512,34018,22402,17360,8682,10659,13780,0.255218,0.475806,0.793779,53.420968,5208.097,25004.304,SIMULATO
GEN,SIEVE,S36_020,10,512,34018,22402,17360,7219,8701,12695,0.212211,0.388403,0.731279,46.153226,5157.682,25004.304,SIMULATO
GEN,S3FIFO,S36_020,10,512,34018,22402,17360,7113,8849,13684,0.209095,0.395009,0.788249,47.816129,5189.824,25004.304,SIMULATO
GEN,WTinyLFU,S36_020,10,512,34018,22402,17360,6513,7823,13039,0.191457,0.349210,0.751094,44.153226,5826.544,25004.304,SIMULATO
GEN,LRU,S36_020,11,512,34134,22286,17360,8520,10592,13700,0.249604,0.475276,0.789171,52.922581,5196.529,25009.803,SIMULATO
GEN,SIEVE,S36_020,11,512,34134,22286,17360,7018,8626,12647,0.205601,0.387059,0.728514,45.630645,5228.789,25009.803,SIMULATO
GEN,S3FIFO,S36_020,11,512,34134,22286,17360,7059,8772,13634,0.206803,0.393610,0.785369,47.524194,5209.203,25009.803,SIMULATO
GEN,WTinyLFU,S36_020,11,512,34134,22286,17360,6398,7713,12961,0.187438,0.346092,0.746601,43.664516,5834.744,25009.803,SIMULATO
GEN,LRU,S36_020,12,512,34021,22399,17360,8491,10682,13788,0.249581,0.476896,0.794240,53.162903,5217.158,24992.520,SIMULATO
GEN,SIEVE,S36_020,12,512,34021,22399,17360,7073,8903,12685,0.207901,0.397473,0.730703,46.227419,5223.381,24992.520,SIMULATO
GEN,S3FIFO,S36_020,12,512,34021,22399,17360,7116,8949,13679,0.209165,0.399527,0.787961,47.974194,5239.058,24992.520,SIMULATO
GEN,WTinyLFU,S36_020,12,512,34021,22399,17360,6439,7805,13001,0.189265,0.348453,0.748906,43.943548,5864.260,24992.520,SIMULATO
GEN,LRU,S36_020,13,512,33980,22440,17360,8371,10600,13741,0.246351,0.472371,0.791532,52.761290,5188.215,25057.793,SIMULATO
GEN,SIEVE,S36_020,13,512,33980,22440,17360,6860,8943,12660,0.201883,0.398529,0.729263,45.908065,5165.897,25057.793,SIMULATO
GEN,S3FIFO,S36_020,13,512,33980,22440,17360,6911,8881,13645,0.203384,0.395766,0.786002,47.479032,5211.729,25057.793,SIMULATO
GEN,WTinyLFU,S36_020,13,512,33980,22440,17360,6241,7944,12968,0.183667,0.354011,0.747005,43.795161,5829.331,25057.793,SIMULATO
GEN,LRU,S36_020,14,512,33767,22653,17360,8451,10699,13817,0.250274,0.472299,0.795910,53.172581,5222.853,24864.616,SIMULATO
GEN,SIEVE,S36_020,14,512,33767,22653,17360,6960,9016,12690,0.206118,0.398005,0.730991,46.235484,5199.574,24864.616,SIMULATO
GEN,S3FIFO,S36_020,14,512,33767,22653,17360,6966,8937,13731,0.206296,0.394517,0.790956,47.796774,5214.576,24864.616,SIMULATO
GEN,WTinyLFU,S36_020,14,512,33767,22653,17360,6369,7993,13018,0.188616,0.352845,0.749885,44.161290,5887.534,24864.616,SIMULATO
GEN,LRU,S36_020,15,512,34063,22357,17360,8682,10564,13740,0.254881,0.472514,0.791475,53.203226,5192.155,25112.027,SIMULATO
GEN,SIEVE,S36_020,15,512,34063,22357,17360,6939,8499,12633,0.203711,0.380149,0.727707,45.275806,5247.487,25112.027,SIMULATO
GEN,S3FIFO,S36_020,15,512,34063,22357,17360,7089,8751,13659,0.208114,0.391421,0.786809,47.579032,5207.877,25112.027,SIMULATO
GEN,WTinyLFU,S36_020,15,512,34063,22357,17360,6365,7810,13011,0.186860,0.349331,0.749482,43.848387,5855.716,25112.027,SIMULATO
GEN,LRU,S36_020,16,512,34214,22206,17360,8597,10450,13776,0.251271,0.470594,0.793548,52.940323,5197.098,25074.842,SIMULATO
GEN,SIEVE,S36_020,16,512,34214,22206,17360,7267,8974,12758,0.212398,0.404125,0.734908,46.772581,5019.658,25074.842,SIMULATO
GEN,S3FIFO,S36_020,16,512,34214,22206,17360,7173,8900,13760,0.209651,0.400793,0.792627,48.117742,5151.445,25074.842,SIMULATO
GEN,WTinyLFU,S36_020,16,512,34214,22206,17360,6481,7891,13094,0.189425,0.355354,0.754263,44.300000,5839.374,25074.842,SIMULATO
GEN,LRU,S36_020,17,512,34096,22324,17360,8322,10654,13833,0.244076,0.477244,0.796832,52.917742,5212.839,24974.749,SIMULATO
GEN,SIEVE,S36_020,17,512,34096,22324,17360,7012,8767,12633,0.205655,0.392716,0.727707,45.825806,5249.610,24974.749,SIMULATO
GEN,S3FIFO,S36_020,17,512,34096,22324,17360,7061,8966,13731,0.207092,0.401631,0.790956,47.996774,5225.006,24974.749,SIMULATO
GEN,WTinyLFU,S36_020,17,512,34096,22324,17360,6373,7948,13013,0.186913,0.356029,0.749597,44.087097,5875.874,24974.749,SIMULATO
GEN,LRU,S36_020,18,512,34091,22329,17360,8542,10589,13719,0.250565,0.474226,0.790265,52.983871,5225.723,24881.261,SIMULATO
GEN,SIEVE,S36_020,18,512,34091,22329,17360,7024,8816,12597,0.206037,0.394823,0.725634,45.866129,5230.381,24881.261,SIMULATO
GEN,S3FIFO,S36_020,18,512,34091,22329,17360,7083,8853,13669,0.207767,0.396480,0.787385,47.750000,5243.508,24881.261,SIMULATO
GEN,WTinyLFU,S36_020,18,512,34091,22329,17360,6465,7800,12978,0.189639,0.349322,0.747581,43.940323,5857.482,24881.261,SIMULATO
GEN,LRU,S36_020,19,512,33926,22494,17360,8528,10800,13753,0.251371,0.480128,0.792224,53.356452,5202.474,25031.667,SIMULATO
GEN,SIEVE,S36_020,19,512,33926,22494,17360,7133,8945,12758,0.210252,0.397662,0.734908,46.509677,5115.348,25031.667,SIMULATO
GEN,S3FIFO,S36_020,19,512,33926,22494,17360,7015,9061,13654,0.206774,0.402819,0.786521,47.951613,5210.827,25031.667,SIMULATO
GEN,WTinyLFU,S36_020,19,512,33926,22494,17360,6456,8080,13046,0.190297,0.359207,0.751498,44.487097,5814.716,25031.667,SIMULATO
GEN,LRU,S36_020,20,512,34230,22190,17360,8473,10650,13694,0.247531,0.479946,0.788825,52.930645,5192.732,25119.107,SIMULATO
GEN,SIEVE,S36_020,20,512,34230,22190,17360,6942,8872,12640,0.202805,0.399820,0.728111,45.893548,5201.587,25119.107,SIMULATO
GEN,S3FIFO,S36_020,20,512,34230,22190,17360,7030,8755,13663,0.205375,0.394547,0.787039,47.496774,5224.365,25119.107,SIMULATO
GEN,WTinyLFU,S36_020,20,512,34230,22190,17360,6374,7819,12963,0.186211,0.352366,0.746717,43.800000,5861.432,25119.107,SIMULATO
REAL,LRU,S12,1,512,34108,7434,17358,7970,1275,14467,0.233670,0.171509,0.833449,38.245161,5197.802,24950.390,SIMULATO
REAL,SIEVE,S12,1,512,34108,7434,17358,6525,343,13477,0.191304,0.046139,0.776414,32.814516,5110.356,24950.390,SIMULATO
REAL,S3FIFO,S12,1,512,34108,7434,17358,6691,484,14102,0.196171,0.065106,0.812421,34.317742,5224.324,24950.390,SIMULATO
REAL,WTinyLFU,S12,1,512,34108,7434,17358,6041,298,13547,0.177114,0.040086,0.780447,32.074194,5803.940,24950.390,SIMULATO
REAL,LRU,S12,2,512,34032,7510,17358,7914,1269,14511,0.232546,0.168975,0.835983,38.216129,5225.719,24891.504,SIMULATO
REAL,SIEVE,S12,2,512,34032,7510,17358,6438,335,13446,0.189175,0.044607,0.774628,32.611290,5233.319,24891.504,SIMULATO
REAL,S3FIFO,S12,2,512,34032,7510,17358,6747,466,14056,0.198255,0.062051,0.809771,34.304839,5248.979,24891.504,SIMULATO
REAL,WTinyLFU,S12,2,512,34032,7510,17358,5966,332,13504,0.175306,0.044208,0.777970,31.938710,5776.342,24891.504,SIMULATO
REAL,LRU,S12,3,512,34099,7443,17358,7811,1322,14628,0.229068,0.177617,0.842724,38.324194,5190.229,25003.250,SIMULATO
REAL,SIEVE,S12,3,512,34099,7443,17358,6303,329,13501,0.184844,0.044203,0.777797,32.472581,5181.987,25003.250,SIMULATO
REAL,S3FIFO,S12,3,512,34099,7443,17358,6561,499,14138,0.192410,0.067043,0.814495,34.190323,5190.103,25003.250,SIMULATO
REAL,WTinyLFU,S12,3,512,34099,7443,17358,5911,321,13567,0.173348,0.043128,0.781599,31.933871,5765.206,25003.250,SIMULATO
REAL,LRU,S12,4,512,34157,7385,17358,7897,1307,14581,0.231197,0.176980,0.840016,38.362903,5191.010,25026.996,SIMULATO
REAL,SIEVE,S12,4,512,34157,7385,17358,6438,309,13425,0.188483,0.041842,0.773419,32.535484,5257.611,25026.996,SIMULATO
REAL,S3FIFO,S12,4,512,34157,7385,17358,6690,515,14129,0.195860,0.069736,0.813976,34.409677,5150.473,25026.996,SIMULATO
REAL,WTinyLFU,S12,4,512,34157,7385,17358,5909,323,13534,0.172995,0.043737,0.779698,31.880645,5817.505,25026.996,SIMULATO
REAL,LRU,S12,5,512,34033,7509,17358,7880,1305,14571,0.231540,0.173791,0.839440,38.316129,5179.527,25074.854,SIMULATO
REAL,SIEVE,S12,5,512,34033,7509,17358,6422,375,13538,0.188699,0.049940,0.779929,32.798387,5155.444,25074.854,SIMULATO
REAL,S3FIFO,S12,5,512,34033,7509,17358,6542,471,14154,0.192225,0.062725,0.815417,34.140323,5208.485,25074.854,SIMULATO
REAL,WTinyLFU,S12,5,512,34033,7509,17358,5910,325,13550,0.173655,0.043281,0.780620,31.911290,5819.397,25074.854,SIMULATO
REAL,LRU,S12,6,512,34315,7227,17358,7964,1296,14556,0.232085,0.179328,0.838576,38.412903,5194.853,25026.500,SIMULATO
REAL,SIEVE,S12,6,512,34315,7227,17358,6429,379,13499,0.187352,0.052442,0.777682,32.753226,5197.844,25026.500,SIMULATO
REAL,S3FIFO,S12,6,512,34315,7227,17358,6684,514,14108,0.194784,0.071122,0.812766,34.364516,5216.010,25026.500,SIMULATO
REAL,WTinyLFU,S12,6,512,34315,7227,17358,5948,313,13509,0.173335,0.043310,0.778258,31.887097,5810.126,25026.500,SIMULATO
REAL,LRU,S12,7,512,34016,7526,17358,7825,1265,14527,0.230039,0.168084,0.836905,38.091935,5210.123,24994.459,SIMULATO
REAL,SIEVE,S12,7,512,34016,7526,17358,6418,321,13476,0.188676,0.042652,0.776357,32.604839,5171.368,24994.459,SIMULATO
REAL,S3FIFO,S12,7,512,34016,7526,17358,6712,463,14086,0.197319,0.061520,0.811499,34.291935,5197.434,24994.459,SIMULATO
REAL,WTinyLFU,S12,7,512,34016,7526,17358,5946,299,13450,0.174800,0.039729,0.774859,31.766129,5867.924,24994.459,SIMULATO
REAL,LRU,S12,8,512,34120,7422,17358,7917,1256,14558,0.232034,0.169227,0.838691,38.275806,5183.177,25034.030,SIMULATO
REAL,SIEVE,S12,8,512,34120,7422,17358,6437,323,13383,0.188658,0.043519,0.770999,32.488710,5257.769,25034.030,SIMULATO
REAL,S3FIFO,S12,8,512,34120,7422,17358,6660,452,14140,0.195193,0.060900,0.814610,34.277419,5168.700,25034.030,SIMULATO
REAL,WTinyLFU,S12,8,512,34120,7422,17358,5963,286,13489,0.174766,0.038534,0.777106,31.835484,5850.823,25034.030,SIMULATO
REAL,LRU,S12,9,512,34093,7449,17358,7809,1285,14657,0.229050,0.172506,0.844395,38.308065,5180.940,25108.695,SIMULATO
REAL,SIEVE,S12,9,512,34093,7449,17358,6278,328,13476,0.184143,0.044033,0.776357,32.390323,5226.713,25108.695,SIMULATO
REAL,S3FIFO,S12,9,512,34093,7449,17358,6565,466,14191,0.192562,0.062559,0.817548,34.229032,5210.048,25108.695,SIMULATO
REAL,WTinyLFU,S12,9,512,34093,7449,17358,5826,293,13509,0.170886,0.039334,0.778258,31.658065,5842.461,25108.695,SIMULATO
REAL,LRU,S12,10,512,34070,7472,17358,7886,1302,14651,0.231465,0.174251,0.844049,38.450000,5214.010,24962.198,SIMULATO
REAL,SIEVE,S12,10,512,34070,7472,17358,6372,344,13486,0.187027,0.046039,0.776933,32.583871,5193.623,24962.198,SIMULATO
REAL,S3FIFO,S12,10,512,34070,7472,17358,6572,510,14139,0.192897,0.068255,0.814552,34.227419,5216.847,24962.198,SIMULATO
REAL,WTinyLFU,S12,10,512,34070,7472,17358,5965,309,13579,0.175081,0.041354,0.782291,32.020968,5739.373,24962.198,SIMULATO
REAL,LRU,S12,11,512,34126,7416,17358,7885,1295,14543,0.231056,0.174622,0.837827,38.262903,5202.642,24996.122,SIMULATO
REAL,SIEVE,S12,11,512,34126,7416,17358,6503,347,13509,0.190559,0.046791,0.778258,32.837097,5156.708,24996.122,SIMULATO
REAL,S3FIFO,S12,11,512,34126,7416,17358,6774,491,14111,0.198500,0.066208,0.812939,34.477419,5217.855,24996.122,SIMULATO
REAL,WTinyLFU,S12,11,512,34126,7416,17358,5986,309,13499,0.175409,0.041667,0.777682,31.925806,5800.276,24996.122,SIMULATO
REAL,LRU,S12,12,512,34129,7413,17358,7889,1310,14631,0.231152,0.176717,0.842897,38.435484,5175.552,25115.400,SIMULATO
REAL,SIEVE,S12,12,512,34129,7413,17358,6362,311,13473,0.186410,0.041953,0.776184,32.493548,5265.952,25115.400,SIMULATO
REAL,S3FIFO,S12,12,512,34129,7413,17358,6624,498,14232,0.194087,0.067179,0.819910,34.441935,5205.463,25115.400,SIMULATO
REAL,WTinyLFU,S12,12,512,34129,7413,17358,5827,317,13537,0.170735,0.042763,0.779871,31.743548,5816.750,25115.400,SIMULATO
REAL,LRU,S12,13,512,34097,7445,17358,7726,1257,14552,0.226589,0.168838,0.838345,37.959677,5182.239,25082.468,SIMULATO
REAL,SIEVE,S12,13,512,34097,7445,17358,6304,312,13470,0.184884,0.041907,0.776011,32.396774,5167.768,25082.468,SIMULATO
REAL,S3FIFO,S12,13,512,34097,7445,17358,6593,453,14087,0.193360,0.060846,0.811557,34.085484,5208.705,25082.468,SIMULATO
REAL,WTinyLFU,S12,13,512,34097,7445,17358,5870,328,13562,0.172156,0.044056,0.781311,31.870968,5767.950,25082.468,SIMULATO
REAL,LRU,S12,14,512,33975,7567,17358,7725,1280,14543,0.227373,0.169156,0.837827,37.980645,5207.844,24891.838,SIMULATO
REAL,SIEVE,S12,14,512,33975,7567,17358,6246,372,13451,0.183841,0.049161,0.774916,32.369355,5205.205,24891.838,SIMULATO
REAL,S3FIFO,S12,14,512,33975,7567,17358,6457,480,14067,0.190052,0.063433,0.810404,33.877419,5229.108,24891.838,SIMULATO
REAL,WTinyLFU,S12,14,512,33975,7567,17358,5787,326,13446,0.170331,0.043082,0.774628,31.546774,5835.979,24891.838,SIMULATO
REAL,LRU,S12,15,512,34158,7384,17358,7889,1283,14584,0.230956,0.173754,0.840189,38.316129,5182.544,25143.667,SIMULATO
REAL,SIEVE,S12,15,512,34158,7384,17358,6461,366,13460,0.189150,0.049567,0.775435,32.720968,5166.210,25143.667,SIMULATO
REAL,S3FIFO,S12,15,512,34158,7384,17358,6675,484,14150,0.195415,0.065547,0.815186,34.369355,5170.531,25143.667,SIMULATO
REAL,WTinyLFU,S12,15,512,34158,7384,17358,5944,321,13592,0.174015,0.043472,0.783040,32.027419,5728.669,25143.667,SIMULATO
REAL,LRU,S12,16,512,34043,7499,17358,7921,1265,14586,0.232676,0.168689,0.840304,38.341935,5191.516,24913.410,SIMULATO
REAL,SIEVE,S12,16,512,34043,7499,17358,6478,312,13464,0.190289,0.041606,0.775665,32.667742,5193.677,24913.410,SIMULATO
REAL,S3FIFO,S12,16,512,34043,7499,17358,6691,495,14191,0.196546,0.066009,0.817548,34.479032,5176.948,24913.410,SIMULATO
REAL,WTinyLFU,S12,16,512,34043,7499,17358,5991,316,13588,0.175983,0.042139,0.782809,32.088710,5765.373,24913.410,SIMULATO
REAL,LRU,S12,17,512,33964,7578,17358,7971,1299,14604,0.234690,0.171417,0.841341,38.506452,5164.690,24980.011,SIMULATO
REAL,SIEVE,S12,17,512,33964,7578,17358,6436,336,13540,0.189495,0.044339,0.780044,32.761290,5188.085,24980.011,SIMULATO
REAL,S3FIFO,S12,17,512,33964,7578,17358,6713,477,14200,0.197650,0.062945,0.818067,34.500000,5114.219,24980.011,SIMULATO
REAL,WTinyLFU,S12,17,512,33964,7578,17358,5893,309,13478,0.173507,0.040776,0.776472,31.741935,5848.613,24980.011,SIMULATO
REAL,LRU,S12,18,512,34103,7439,17358,7974,1303,14583,0.233821,0.175158,0.840131,38.483871,5207.081,24917.399,SIMULATO
REAL,SIEVE,S12,18,512,34103,7439,17358,6408,377,13461,0.187901,0.050679,0.775493,32.654839,5250.432,24917.399,SIMULATO
REAL,S3FIFO,S12,18,512,34103,7439,17358,6677,470,14101,0.195789,0.063181,0.812363,34.270968,5227.347,24917.399,SIMULATO
REAL,WTinyLFU,S12,18,512,34103,7439,17358,5931,334,13475,0.173914,0.044899,0.776299,31.838710,5864.882,24917.399,SIMULATO
REAL,LRU,S12,19,512,34175,7367,17358,7901,1331,14531,0.231192,0.180671,0.837136,38.327419,5157.702,25095.609,SIMULATO
REAL,SIEVE,S12,19,512,34175,7367,17358,6310,355,13456,0.184638,0.048188,0.775205,32.453226,5274.615,25095.609,SIMULATO
REAL,S3FIFO,S12,19,512,34175,7367,17358,6627,505,14110,0.193914,0.068549,0.812882,34.261290,5154.285,25095.609,SIMULATO
REAL,WTinyLFU,S12,19,512,34175,7367,17358,5853,297,13506,0.171266,0.040315,0.778085,31.703226,5824.781,25095.609,SIMULATO
REAL,LRU,S12,20,512,34067,7475,17358,7774,1264,14588,0.228197,0.169097,0.840419,38.106452,5210.082,25101.158,SIMULATO
REAL,SIEVE,S12,20,512,34067,7475,17358,6269,365,13451,0.184020,0.048829,0.774916,32.395161,5262.184,25101.158,SIMULATO
REAL,S3FIFO,S12,20,512,34067,7475,17358,6548,467,14092,0.192209,0.062475,0.811845,34.043548,5236.953,25101.158,SIMULATO
REAL,WTinyLFU,S12,20,512,34067,7475,17358,5852,306,13465,0.171779,0.040936,0.775723,31.650000,5882.831,25101.158,SIMULATO
REAL,LRU,S36,1,512,34249,22171,17360,8034,1157,14352,0.234576,0.052185,0.826728,37.972581,5215.210,24383.955,SIMULATO
REAL,SIEVE,S36,1,512,34249,22171,17360,6498,47,13385,0.189728,0.002120,0.771025,32.145161,5217.969,24383.955,SIMULATO
REAL,S3FIFO,S36,1,512,34249,22171,17360,6681,71,14009,0.195071,0.003202,0.806970,33.485484,5184.398,24383.955,SIMULATO
REAL,WTinyLFU,S36,1,512,34249,22171,17360,6110,51,13669,0.178399,0.002300,0.787385,31.983871,5767.911,24383.955,SIMULATO
REAL,LRU,S36,2,512,34142,22278,17360,7936,1161,14393,0.232441,0.052114,0.829090,37.887097,5215.645,24339.337,SIMULATO
REAL,SIEVE,S36,2,512,34142,22278,17360,6346,33,13385,0.185871,0.001481,0.771025,31.877419,5211.021,24339.337,SIMULATO
REAL,S3FIFO,S36,2,512,34142,22278,17360,6534,75,13979,0.191377,0.003367,0.805242,33.206452,5186.213,24339.337,SIMULATO
REAL,WTinyLFU,S36,2,512,34142,22278,17360,5988,29,13623,0.175385,0.001302,0.784735,31.677419,5786.805,24339.337,SIMULATO
REAL,LRU,S36,3,512,34244,22176,17360,7966,1147,14382,0.232625,0.051723,0.828456,37.895161,5217.150,24361.759,SIMULATO
REAL,SIEVE,S36,3,512,34244,22176,17360,6412,54,13375,0.187244,0.002435,0.770449,32.001613,5200.123,24361.759,SIMULATO
REAL,S3FIFO,S36,3,512,34244,22176,17360,6484,65,14003,0.189347,0.002931,0.806624,33.148387,5201.869,24361.759,SIMULATO
REAL,WTinyLFU,S36,3,512,34244,22176,17360,6055,41,13624,0.176819,0.001849,0.784793,31.806452,5822.865,24361.759,SIMULATO
REAL,LRU,S36,4,512,34001,22419,17360,7912,1198,14364,0.232699,0.053437,0.827419,37.861290,5225.915,24426.633,SIMULATO
REAL,SIEVE,S36,4,512,34001,22419,17360,6362,33,13414,0.187112,0.001472,0.772696,31.950000,5208.745,24426.633,SIMULATO
REAL,S3FIFO,S36,4,512,34001,22419,17360,6521,62,13982,0.191788,0.002766,0.805415,33.169355,5237.834,24426.633,SIMULATO
REAL,WTinyLFU,S36,4,512,34001,22419,17360,6074,40,13684,0.178642,0.001784,0.788249,31.932258,5807.934,24426.633,SIMULATO
REAL,LRU,S36,5,512,34025,22395,17360,7908,1188,14363,0.232417,0.053048,0.827362,37.837097,5156.890,24582.369,SIMULATO
REAL,SIEVE,S36,5,512,34025,22395,17360,6315,42,13393,0.185599,0.001875,0.771486,31.854839,5173.942,24582.369,SIMULATO
REAL,S3FIFO,S36,5,512,34025,22395,17360,6478,72,14001,0.190389,0.003215,0.806509,33.146774,5159.358,24582.369,SIMULATO
REAL,WTinyLFU,S36,5,512,34025,22395,17360,5996,44,13676,0.176223,0.001965,0.787788,31.800000,5726.724,24582.369,SIMULATO
REAL,LRU,S36,6,512,33987,22433,17360,8148,1171,14412,0.239739,0.052200,0.830184,38.275806,5192.745,24488.037,SIMULATO
REAL,SIEVE,S36,6,512,33987,22433,17360,6552,43,13448,0.192780,0.001917,0.774654,32.327419,5097.395,24488.037,SIMULATO
REAL,S3FIFO,S36,6,512,33987,22433,17360,6657,83,14034,0.195869,0.003700,0.808410,33.506452,5175.332,24488.037,SIMULATO
REAL,WTinyLFU,S36,6,512,33987,22433,17360,6111,33,13686,0.179804,0.001471,0.788364,31.983871,5725.261,24488.037,SIMULATO
REAL,LRU,S36,7,512,34151,22269,17360,7915,1143,14378,0.231765,0.051327,0.828226,37.800000,5229.800,24270.146,SIMULATO
REAL,SIEVE,S36,7,512,34151,22269,17360,6411,44,13388,0.187725,0.001976,0.771198,32.004839,5267.994,24270.146,SIMULATO
REAL,S3FIFO,S36,7,512,34151,22269,17360,6580,75,13974,0.192674,0.003368,0.804954,33.272581,5221.444,24270.146,SIMULATO
REAL,WTinyLFU,S36,7,512,34151,22269,17360,6055,35,13652,0.177301,0.001572,0.786406,31.841935,5800.487,24270.146,SIMULATO
REAL,LRU,S36,8,512,34003,22417,17360,7788,1138,14340,0.229039,0.050765,0.826037,37.525806,5255.673,24240.518,SIMULATO
REAL,SIEVE,S36,8,512,34003,22417,17360,6233,42,13369,0.183307,0.001874,0.770104,31.683871,5266.806,24240.518,SIMULATO
REAL,S3FIFO,S36,8,512,34003,22417,17360,6394,73,13948,0.188042,0.003256,0.803456,32.927419,5283.252,24240.518,SIMULATO
REAL,WTinyLFU,S36,8,512,34003,22417,17360,5904,44,13689,0.173632,0.001963,0.788537,31.672581,5773.637,24240.518,SIMULATO
REAL,LRU,S36,9,512,34118,22302,17360,7954,1086,14436,0.233132,0.048695,0.831567,37.864516,5176.897,24606.191,SIMULATO
REAL,SIEVE,S36,9,512,34118,22302,17360,6407,36,13417,0.187789,0.001614,0.772869,32.032258,5196.619,24606.191,SIMULATO
REAL,S3FIFO,S36,9,512,34118,22302,17360,6570,81,14012,0.192567,0.003632,0.807143,33.327419,5178.210,24606.191,SIMULATO
REAL,WTinyLFU,S36,9,512,34118,22302,17360,6117,35,13697,0.179290,0.001569,0.788998,32.014516,5796.110,24606.191,SIMULATO
REAL,LRU,S36,10,512,33934,22486,17360,8027,1147,14411,0.236547,0.051010,0.830127,38.040323,5191.494,24419.463,SIMULATO
REAL,SIEVE,S36,10,512,33934,22486,17360,6504,33,13454,0.191666,0.001468,0.775000,32.243548,5210.537,24419.463,SIMULATO
REAL,S3FIFO,S36,10,512,33934,22486,17360,6602,80,14026,0.194554,0.003558,0.807949,33.400000,5170.255,24419.463,SIMULATO
REAL,WTinyLFU,S36,10,512,33934,22486,17360,6029,39,13709,0.177668,0.001734,0.789689,31.898387,5804.668,24419.463,SIMULATO
REAL,LRU,S36,11,512,34132,22288,17360,7938,1167,14327,0.232568,0.052360,0.825288,37.793548,5212.118,24456.802,SIMULATO
REAL,SIEVE,S36,11,512,34132,22288,17360,6456,46,13391,0.189148,0.002064,0.771371,32.085484,5186.845,24456.802,SIMULATO
REAL,S3FIFO,S36,11,512,34132,22288,17360,6618,72,14012,0.193894,0.003230,0.807143,33.390323,5182.415,24456.802,SIMULATO
REAL,WTinyLFU,S36,11,512,34132,22288,17360,6010,41,13671,0.176081,0.001840,0.787500,31.809677,5807.547,24456.802,SIMULATO
REAL,LRU,S36,12,512,34125,22295,17360,8080,1150,14337,0.236777,0.051581,0.825864,38.011290,5227.290,24347.819,SIMULATO
REAL,SIEVE,S36,12,512,34125,22295,17360,6491,29,13388,0.190212,0.001301,0.771198,32.109677,5219.795,24347.819,SIMULATO
REAL,S3FIFO,S36,12,512,34125,22295,17360,6552,65,13919,0.192000,0.002915,0.801786,33.122581,5271.348,24347.819,SIMULATO
REAL,WTinyLFU,S36,12,512,34125,22295,17360,6244,17,13712,0.182974,0.000763,0.789862,32.214516,5705.473,24347.819,SIMULATO
REAL,LRU,S36,13,512,34020,22400,17360,7994,1116,14383,0.234979,0.049821,0.828514,37.891935,5210.744,24323.646,SIMULATO
REAL,SIEVE,S36,13,512,34020,22400,17360,6450,52,13405,0.189594,0.002321,0.772177,32.108065,5245.197,24323.646,SIMULATO
REAL,S3FIFO,S36,13,512,34020,22400,17360,6523,80,13999,0.191740,0.003571,0.806394,33.229032,5165.760,24323.646,SIMULATO
REAL,WTinyLFU,S36,13,512,34020,22400,17360,6061,62,13714,0.178160,0.002768,0.789977,31.995161,5746.592,24323.646,SIMULATO
REAL,LRU,S36,14,512,34179,22241,17360,7993,1165,14342,0.233857,0.052381,0.826152,37.903226,5212.555,24356.775,SIMULATO
REAL,SIEVE,S36,14,512,34179,22241,17360,6454,34,13408,0.188829,0.001529,0.772350,32.090323,5217.597,24356.775,SIMULATO
REAL,S3FIFO,S36,14,512,34179,22241,17360,6634,76,14014,0.194096,0.003417,0.807258,33.425806,5122.137,24356.775,SIMULATO
REAL,WTinyLFU,S36,14,512,34179,22241,17360,6186,50,13686,0.180988,0.002248,0.788364,32.132258,5784.384,24356.775,SIMULATO
REAL,LRU,S36,15,512,33948,22472,17360,7917,1182,14417,0.233210,0.052599,0.830472,37.929032,5217.789,24474.586,SIMULATO
REAL,SIEVE,S36,15,512,33948,22472,17360,6385,34,13440,0.188082,0.001513,0.774194,32.030645,5202.523,24474.586,SIMULATO
REAL,S3FIFO,S36,15,512,33948,22472,17360,6484,77,14007,0.190998,0.003426,0.806855,33.174194,5165.802,24474.586,SIMULATO
REAL,WTinyLFU,S36,15,512,33948,22472,17360,5961,28,13661,0.175592,0.001246,0.786924,31.693548,5804.216,24474.586,SIMULATO
REAL,LRU,S36,16,512,34146,22274,17360,7888,1124,14355,0.231008,0.050462,0.826901,37.688710,5236.087,24249.681,SIMULATO
REAL,SIEVE,S36,16,512,34146,22274,17360,6411,28,13400,0.187753,0.001257,0.771889,31.998387,5261.589,24249.681,SIMULATO
REAL,S3FIFO,S36,16,512,34146,22274,17360,6677,60,14013,0.195543,0.002694,0.807200,33.467742,5177.460,24249.681,SIMULATO
REAL,WTinyLFU,S36,16,512,34146,22274,17360,6061,39,13696,0.177502,0.001751,0.788940,31.929032,5806.677,24249.681,SIMULATO
REAL,LRU,S36,17,512,34136,22284,17360,7820,1158,14383,0.229084,0.051966,0.828514,37.679032,5220.144,24495.830,SIMULATO
REAL,SIEVE,S36,17,512,34136,22284,17360,6269,38,13393,0.183648,0.001705,0.771486,31.774194,5246.002,24495.830,SIMULATO
REAL,S3FIFO,S36,17,512,34136,22284,17360,6464,94,13973,0.189360,0.004218,0.804896,33.114516,5280.882,24495.830,SIMULATO
REAL,WTinyLFU,S36,17,512,34136,22284,17360,6043,50,13722,0.177027,0.002244,0.790438,31.959677,5790.795,24495.830,SIMULATO
REAL,LRU,S36,18,512,33949,22471,17360,7963,1157,14453,0.234558,0.051489,0.832546,38.020968,5239.779,24240.604,SIMULATO
REAL,SIEVE,S36,18,512,33949,22471,17360,6292,50,13373,0.185337,0.002225,0.770334,31.798387,5289.281,24240.604,SIMULATO
REAL,S3FIFO,S36,18,512,33949,22471,17360,6458,68,13998,0.190227,0.003026,0.806336,33.103226,5278.798,24240.604,SIMULATO
REAL,WTinyLFU,S36,18,512,33949,22471,17360,5941,47,13643,0.174998,0.002092,0.785887,31.662903,5820.265,24240.604,SIMULATO
REAL,LRU,S36,19,512,33859,22561,17360,8046,1167,14348,0.237633,0.051726,0.826498,38.001613,5229.944,24320.561,SIMULATO
REAL,SIEVE,S36,19,512,33859,22561,17360,6436,69,13389,0.190082,0.003058,0.771256,32.087097,5205.773,24320.561,SIMULATO
REAL,S3FIFO,S36,19,512,33859,22561,17360,6509,90,13942,0.192238,0.003989,0.803111,33.130645,5236.690,24320.561,SIMULATO
REAL,WTinyLFU,S36,19,512,33859,22561,17360,6131,52,13653,0.181074,0.002305,0.786463,31.993548,5715.360,24320.561,SIMULATO
REAL,LRU,S36,20,512,34163,22257,17360,7972,1151,14386,0.233352,0.051714,0.828687,37.917742,5216.894,24395.780,SIMULATO
REAL,SIEVE,S36,20,512,34163,22257,17360,6297,49,13360,0.184322,0.002202,0.769585,31.783871,5262.206,24395.780,SIMULATO
REAL,S3FIFO,S36,20,512,34163,22257,17360,6493,74,13968,0.190059,0.003325,0.804608,33.120968,5242.961,24395.780,SIMULATO
REAL,WTinyLFU,S36,20,512,34163,22257,17360,5914,46,13677,0.173111,0.002067,0.787846,31.672581,5838.574,24395.780,SIMULATO
REAL,LRU,C12,1,512,34108,7434,17358,7801,830,14594,0.228715,0.111649,0.840765,37.459677,5159.619,25270.255,SIMULATO
REAL,SIEVE,C12,1,512,34108,7434,17358,6340,211,13652,0.185880,0.028383,0.786496,32.585484,5070.063,25270.255,SIMULATO
REAL,S3FIFO,C12,1,512,34108,7434,17358,6594,291,14193,0.193327,0.039144,0.817663,33.996774,5178.677,25270.255,SIMULATO
REAL,WTinyLFU,C12,1,512,34108,7434,17358,5855,192,13661,0.171661,0.025827,0.787015,31.787097,5729.719,25270.255,SIMULATO
REAL,LRU,C12,2,512,34032,7510,17358,7698,825,14645,0.226199,0.109854,0.843703,37.367742,5193.290,25161.021,SIMULATO
REAL,SIEVE,C12,2,512,34032,7510,17358,6242,172,13602,0.183416,0.022903,0.783616,32.283871,5186.677,25161.021,SIMULATO
REAL,S3FIFO,C12,2,512,34032,7510,17358,6616,288,14162,0.194405,0.038349,0.815877,33.977419,5200.560,25161.021,SIMULATO
REAL,WTinyLFU,C12,2,512,34032,7510,17358,5765,200,13645,0.169399,0.026631,0.786093,31.629032,5731.868,25161.021,SIMULATO
REAL,LRU,C12,3,512,34099,7443,17358,7622,818,14740,0.223526,0.109902,0.849176,37.387097,5158.176,25290.516,SIMULATO
REAL,SIEVE,C12,3,512,34099,7443,17358,6103,198,13660,0.178979,0.026602,0.786957,32.195161,5131.077,25290.516,SIMULATO
REAL,S3FIFO,C12,3,512,34099,7443,17358,6422,277,14222,0.188334,0.037216,0.819334,33.743548,5128.213,25290.516,SIMULATO
REAL,WTinyLFU,C12,3,512,34099,7443,17358,5737,169,13677,0.168245,0.022706,0.787936,31.585484,5722.542,25290.516,SIMULATO
REAL,LRU,C12,4,512,34157,7385,17358,7713,855,14699,0.225810,0.115775,0.846814,37.527419,5165.644,25239.210,SIMULATO
REAL,SIEVE,C12,4,512,34157,7385,17358,6319,218,13614,0.184999,0.029519,0.784307,32.501613,5160.063,25239.210,SIMULATO
REAL,S3FIFO,C12,4,512,34157,7385,17358,6580,302,14270,0.192640,0.040894,0.822099,34.116129,5106.440,25239.210,SIMULATO
REAL,WTinyLFU,C12,4,512,34157,7385,17358,5719,198,13733,0.167433,0.026811,0.791163,31.693548,5744.176,25239.210,SIMULATO
REAL,LRU,C12,5,512,34033,7509,17358,7671,826,14700,0.225399,0.110001,0.846872,37.414516,5145.239,25338.853,SIMULATO
REAL,SIEVE,C12,5,512,34033,7509,17358,6209,190,13684,0.182441,0.025303,0.788340,32.391935,5105.069,25338.853,SIMULATO
REAL,S3FIFO,C12,5,512,34033,7509,17358,6385,277,14267,0.187612,0.036889,0.821926,33.756452,5167.527,25338.853,SIMULATO
REAL,WTinyLFU,C12,5,512,34033,7509,17358,5659,157,13687,0.166280,0.020908,0.788513,31.456452,5750.395,25338.853,SIMULATO
REAL,LRU,C12,6,512,34315,7227,17358,7781,803,14684,0.226752,0.111111,0.845950,37.529032,5162.111,25282.108,SIMULATO
REAL,SIEVE,C12,6,512,34315,7227,17358,6247,183,13638,0.182049,0.025322,0.785690,32.367742,5156.055,25282.108,SIMULATO
REAL,S3FIFO,C12,6,512,34315,7227,17358,6583,278,14235,0.191840,0.038467,0.820083,34.025806,5173.829,25282.108,SIMULATO
REAL,WTinyLFU,C12,6,512,34315,7227,17358,5811,203,13724,0.169343,0.028089,0.790644,31.835484,5730.031,25282.108,SIMULATO
REAL,LRU,C12,7,512,34016,7526,17358,7669,847,14677,0.225453,0.112543,0.845547,37.408065,5171.153,25296.560,SIMULATO
REAL,SIEVE,C12,7,512,34016,7526,17358,6206,191,13632,0.182444,0.025379,0.785344,32.304839,5128.532,25296.560,SIMULATO
REAL,S3FIFO,C12,7,512,34016,7526,17358,6562,300,14214,0.192909,0.039862,0.818873,33.993548,5145.837,25296.560,SIMULATO
REAL,WTinyLFU,C12,7,512,34016,7526,17358,5718,200,13614,0.168097,0.026575,0.784307,31.503226,5819.174,25296.560,SIMULATO
REAL,LRU,C12,8,512,34120,7422,17358,7735,849,14637,0.226700,0.114390,0.843242,37.453226,5151.598,25333.008,SIMULATO
REAL,SIEVE,C12,8,512,34120,7422,17358,6199,200,13542,0.181682,0.026947,0.780159,32.162903,5209.516,25333.008,SIMULATO
REAL,S3FIFO,C12,8,512,34120,7422,17358,6514,289,14232,0.190914,0.038938,0.819910,33.927419,5153.235,25333.008,SIMULATO
REAL,WTinyLFU,C12,8,512,34120,7422,17358,5712,180,13604,0.167409,0.024252,0.783731,31.445161,5825.273,25333.008,SIMULATO
REAL,LRU,C12,9,512,34093,7449,17358,7689,851,14764,0.225530,0.114244,0.850559,37.587097,5152.831,25410.459,SIMULATO
REAL,SIEVE,C12,9,512,34093,7449,17358,6163,157,13642,0.180770,0.021077,0.785920,32.196774,5171.376,25410.459,SIMULATO
REAL,S3FIFO,C12,9,512,34093,7449,17358,6454,286,14259,0.189306,0.038394,0.821466,33.869355,5171.297,25410.459,SIMULATO
REAL,WTinyLFU,C12,9,512,34093,7449,17358,5667,160,13638,0.166222,0.021479,0.785690,31.395161,5797.108,25410.459,SIMULATO
REAL,LRU,C12,10,512,34070,7472,17358,7663,868,14763,0.224919,0.116167,0.850501,37.570968,5178.739,25249.982,SIMULATO
REAL,SIEVE,C12,10,512,34070,7472,17358,6170,184,13625,0.181098,0.024625,0.784941,32.224194,5154.760,25249.982,SIMULATO
REAL,S3FIFO,C12,10,512,34070,7472,17358,6462,291,14290,0.189668,0.038945,0.823252,33.940323,5173.445,25249.982,SIMULATO
REAL,WTinyLFU,C12,10,512,34070,7472,17358,5663,180,13694,0.166217,0.024090,0.788916,31.511290,5757.215,25249.982,SIMULATO
REAL,LRU,C12,11,512,34126,7416,17358,7662,833,14712,0.224521,0.112325,0.847563,37.430645,5171.776,25246.512,SIMULATO
REAL,SIEVE,C12,11,512,34126,7416,17358,6242,181,13669,0.182910,0.024407,0.787476,32.406452,5107.740,25246.512,SIMULATO
REAL,S3FIFO,C12,11,512,34126,7416,17358,6569,238,14219,0.192493,0.032093,0.819161,33.912903,5188.816,25246.512,SIMULATO
REAL,WTinyLFU,C12,11,512,34126,7416,17358,5723,183,13634,0.167702,0.024676,0.785459,31.516129,5791.094,25246.512,SIMULATO
REAL,LRU,C12,12,512,34129,7413,17358,7711,847,14758,0.225937,0.114259,0.850213,37.606452,5134.265,25431.326,SIMULATO
REAL,SIEVE,C12,12,512,34129,7413,17358,6215,181,13651,0.182103,0.024417,0.786439,32.333871,5201.026,25431.326,SIMULATO
REAL,S3FIFO,C12,12,512,34129,7413,17358,6572,295,14310,0.192564,0.039795,0.824404,34.156452,5150.987,25431.326,SIMULATO
REAL,WTinyLFU,C12,12,512,34129,7413,17358,5709,188,13621,0.167277,0.025361,0.784710,31.480645,5793.794,25431.326,SIMULATO
REAL,LRU,C12,13,512,34097,7445,17358,7533,832,14677,0.220929,0.111753,0.845547,37.164516,5149.629,25376.034,SIMULATO
REAL,SIEVE,C12,13,512,34097,7445,17358,6096,190,13642,0.178784,0.025520,0.785920,32.141935,5118.776,25376.034,SIMULATO
REAL,S3FIFO,C12,13,512,34097,7445,17358,6461,291,14234,0.189489,0.039087,0.820025,33.848387,5150.623,25376.034,SIMULATO
REAL,WTinyLFU,C12,13,512,34097,7445,17358,5691,172,13650,0.166906,0.023103,0.786381,31.472581,5745.694,25376.034,SIMULATO
REAL,LRU,C12,14,512,33975,7567,17358,7532,852,14646,0.221692,0.112594,0.843761,37.145161,5177.010,25192.578,SIMULATO
REAL,SIEVE,C12,14,512,33975,7567,17358,6058,167,13621,0.178308,0.022070,0.784710,32.009677,5151.261,25192.578,SIMULATO
REAL,S3FIFO,C12,14,512,33975,7567,17358,6353,275,14213,0.186990,0.036342,0.818816,33.614516,5186.944,25192.578,SIMULATO
REAL,WTinyLFU,C12,14,512,33975,7567,17358,5604,183,13614,0.164945,0.024184,0.784307,31.291935,5764.966,25192.578,SIMULATO
REAL,LRU,C12,15,512,34158,7384,17358,7698,838,14696,0.225364,0.113489,0.846641,37.470968,5153.795,25411.496,SIMULATO
REAL,SIEVE,C12,15,512,34158,7384,17358,6259,191,13637,0.183237,0.025867,0.785632,32.398387,5106.137,25411.496,SIMULATO
REAL,S3FIFO,C12,15,512,34158,7384,17358,6571,324,14251,0.192371,0.043879,0.821005,34.106452,5127.348,25411.496,SIMULATO
REAL,WTinyLFU,C12,15,512,34158,7384,17358,5737,176,13636,0.167955,0.023835,0.785574,31.530645,5761.548,25411.496,SIMULATO
REAL,LRU,C12,16,512,34043,7499,17358,7757,848,14654,0.227859,0.113082,0.844222,37.514516,5158.826,25190.253,SIMULATO
REAL,SIEVE,C12,16,512,34043,7499,17358,6297,195,13623,0.184972,0.026003,0.784825,32.443548,5149.602,25190.253,SIMULATO
REAL,S3FIFO,C12,16,512,34043,7499,17358,6600,312,14253,0.193872,0.041606,0.821120,34.137097,5138.261,25190.253,SIMULATO
REAL,WTinyLFU,C12,16,512,34043,7499,17358,5820,178,13682,0.170960,0.023736,0.788224,31.741935,5743.566,25190.253,SIMULATO
REAL,LRU,C12,17,512,33964,7578,17358,7799,850,14720,0.229625,0.112167,0.848024,37.691935,5133.244,25258.027,SIMULATO
REAL,SIEVE,C12,17,512,33964,7578,17358,6206,199,13715,0.182723,0.026260,0.790126,32.451613,5134.811,25258.027,SIMULATO
REAL,S3FIFO,C12,17,512,33964,7578,17358,6606,308,14327,0.194500,0.040644,0.825383,34.259677,5058.844,25258.027,SIMULATO
REAL,WTinyLFU,C12,17,512,33964,7578,17358,5747,179,13623,0.169209,0.023621,0.784825,31.530645,5814.695,25258.027,SIMULATO
REAL,LRU,C12,18,512,34103,7439,17358,7828,835,14643,0.229540,0.112246,0.843588,37.590323,5175.297,25166.971,SIMULATO
REAL,SIEVE,C12,18,512,34103,7439,17358,6215,200,13633,0.182242,0.026885,0.785402,32.335484,5194.218,25166.971,SIMULATO
REAL,S3FIFO,C12,18,512,34103,7439,17358,6609,288,14217,0.193795,0.038715,0.819046,34.054839,5164.029,25166.971,SIMULATO
REAL,WTinyLFU,C12,18,512,34103,7439,17358,5732,192,13620,0.168079,0.025810,0.784653,31.522581,5850.877,25166.971,SIMULATO
REAL,LRU,C12,19,512,34175,7367,17358,7747,876,14631,0.226686,0.118909,0.842897,37.506452,5127.177,25361.353,SIMULATO
REAL,SIEVE,C12,19,512,34175,7367,17358,6126,187,13598,0.179254,0.025383,0.783385,32.114516,5227.655,25361.353,SIMULATO
REAL,S3FIFO,C12,19,512,34175,7367,17358,6475,279,14240,0.189466,0.037872,0.820371,33.861290,5125.869,25361.353,SIMULATO
REAL,WTinyLFU,C12,19,512,34175,7367,17358,5682,235,13614,0.166262,0.031899,0.784307,31.501613,5808.984,25361.353,SIMULATO
REAL,LRU,C12,20,512,34067,7475,17358,7647,825,14623,0.224469,0.110368,0.842436,37.250000,5179.045,25377.818,SIMULATO
REAL,SIEVE,C12,20,512,34067,7475,17358,6118,186,13589,0.179587,0.024883,0.782867,32.085484,5227.398,25377.818,SIMULATO
REAL,S3FIFO,C12,20,512,34067,7475,17358,6470,317,14196,0.189920,0.042408,0.817836,33.843548,5206.542,25377.818,SIMULATO
REAL,WTinyLFU,C12,20,512,34067,7475,17358,5675,215,13609,0.166583,0.028763,0.784019,31.450000,5839.005,25377.818,SIMULATO
REAL,LRU,C36,1,512,34249,22171,17360,7687,715,14529,0.224445,0.032249,0.836924,36.985484,5167.581,25123.061,SIMULATO
REAL,SIEVE,C36,1,512,34249,22171,17360,6249,25,13578,0.182458,0.001128,0.782143,32.019355,5169.847,25123.061,SIMULATO
REAL,S3FIFO,C36,1,512,34249,22171,17360,6499,56,14175,0.189757,0.002526,0.816532,33.435484,5159.803,25123.061,SIMULATO
REAL,WTinyLFU,C36,1,512,34249,22171,17360,5857,37,13759,0.171012,0.001669,0.792569,31.698387,5752.239,25123.061,SIMULATO
REAL,LRU,C36,2,512,34142,22278,17360,7584,708,14605,0.222131,0.031780,0.841302,36.930645,5164.468,24967.774,SIMULATO
REAL,SIEVE,C36,2,512,34142,22278,17360,6140,17,13579,0.179837,0.000763,0.782200,31.832258,5152.924,24967.774,SIMULATO
REAL,S3FIFO,C36,2,512,34142,22278,17360,6359,57,14147,0.186252,0.002559,0.814919,33.166129,5172.174,24967.774,SIMULATO
REAL,WTinyLFU,C36,2,512,34142,22278,17360,5786,23,13836,0.169469,0.001032,0.797005,31.685484,5724.289,24967.774,SIMULATO
REAL,LRU,C36,3,512,34244,22176,17360,7685,717,14567,0.224419,0.032332,0.839113,37.046774,5174.734,25047.427,SIMULATO
REAL,SIEVE,C36,3,512,34244,22176,17360,6229,26,13565,0.181900,0.001172,0.781394,31.967742,5125.889,25047.427,SIMULATO
REAL,S3FIFO,C36,3,512,34244,22176,17360,6395,56,14149,0.186748,0.002525,0.815035,33.225806,5148.400,25047.427,SIMULATO
REAL,WTinyLFU,C36,3,512,34244,22176,17360,5828,33,13846,0.170190,0.001488,0.797581,31.785484,5798.539,25047.427,SIMULATO
REAL,LRU,C36,4,512,34001,22419,17360,7604,710,14561,0.223640,0.031670,0.838767,36.895161,5176.926,24970.760,SIMULATO
REAL,SIEVE,C36,4,512,34001,22419,17360,6157,22,13608,0.181083,0.000981,0.783871,31.914516,5146.844,24970.760,SIMULATO
REAL,S3FIFO,C36,4,512,34001,22419,17360,6399,41,14177,0.188200,0.001829,0.816647,33.253226,5179.195,24970.760,SIMULATO
REAL,WTinyLFU,C36,4,512,34001,22419,17360,5846,23,13849,0.171936,0.001026,0.797753,31.803226,5728.390,24970.760,SIMULATO
REAL,LRU,C36,5,512,34025,22395,17360,7614,748,14541,0.223777,0.033400,0.837615,36.940323,5107.308,25267.623,SIMULATO
REAL,SIEVE,C36,5,512,34025,22395,17360,6114,25,13597,0.179691,0.001116,0.783237,31.832258,5112.937,25267.623,SIMULATO
REAL,S3FIFO,C36,5,512,34025,22395,17360,6339,45,14142,0.186304,0.002009,0.814631,33.106452,5108.673,25267.623,SIMULATO
REAL,WTinyLFU,C36,5,512,34025,22395,17360,5801,22,13859,0.170492,0.000982,0.798329,31.745161,5687.227,25267.623,SIMULATO
REAL,LRU,C36,6,512,33987,22433,17360,7809,748,14567,0.229764,0.033344,0.839113,37.296774,5143.077,25085.749,SIMULATO
REAL,SIEVE,C36,6,512,33987,22433,17360,6297,21,13616,0.185277,0.000936,0.784332,32.151613,5036.521,25085.749,SIMULATO
REAL,S3FIFO,C36,6,512,33987,22433,17360,6552,52,14154,0.192780,0.002318,0.815323,33.480645,5119.019,25085.749,SIMULATO
REAL,WTinyLFU,C36,6,512,33987,22433,17360,5944,18,13829,0.174890,0.000802,0.796601,31.920968,5690.698,25085.749,SIMULATO
REAL,LRU,C36,7,512,34151,22269,17360,7675,727,14575,0.224737,0.032646,0.839574,37.059677,5177.818,24961.768,SIMULATO
REAL,SIEVE,C36,7,512,34151,22269,17360,6212,26,13596,0.181898,0.001168,0.783180,31.990323,5214.329,24961.768,SIMULATO
REAL,S3FIFO,C36,7,512,34151,22269,17360,6468,45,14157,0.189394,0.002021,0.815495,33.338710,5169.297,24961.768,SIMULATO
REAL,WTinyLFU,C36,7,512,34151,22269,17360,5827,26,13838,0.170625,0.001168,0.797120,31.759677,5768.165,24961.768,SIMULATO
REAL,LRU,C36,8,512,34003,22417,17360,7492,686,14531,0.220333,0.030602,0.837039,36.627419,5212.890,24981.913,SIMULATO
REAL,SIEVE,C36,8,512,34003,22417,17360,6062,19,13570,0.178278,0.000848,0.781682,31.695161,5215.744,24981.913,SIMULATO
REAL,S3FIFO,C36,8,512,34003,22417,17360,6278,57,14086,0.184631,0.002543,0.811406,32.937097,5241.494,24981.913,SIMULATO
REAL,WTinyLFU,C36,8,512,34003,22417,17360,5768,24,13829,0.169632,0.001071,0.796601,31.646774,5765.495,24981.913,SIMULATO
REAL,LRU,C36,9,512,34118,22302,17360,7699,711,14602,0.225658,0.031881,0.841129,37.116129,5132.344,25178.315,SIMULATO
REAL,SIEVE,C36,9,512,34118,22302,17360,6233,20,13613,0.182689,0.000897,0.784159,32.041935,5136.227,25178.315,SIMULATO
REAL,S3FIFO,C36,9,512,34118,22302,17360,6434,44,14193,0.188581,0.001973,0.817569,33.340323,5154.831,25178.315,SIMULATO
REAL,WTinyLFU,C36,9,512,34118,22302,17360,5929,27,13812,0.173779,0.001211,0.795622,31.883871,5728.837,25178.315,SIMULATO
REAL,LRU,C36,10,512,33934,22486,17360,7715,741,14593,0.227353,0.032954,0.840611,37.175806,5141.663,25171.420,SIMULATO
REAL,SIEVE,C36,10,512,33934,22486,17360,6261,16,13654,0.184505,0.000712,0.786521,32.146774,5155.998,25171.420,SIMULATO
REAL,S3FIFO,C36,10,512,33934,22486,17360,6419,58,14175,0.189161,0.002579,0.816532,33.309677,5163.652,25171.420,SIMULATO
REAL,WTinyLFU,C36,10,512,33934,22486,17360,5792,21,13839,0.170684,0.000934,0.797177,31.696774,5766.279,25171.420,SIMULATO
REAL,LRU,C36,11,512,34132,22288,17360,7610,680,14503,0.222958,0.030510,0.835426,36.762903,5157.684,25151.814,SIMULATO
REAL,SIEVE,C36,11,512,34132,22288,17360,6184,29,13579,0.181179,0.001301,0.782200,31.922581,5139.785,25151.814,SIMULATO
REAL,S3FIFO,C36,11,512,34132,22288,17360,6409,57,14133,0.187771,0.002557,0.814113,33.224194,5154.105,25151.814,SIMULATO
REAL,WTinyLFU,C36,11,512,34132,22288,17360,5896,31,13805,0.172741,0.001391,0.795219,31.825806,5752.819,25151.814,SIMULATO
REAL,LRU,C36,12,512,34125,22295,17360,7708,692,14525,0.225875,0.031038,0.836694,36.975806,5171.698,25080.352,SIMULATO
REAL,SIEVE,C36,12,512,34125,22295,17360,6277,18,13585,0.183941,0.000807,0.782546,32.064516,5174.644,25080.352,SIMULATO
REAL,S3FIFO,C36,12,512,34125,22295,17360,6404,47,14094,0.187663,0.002108,0.811866,33.137097,5201.115,25080.352,SIMULATO
REAL,WTinyLFU,C36,12,512,34125,22295,17360,6002,11,13921,0.175883,0.000493,0.801901,32.151613,5657.789,25080.352,SIMULATO
REAL,LRU,C36,13,512,34020,22400,17360,7685,707,14569,0.225897,0.031563,0.839228,37.033871,5157.771,25011.681,SIMULATO
REAL,SIEVE,C36,13,512,34020,22400,17360,6223,29,13591,0.182922,0.001295,0.782892,32.004839,5182.124,25011.681,SIMULATO
REAL,S3FIFO,C36,13,512,34020,22400,17360,6428,46,14203,0.188948,0.002054,0.818145,33.350000,5098.423,25011.681,SIMULATO
REAL,WTinyLFU,C36,13,512,34020,22400,17360,5836,28,13858,0.171546,0.001250,0.798272,31.809677,5709.455,25011.681,SIMULATO
REAL,LRU,C36,14,512,34179,22241,17360,7677,709,14553,0.224612,0.031878,0.838306,36.998387,5159.487,25045.622,SIMULATO
REAL,SIEVE,C36,14,512,34179,22241,17360,6218,25,13613,0.181925,0.001124,0.784159,32.025806,5162.092,25045.622,SIMULATO
REAL,S3FIFO,C36,14,512,34179,22241,17360,6476,50,14187,0.189473,0.002248,0.817224,33.408065,5085.360,25045.622,SIMULATO
REAL,WTinyLFU,C36,14,512,34179,22241,17360,5973,32,13884,0.174756,0.001439,0.799770,32.079032,5731.176,25045.622,SIMULATO
REAL,LRU,C36,15,512,33948,22472,17360,7597,695,14587,0.223783,0.030927,0.840265,36.901613,5168.332,25073.283,SIMULATO
REAL,SIEVE,C36,15,512,33948,22472,17360,6156,19,13627,0.181336,0.000845,0.784965,31.938710,5157.034,25073.283,SIMULATO
REAL,S3FIFO,C36,15,512,33948,22472,17360,6400,53,14179,0.188524,0.002358,0.816763,33.277419,5109.332,25073.283,SIMULATO
REAL,WTinyLFU,C36,15,512,33948,22472,17360,5823,21,13881,0.171527,0.000934,0.799597,31.814516,5728.860,25073.283,SIMULATO
REAL,LRU,C36,16,512,34146,22274,17360,7584,701,14535,0.222105,0.031472,0.837270,36.806452,5188.323,24922.156,SIMULATO
REAL,SIEVE,C36,16,512,34146,22274,17360,6217,14,13585,0.182071,0.000629,0.782546,31.961290,5199.350,24922.156,SIMULATO
REAL,S3FIFO,C36,16,512,34146,22274,17360,6553,33,14168,0.191911,0.001482,0.816129,33.474194,5115.150,24922.156,SIMULATO
REAL,WTinyLFU,C36,16,512,34146,22274,17360,5926,33,13830,0.173549,0.001482,0.796659,31.917742,5769.394,24922.156,SIMULATO
REAL,LRU,C36,17,512,34136,22284,17360,7539,723,14582,0.220852,0.032445,0.839977,36.845161,5169.376,25166.644,SIMULATO
REAL,SIEVE,C36,17,512,34136,22284,17360,6084,32,13592,0.178228,0.001436,0.782949,31.787097,5176.752,25166.644,SIMULATO
REAL,S3FIFO,C36,17,512,34136,22284,17360,6341,53,14151,0.185757,0.002378,0.815150,33.137097,5211.832,25166.644,SIMULATO
REAL,WTinyLFU,C36,17,512,34136,22284,17360,5862,24,13904,0.171725,0.001077,0.800922,31.919355,5739.448,25166.644,SIMULATO
REAL,LRU,C36,18,512,33949,22471,17360,7653,715,14673,0.225426,0.031819,0.845219,37.162903,5188.379,24939.093,SIMULATO
REAL,SIEVE,C36,18,512,33949,22471,17360,6129,24,13578,0.180536,0.001068,0.782143,31.824194,5227.906,24939.093,SIMULATO
REAL,S3FIFO,C36,18,512,33949,22471,17360,6372,43,14176,0.187693,0.001914,0.816590,33.211290,5206.963,24939.093,SIMULATO
REAL,WTinyLFU,C36,18,512,33949,22471,17360,5808,27,13860,0.171080,0.001202,0.798387,31.766129,5763.561,24939.093,SIMULATO
REAL,LRU,C36,19,512,33859,22561,17360,7752,713,14568,0.228949,0.031603,0.839171,37.150000,5180.721,25015.640,SIMULATO
REAL,SIEVE,C36,19,512,33859,22561,17360,6217,24,13578,0.183614,0.001064,0.782143,31.966129,5148.047,25015.640,SIMULATO
REAL,S3FIFO,C36,19,512,33859,22561,17360,6401,49,14095,0.189049,0.002172,0.811924,33.137097,5178.805,25015.640,SIMULATO
REAL,WTinyLFU,C36,19,512,33859,22561,17360,5878,23,13858,0.173602,0.001019,0.798272,31.869355,5706.460,25015.640,SIMULATO
REAL,LRU,C36,20,512,34163,22257,17360,7734,728,14549,0.226385,0.032709,0.838076,37.114516,5167.313,25059.473,SIMULATO
REAL,SIEVE,C36,20,512,34163,22257,17360,6135,17,13548,0.179580,0.000764,0.780415,31.774194,5200.439,25059.473,SIMULATO
REAL,S3FIFO,C36,20,512,34163,22257,17360,6442,49,14120,0.188567,0.002202,0.813364,33.243548,5178.650,25059.473,SIMULATO
REAL,WTinyLFU,C36,20,512,34163,22257,17360,5798,22,13838,0.169716,0.000988,0.797120,31.706452,5806.589,25059.473,SIMULATO
REAL,LRU,P0,1,512,34103,0,17357,7775,0,14896,0.227986,nan,0.858213,36.566129,5151.777,25444.454,SIMULATO
REAL,SIEVE,P0,1,512,34103,0,17357,6337,0,13925,0.185819,nan,0.802270,32.680645,5080.244,25444.454,SIMULATO
REAL,S3FIFO,P0,1,512,34103,0,17357,6725,0,14557,0.197197,nan,0.838682,34.325806,5142.981,25444.454,SIMULATO
REAL,WTinyLFU,P0,1,512,34103,0,17357,5739,0,13680,0.168284,nan,0.788155,31.320968,5800.916,25444.454,SIMULATO
REAL,LRU,P0,2,512,34103,0,17357,7639,0,14896,0.223998,nan,0.858213,36.346774,5152.115,25596.869,SIMULATO
REAL,SIEVE,P0,2,512,34103,0,17357,6051,0,13899,0.177433,nan,0.800772,32.177419,5188.258,25596.869,SIMULATO
REAL,S3FIFO,P0,2,512,34103,0,17357,6599,0,14519,0.193502,nan,0.836492,34.061290,5176.965,25596.869,SIMULATO
REAL,WTinyLFU,P0,2,512,34103,0,17357,5599,0,13755,0.164179,nan,0.792476,31.216129,5813.484,25596.869,SIMULATO
REAL,LRU,P0,3,512,34103,0,17357,7824,0,14890,0.229423,nan,0.857867,36.635484,5150.935,25560.556,SIMULATO
REAL,SIEVE,P0,3,512,34103,0,17357,6329,0,13905,0.185585,nan,0.801118,32.635484,5147.268,25560.556,SIMULATO
REAL,S3FIFO,P0,3,512,34103,0,17357,6865,0,14581,0.201302,nan,0.840065,34.590323,5117.753,25560.556,SIMULATO
REAL,WTinyLFU,P0,3,512,34103,0,17357,5726,0,13648,0.167903,nan,0.786311,31.248387,5851.931,25560.556,SIMULATO
REAL,LRU,P0,4,512,34103,0,17357,7643,0,14902,0.224115,nan,0.858559,36.362903,5165.984,25415.406,SIMULATO
REAL,SIEVE,P0,4,512,34103,0,17357,6124,0,13863,0.179574,nan,0.798698,32.237097,5161.397,25415.406,SIMULATO
REAL,S3FIFO,P0,4,512,34103,0,17357,6661,0,14503,0.195320,nan,0.835571,34.135484,5131.208,25415.406,SIMULATO
REAL,WTinyLFU,P0,4,512,34103,0,17357,5577,0,13695,0.163534,nan,0.789019,31.083871,5858.148,25415.406,SIMULATO
REAL,LRU,P0,5,512,34103,0,17357,7506,0,14870,0.220098,nan,0.856715,36.090323,5166.242,25349.342,SIMULATO
REAL,SIEVE,P0,5,512,34103,0,17357,6053,0,13828,0.177492,nan,0.796681,32.066129,5143.423,25349.342,SIMULATO
REAL,S3FIFO,P0,5,512,34103,0,17357,6473,0,14450,0.189807,nan,0.832517,33.746774,5196.263,25349.342,SIMULATO
REAL,WTinyLFU,P0,5,512,34103,0,17357,5600,0,13708,0.164208,nan,0.789768,31.141935,5819.197,25349.342,SIMULATO
REAL,LRU,P0,6,512,34103,0,17357,7686,0,14895,0.225376,nan,0.858155,36.420968,5185.497,25413.604,SIMULATO
REAL,SIEVE,P0,6,512,34103,0,17357,6254,0,13894,0.183386,nan,0.800484,32.496774,5114.469,25413.604,SIMULATO
REAL,S3FIFO,P0,6,512,34103,0,17357,6620,0,14525,0.194118,nan,0.836838,34.104839,5212.674,25413.604,SIMULATO
REAL,WTinyLFU,P0,6,512,34103,0,17357,5734,0,13730,0.168138,nan,0.791035,31.393548,5822.521,25413.604,SIMULATO
REAL,LRU,P0,7,512,34103,0,17357,7698,0,14810,0.225728,nan,0.853258,36.303226,5178.581,25396.261,SIMULATO
REAL,SIEVE,P0,7,512,34103,0,17357,6222,0,13912,0.182447,nan,0.801521,32.474194,5138.629,25396.261,SIMULATO
REAL,S3FIFO,P0,7,512,34103,0,17357,6626,0,14530,0.194294,nan,0.837126,34.122581,5156.203,25396.261,SIMULATO
REAL,WTinyLFU,P0,7,512,34103,0,17357,5741,0,13674,0.168343,nan,0.787809,31.314516,5850.452,25396.261,SIMULATO
REAL,LRU,P0,8,512,34103,0,17357,7773,0,14918,0.227927,nan,0.859480,36.598387,5184.234,25438.052,SIMULATO
REAL,SIEVE,P0,8,512,34103,0,17357,6334,0,13881,0.185731,nan,0.799735,32.604839,5131.011,25438.052,SIMULATO
REAL,S3FIFO,P0,8,512,34103,0,17357,6789,0,14507,0.199073,nan,0.835801,34.348387,5131.694,25438.052,SIMULATO
REAL,WTinyLFU,P0,8,512,34103,0,17357,5796,0,13656,0.169956,nan,0.786772,31.374194,5851.977,25438.052,SIMULATO
REAL,LRU,P0,9,512,34103,0,17357,7733,0,14919,0.226754,nan,0.859538,36.535484,5163.915,25463.402,SIMULATO
REAL,SIEVE,P0,9,512,34103,0,17357,6206,0,13870,0.181978,nan,0.799101,32.380645,5193.471,25463.402,SIMULATO
REAL,S3FIFO,P0,9,512,34103,0,17357,6713,0,14503,0.196845,nan,0.835571,34.219355,5132.610,25463.402,SIMULATO
REAL,WTinyLFU,P0,9,512,34103,0,17357,5750,0,13667,0.168607,nan,0.787406,31.317742,5872.944,25463.402,SIMULATO
REAL,LRU,P0,10,512,34103,0,17357,7644,0,14874,0.224145,nan,0.856945,36.319355,5170.006,25474.482,SIMULATO
REAL,SIEVE,P0,10,512,34103,0,17357,6166,0,13839,0.180805,nan,0.797315,32.266129,5174.345,25474.482,SIMULATO
REAL,S3FIFO,P0,10,512,34103,0,17357,6613,0,14533,0.193913,nan,0.837299,34.106452,5170.661,25474.482,SIMULATO
REAL,WTinyLFU,P0,10,512,34103,0,17357,5700,0,13710,0.167141,nan,0.789883,31.306452,5808.074,25474.482,SIMULATO
REAL,LRU,P0,11,512,34103,0,17357,7723,0,14897,0.226461,nan,0.858270,36.483871,5175.318,25385.921,SIMULATO
REAL,SIEVE,P0,11,512,34103,0,17357,6132,0,13874,0.179808,nan,0.799332,32.267742,5188.453,25385.921,SIMULATO
REAL,S3FIFO,P0,11,512,34103,0,17357,6709,0,14526,0.196728,nan,0.836896,34.250000,5159.752,25385.921,SIMULATO
REAL,WTinyLFU,P0,11,512,34103,0,17357,5667,0,13681,0.166173,nan,0.788212,31.206452,5842.032,25385.921,SIMULATO
REAL,LRU,P0,12,512,34103,0,17357,7761,0,14936,0.227575,nan,0.860517,36.608065,5178.684,25396.264,SIMULATO
REAL,SIEVE,P0,12,512,34103,0,17357,6222,0,13875,0.182447,nan,0.799389,32.414516,5216.842,25396.264,SIMULATO
REAL,S3FIFO,P0,12,512,34103,0,17357,6758,0,14508,0.198164,nan,0.835859,34.300000,5168.068,25396.264,SIMULATO
REAL,WTinyLFU,P0,12,512,34103,0,17357,5784,0,13707,0.169604,nan,0.789710,31.437097,5826.205,25396.264,SIMULATO
REAL,LRU,P0,13,512,34103,0,17357,7764,0,14888,0.227663,nan,0.857752,36.535484,5140.089,25387.701,SIMULATO
REAL,SIEVE,P0,13,512,34103,0,17357,6200,0,13930,0.181802,nan,0.802558,32.467742,5145.508,25387.701,SIMULATO
REAL,S3FIFO,P0,13,512,34103,0,17357,6781,0,14577,0.198839,nan,0.839834,34.448387,5062.734,25387.701,SIMULATO
REAL,WTinyLFU,P0,13,512,34103,0,17357,5742,0,13699,0.168372,nan,0.789249,31.356452,5792.523,25387.701,SIMULATO
REAL,LRU,P0,14,512,34103,0,17357,7611,0,14900,0.223177,nan,0.858443,36.308065,5173.024,25484.312,SIMULATO
REAL,SIEVE,P0,14,512,34103,0,17357,6273,0,13942,0.183943,nan,0.803249,32.604839,5085.927,25484.312,SIMULATO
REAL,S3FIFO,P0,14,512,34103,0,17357,6618,0,14474,0.194059,nan,0.833900,34.019355,5160.179,25484.312,SIMULATO
REAL,WTinyLFU,P0,14,512,34103,0,17357,5537,0,13720,0.162361,nan,0.790459,31.059677,5817.766,25484.312,SIMULATO
REAL,LRU,P0,15,512,34103,0,17357,7685,0,14921,0.225347,nan,0.859653,36.461290,5117.695,25736.633,SIMULATO
REAL,SIEVE,P0,15,512,34103,0,17357,6172,0,13896,0.180981,nan,0.800599,32.367742,5119.231,25736.633,SIMULATO
REAL,S3FIFO,P0,15,512,34103,0,17357,6682,0,14571,0.195936,nan,0.839488,34.279032,5104.558,25736.633,SIMULATO
REAL,WTinyLFU,P0,15,512,34103,0,17357,5674,0,13693,0.166378,nan,0.788904,31.237097,5812.213,25736.633,SIMULATO
REAL,LRU,P0,16,512,34103,0,17357,7994,0,14871,0.234408,nan,0.856772,36.879032,5129.948,25597.813,SIMULATO
REAL,SIEVE,P0,16,512,34103,0,17357,6457,0,13828,0.189338,nan,0.796681,32.717742,5139.116,25597.813,SIMULATO
REAL,S3FIFO,P0,16,512,34103,0,17357,6987,0,14524,0.204879,nan,0.836781,34.695161,5110.139,25597.813,SIMULATO
REAL,WTinyLFU,P0,16,512,34103,0,17357,5894,0,13746,0.172829,nan,0.791957,31.677419,5840.326,25597.813,SIMULATO
REAL,LRU,P0,17,512,34103,0,17357,7613,0,14955,0.223235,nan,0.861612,36.400000,5150.366,25501.183,SIMULATO
REAL,SIEVE,P0,17,512,34103,0,17357,6125,0,13845,0.179603,nan,0.797661,32.209677,5139.539,25501.183,SIMULATO
REAL,S3FIFO,P0,17,512,34103,0,17357,6545,0,14537,0.191919,nan,0.837530,34.003226,5153.390,25501.183,SIMULATO
REAL,WTinyLFU,P0,17,512,34103,0,17357,5598,0,13688,0.164150,nan,0.788616,31.106452,5854.971,25501.183,SIMULATO
REAL,LRU,P0,18,512,34103,0,17357,7612,0,14932,0.223206,nan,0.860287,36.361290,5174.242,25397.267,SIMULATO
REAL,SIEVE,P0,18,512,34103,0,17357,6177,0,13908,0.181128,nan,0.801291,32.395161,5129.377,25397.267,SIMULATO
REAL,S3FIFO,P0,18,512,34103,0,17357,6622,0,14541,0.194176,nan,0.837760,34.133871,5131.026,25397.267,SIMULATO
REAL,WTinyLFU,P0,18,512,34103,0,17357,5680,0,13738,0.166554,nan,0.791496,31.319355,5830.998,25397.267,SIMULATO
REAL,LRU,P0,19,512,34103,0,17357,7739,0,14890,0.226930,nan,0.857867,36.498387,5164.287,25404.462,SIMULATO
REAL,SIEVE,P0,19,512,34103,0,17357,6195,0,13856,0.181656,nan,0.798295,32.340323,5192.074,25404.462,SIMULATO
REAL,S3FIFO,P0,19,512,34103,0,17357,6801,0,14550,0.199425,nan,0.838279,34.437097,5152.963,25404.462,SIMULATO
REAL,WTinyLFU,P0,19,512,34103,0,17357,5807,0,13712,0.170278,nan,0.789998,31.482258,5838.245,25404.462,SIMULATO
REAL,LRU,P0,20,512,34103,0,17357,7755,0,14883,0.227399,nan,0.857464,36.512903,5174.216,25378.663,SIMULATO
REAL,SIEVE,P0,20,512,34103,0,17357,6323,0,13932,0.185409,nan,0.802673,32.669355,5128.498,25378.663,SIMULATO
REAL,S3FIFO,P0,20,512,34103,0,17357,6755,0,14529,0.198076,nan,0.837069,34.329032,5185.490,25378.663,SIMULATO
REAL,WTinyLFU,P0,20,512,34103,0,17357,5834,0,13731,0.171070,nan,0.791093,31.556452,5800.782,25378.663,SIMULATO
REAL,LRU,S12_006,1,512,34108,7434,17358,8025,2522,14360,0.235282,0.339252,0.827284,40.172581,5197.484,25065.694,SIMULATO
REAL,SIEVE,S12_006,1,512,34108,7434,17358,6624,1612,13257,0.194207,0.216842,0.763740,34.666129,5116.397,25065.694,SIMULATO
REAL,S3FIFO,S12_006,1,512,34108,7434,17358,6688,1721,13994,0.196083,0.231504,0.806199,36.133871,5252.966,25065.694,SIMULATO
REAL,WTinyLFU,S12_006,1,512,34108,7434,17358,6145,1563,13383,0.180163,0.210250,0.770999,34.017742,5813.242,25065.694,SIMULATO
REAL,LRU,S12_006,2,512,34032,7510,17358,7946,2457,14379,0.233486,0.327164,0.828379,39.970968,5228.510,24999.233,SIMULATO
REAL,SIEVE,S12_006,2,512,34032,7510,17358,6529,1551,13176,0.191849,0.206525,0.759074,34.283871,5231.866,24999.233,SIMULATO
REAL,S3FIFO,S12_006,2,512,34032,7510,17358,6796,1741,13930,0.199694,0.231824,0.802512,36.237097,5246.360,24999.233,SIMULATO
REAL,WTinyLFU,S12_006,2,512,34032,7510,17358,6020,1630,13326,0.176892,0.217044,0.767715,33.832258,5777.584,24999.233,SIMULATO
REAL,LRU,S12_006,3,512,34099,7443,17358,7926,2475,14503,0.232441,0.332527,0.835523,40.167742,5185.760,25116.547,SIMULATO
REAL,SIEVE,S12_006,3,512,34099,7443,17358,6388,1553,13228,0.187337,0.208652,0.762069,34.143548,5204.447,25116.547,SIMULATO
REAL,S3FIFO,S12_006,3,512,34099,7443,17358,6561,1757,14073,0.192410,0.236061,0.810750,36.114516,5187.082,25116.547,SIMULATO
REAL,WTinyLFU,S12_006,3,512,34099,7443,17358,5947,1516,13463,0.174404,0.203681,0.775608,33.751613,5768.587,25116.547,SIMULATO
REAL,LRU,S12_006,4,512,34157,7385,17358,7971,2406,14486,0.233364,0.325796,0.834543,40.101613,5198.589,25106.887,SIMULATO
REAL,SIEVE,S12_006,4,512,34157,7385,17358,6564,1480,13189,0.192171,0.200406,0.759823,34.246774,5271.426,25106.887,SIMULATO
REAL,S3FIFO,S12_006,4,512,34157,7385,17358,6753,1687,14068,0.197705,0.228436,0.810462,36.303226,5170.403,25106.887,SIMULATO
REAL,WTinyLFU,S12_006,4,512,34157,7385,17358,5980,1486,13361,0.175074,0.201219,0.769732,33.591935,5840.076,25106.887,SIMULATO
REAL,LRU,S12_006,5,512,34033,7509,17358,7975,2485,14440,0.234331,0.330936,0.831893,40.161290,5168.963,25232.552,SIMULATO
REAL,SIEVE,S12_006,5,512,34033,7509,17358,6536,1532,13283,0.192049,0.204022,0.765238,34.437097,5160.626,25232.552,SIMULATO
REAL,S3FIFO,S12_006,5,512,34033,7509,17358,6599,1726,14088,0.193900,0.229858,0.811614,36.150000,5209.931,25232.552,SIMULATO
REAL,WTinyLFU,S12_006,5,512,34033,7509,17358,5934,1483,13375,0.174360,0.197496,0.770538,33.535484,5855.089,25232.552,SIMULATO
REAL,LRU,S12_006,6,512,34315,7227,17358,8008,2444,14458,0.233367,0.338176,0.832930,40.177419,5192.981,25152.876,SIMULATO
REAL,SIEVE,S12_006,6,512,34315,7227,17358,6581,1521,13276,0.191782,0.210461,0.764835,34.480645,5198.635,25152.876,SIMULATO
REAL,S3FIFO,S12_006,6,512,34315,7227,17358,6731,1698,14024,0.196153,0.234952,0.807927,36.214516,5230.215,25152.876,SIMULATO
REAL,WTinyLFU,S12_006,6,512,34315,7227,17358,6107,1475,13454,0.177969,0.204096,0.775089,33.929032,5740.319,25152.876,SIMULATO
REAL,LRU,S12_006,7,512,34016,7526,17358,7843,2442,14408,0.230568,0.324475,0.830050,39.827419,5218.776,25087.215,SIMULATO
REAL,SIEVE,S12_006,7,512,34016,7526,17358,6534,1566,13217,0.192086,0.208079,0.761436,34.382258,5176.144,25087.215,SIMULATO
REAL,S3FIFO,S12_006,7,512,34016,7526,17358,6710,1710,13965,0.197260,0.227212,0.804528,36.104839,5223.781,25087.215,SIMULATO
REAL,WTinyLFU,S12_006,7,512,34016,7526,17358,5944,1427,13386,0.174741,0.189609,0.771172,33.479032,5860.502,25087.215,SIMULATO
REAL,LRU,S12_006,8,512,34120,7422,17358,7991,2445,14393,0.234203,0.329426,0.829185,40.046774,5176.673,25179.416,SIMULATO
REAL,SIEVE,S12_006,8,512,34120,7422,17358,6511,1539,13152,0.190826,0.207357,0.757691,34.196774,5233.877,25179.416,SIMULATO
REAL,S3FIFO,S12_006,8,512,34120,7422,17358,6735,1646,14037,0.197392,0.221773,0.808676,36.158065,5149.405,25179.416,SIMULATO
REAL,WTinyLFU,S12_006,8,512,34120,7422,17358,5976,1403,13340,0.175147,0.189033,0.768522,33.417742,5824.265,25179.416,SIMULATO
REAL,LRU,S12_006,9,512,34093,7449,17358,7886,2440,14514,0.231308,0.327561,0.836156,40.064516,5179.674,25204.926,SIMULATO
REAL,SIEVE,S12_006,9,512,34093,7449,17358,6362,1537,13246,0.186607,0.206336,0.763106,34.104839,5251.508,25204.926,SIMULATO
REAL,S3FIFO,S12_006,9,512,34093,7449,17358,6610,1753,14084,0.193881,0.235334,0.811384,36.204839,5193.692,25204.926,SIMULATO
REAL,WTinyLFU,S12_006,9,512,34093,7449,17358,5916,1517,13368,0.173525,0.203651,0.770135,33.550000,5853.018,25204.926,SIMULATO
REAL,LRU,S12_006,10,512,34070,7472,17358,7939,2527,14540,0.233020,0.338196,0.837654,40.332258,5210.519,25084.870,SIMULATO
REAL,SIEVE,S12_006,10,512,34070,7472,17358,6551,1588,13256,0.192281,0.212527,0.763682,34.508065,5150.160,25084.870,SIMULATO
REAL,S3FIFO,S12_006,10,512,34070,7472,17358,6599,1757,14058,0.193689,0.235145,0.809886,36.151613,5202.176,25084.870,SIMULATO
REAL,WTinyLFU,S12_006,10,512,34070,7472,17358,5970,1571,13436,0.175227,0.210252,0.774052,33.833871,5778.810,25084.870,SIMULATO
REAL,LRU,S12_006,11,512,34126,7416,17358,7950,2511,14454,0.232960,0.338592,0.832700,40.185484,5197.024,25108.889,SIMULATO
REAL,SIEVE,S12_006,11,512,34126,7416,17358,6585,1540,13269,0.192961,0.207659,0.764431,34.506452,5161.635,25108.889,SIMULATO
REAL,S3FIFO,S12_006,11,512,34126,7416,17358,6788,1736,14045,0.198910,0.234088,0.809137,36.401613,5199.398,25108.889,SIMULATO
REAL,WTinyLFU,S12_006,11,512,34126,7416,17358,6031,1541,13375,0.176727,0.207794,0.770538,33.785484,5822.418,25108.889,SIMULATO
REAL,LRU,S12_006,12,512,34129,7413,17358,7964,2500,14536,0.233350,0.337245,0.837424,40.322581,5172.371,25259.534,SIMULATO
REAL,SIEVE,S12_006,12,512,34129,7413,17358,6436,1590,13217,0.188579,0.214488,0.761436,34.262903,5286.152,25259.534,SIMULATO
REAL,S3FIFO,S12_006,12,512,34129,7413,17358,6675,1765,14120,0.195581,0.238095,0.813458,36.387097,5197.395,25259.534,SIMULATO
REAL,WTinyLFU,S12_006,12,512,34129,7413,17358,5993,1582,13379,0.175598,0.213409,0.770769,33.796774,5799.663,25259.534,SIMULATO
REAL,LRU,S12_006,13,512,34097,7445,17358,7802,2423,14463,0.228818,0.325453,0.833218,39.819355,5190.847,25180.592,SIMULATO
REAL,SIEVE,S12_006,13,512,34097,7445,17358,6485,1546,13243,0.190193,0.207656,0.762934,34.312903,5181.000,25180.592,SIMULATO
REAL,S3FIFO,S12_006,13,512,34097,7445,17358,6625,1721,13971,0.194299,0.231162,0.804874,35.995161,5234.002,25180.592,SIMULATO
REAL,WTinyLFU,S12_006,13,512,34097,7445,17358,5972,1514,13394,0.175147,0.203358,0.771633,33.677419,5736.213,25180.592,SIMULATO
REAL,LRU,S12_006,14,512,33975,7567,17358,7785,2428,14437,0.229139,0.320867,0.831720,39.758065,5205.331,25032.774,SIMULATO
REAL,SIEVE,S12_006,14,512,33975,7567,17358,6342,1554,13238,0.186667,0.205365,0.762645,34.087097,5183.592,25032.774,SIMULATO
REAL,S3FIFO,S12_006,14,512,33975,7567,17358,6460,1700,14000,0.190140,0.224660,0.806545,35.741935,5243.174,25032.774,SIMULATO
REAL,WTinyLFU,S12_006,14,512,33975,7567,17358,5815,1526,13399,0.171155,0.201665,0.771921,33.451613,5823.247,25032.774,SIMULATO
REAL,LRU,S12_006,15,512,34158,7384,17358,7966,2452,14477,0.233210,0.332069,0.834025,40.153226,5186.903,25218.951,SIMULATO
REAL,SIEVE,S12_006,15,512,34158,7384,17358,6554,1569,13229,0.191873,0.212486,0.762127,34.438710,5194.702,25218.951,SIMULATO
REAL,S3FIFO,S12_006,15,512,34158,7384,17358,6712,1729,14080,0.196499,0.234155,0.811153,36.324194,5160.476,25218.951,SIMULATO
REAL,WTinyLFU,S12_006,15,512,34158,7384,17358,5988,1479,13384,0.175303,0.200298,0.771057,33.630645,5809.121,25218.951,SIMULATO
REAL,LRU,S12_006,16,512,34043,7499,17358,7964,2449,14462,0.233939,0.326577,0.833161,40.120968,5182.306,25102.609,SIMULATO
REAL,SIEVE,S12_006,16,512,34043,7499,17358,6635,1582,13249,0.194901,0.210961,0.763279,34.622581,5158.882,25102.609,SIMULATO
REAL,S3FIFO,S12_006,16,512,34043,7499,17358,6730,1713,14103,0.197691,0.228430,0.812478,36.364516,5164.239,25102.609,SIMULATO
REAL,WTinyLFU,S12_006,16,512,34043,7499,17358,6077,1491,13457,0.178510,0.198827,0.775262,33.911290,5745.255,25102.609,SIMULATO
REAL,LRU,S12_006,17,512,33964,7578,17358,8068,2484,14496,0.237546,0.327791,0.835119,40.400000,5155.723,25114.707,SIMULATO
REAL,SIEVE,S12_006,17,512,33964,7578,17358,6487,1527,13277,0.190996,0.201504,0.764892,34.340323,5214.432,25114.707,SIMULATO
REAL,S3FIFO,S12_006,17,512,33964,7578,17358,6782,1735,14100,0.199682,0.228952,0.812306,36.479032,5135.335,25114.707,SIMULATO
REAL,WTinyLFU,S12_006,17,512,33964,7578,17358,5986,1442,13354,0.176245,0.190288,0.769328,33.519355,5842.697,25114.707,SIMULATO
REAL,LRU,S12_006,18,512,34103,7439,17358,8053,2454,14481,0.236138,0.329883,0.834255,40.303226,5206.681,25022.044,SIMULATO
REAL,SIEVE,S12_006,18,512,34103,7439,17358,6590,1610,13265,0.193238,0.216427,0.764201,34.620968,5219.616,25022.044,SIMULATO
REAL,S3FIFO,S12_006,18,512,34103,7439,17358,6715,1727,14015,0.196903,0.232155,0.807409,36.220968,5249.463,25022.044,SIMULATO
REAL,WTinyLFU,S12_006,18,512,34103,7439,17358,6009,1496,13410,0.176202,0.201102,0.772554,33.733871,5854.634,25022.044,SIMULATO
REAL,LRU,S12_006,19,512,34175,7367,17358,7976,2508,14412,0.233387,0.340437,0.830280,40.154839,5163.418,25201.544,SIMULATO
REAL,SIEVE,S12_006,19,512,34175,7367,17358,6426,1586,13199,0.188032,0.215284,0.760399,34.211290,5290.110,25201.544,SIMULATO
REAL,S3FIFO,S12_006,19,512,34175,7367,17358,6665,1753,14027,0.195026,0.237953,0.808100,36.201613,5174.703,25201.544,SIMULATO
REAL,WTinyLFU,S12_006,19,512,34175,7367,17358,5966,1530,13325,0.174572,0.207683,0.767658,33.582258,5849.163,25201.544,SIMULATO
REAL,LRU,S12_006,20,512,34067,7475,17358,7862,2436,14453,0.230781,0.325886,0.832642,39.920968,5207.003,25251.843,SIMULATO
REAL,SIEVE,S12_006,20,512,34067,7475,17358,6459,1602,13226,0.189597,0.214314,0.761954,34.333871,5225.656,25251.843,SIMULATO
REAL,S3FIFO,S12_006,20,512,34067,7475,17358,6613,1700,14040,0.194117,0.227425,0.808849,36.053226,5201.677,25251.843,SIMULATO
REAL,WTinyLFU,S12_006,20,512,34067,7475,17358,5899,1486,13345,0.173159,0.198796,0.768810,33.435484,5893.506,25251.843,SIMULATO
REAL,LRU,S36_006,1,512,34249,22171,17360,8289,4747,14065,0.242022,0.214109,0.810196,43.711290,5213.753,24795.021,SIMULATO
REAL,SIEVE,S36_006,1,512,34249,22171,17360,6941,1489,12780,0.202663,0.067160,0.736175,34.209677,5215.102,24795.021,SIMULATO
REAL,S3FIFO,S36_006,1,512,34249,22171,17360,6962,1823,13589,0.203276,0.082225,0.782776,36.087097,5199.992,24795.021,SIMULATO
REAL,WTinyLFU,S36_006,1,512,34249,22171,17360,6434,1581,13104,0.187859,0.071309,0.754839,34.062903,5750.011,24795.021,SIMULATO
REAL,LRU,S36_006,2,512,34142,22278,17360,8107,4814,14056,0.237449,0.216088,0.809677,43.511290,5232.758,24603.966,SIMULATO
REAL,SIEVE,S36_006,2,512,34142,22278,17360,6693,1626,12780,0.196034,0.072987,0.736175,34.030645,5213.755,24603.966,SIMULATO
REAL,S3FIFO,S36_006,2,512,34142,22278,17360,6724,1857,13495,0.196942,0.083356,0.777362,35.606452,5249.337,24603.966,SIMULATO
REAL,WTinyLFU,S36_006,2,512,34142,22278,17360,6299,1596,13087,0.184494,0.071640,0.753859,33.841935,5740.569,24603.966,SIMULATO
REAL,LRU,S36_006,3,512,34244,22176,17360,8188,4699,14014,0.239108,0.211896,0.807258,43.388710,5215.510,24692.661,SIMULATO
REAL,SIEVE,S36_006,3,512,34244,22176,17360,6815,1659,12783,0.199013,0.074811,0.736348,34.285484,5212.081,24692.661,SIMULATO
REAL,S3FIFO,S36_006,3,512,34244,22176,17360,6763,1905,13555,0.197494,0.085904,0.780818,35.843548,5204.379,24692.661,SIMULATO
REAL,WTinyLFU,S36_006,3,512,34244,22176,17360,6319,1608,13048,0.184529,0.072511,0.751613,33.830645,5778.905,24692.661,SIMULATO
REAL,LRU,S36_006,4,512,34001,22419,17360,8141,4675,14066,0.239434,0.208528,0.810253,43.358065,5235.560,24689.689,SIMULATO
REAL,SIEVE,S36_006,4,512,34001,22419,17360,6717,1528,12762,0.197553,0.068156,0.735138,33.882258,5250.616,24689.689,SIMULATO
REAL,S3FIFO,S36_006,4,512,34001,22419,17360,6869,1834,13585,0.202023,0.081806,0.782546,35.948387,5229.873,24689.689,SIMULATO
REAL,WTinyLFU,S36_006,4,512,34001,22419,17360,6401,1635,13175,0.188259,0.072929,0.758929,34.211290,5707.637,24689.689,SIMULATO
REAL,LRU,S36_006,5,512,34025,22395,17360,8156,4876,14082,0.239706,0.217727,0.811175,43.732258,5171.311,24883.132,SIMULATO
REAL,SIEVE,S36_006,5,512,34025,22395,17360,6699,1620,12813,0.196885,0.072338,0.738076,34.083871,5191.495,24883.132,SIMULATO
REAL,S3FIFO,S36_006,5,512,34025,22395,17360,6759,1930,13602,0.198648,0.086180,0.783525,35.953226,5181.981,24883.132,SIMULATO
REAL,WTinyLFU,S36_006,5,512,34025,22395,17360,6276,1635,13128,0.184453,0.073007,0.756221,33.933871,5683.656,24883.132,SIMULATO
REAL,LRU,S36_006,6,512,33987,22433,17360,8352,4817,14104,0.245741,0.214728,0.812442,43.988710,5195.526,24755.201,SIMULATO
REAL,SIEVE,S36_006,6,512,33987,22433,17360,6869,1682,12804,0.202107,0.074979,0.737558,34.443548,5154.623,24755.201,SIMULATO
REAL,S3FIFO,S36_006,6,512,33987,22433,17360,6986,1942,13562,0.205549,0.086569,0.781221,36.274194,5196.689,24755.201,SIMULATO
REAL,WTinyLFU,S36_006,6,512,33987,22433,17360,6450,1674,13087,0.189778,0.074622,0.753859,34.211290,5721.747,24755.201,SIMULATO
REAL,LRU,S36_006,7,512,34151,22269,17360,8146,4752,14023,0.238529,0.213391,0.807776,43.420968,5235.105,24575.734,SIMULATO
REAL,SIEVE,S36_006,7,512,34151,22269,17360,6733,1528,12729,0.197154,0.068616,0.733237,33.854839,5286.932,24575.734,SIMULATO
REAL,S3FIFO,S36_006,7,512,34151,22269,17360,6839,1855,13498,0.200258,0.083300,0.777535,35.793548,5271.627,24575.734,SIMULATO
REAL,WTinyLFU,S36_006,7,512,34151,22269,17360,6285,1576,13045,0.184036,0.070771,0.751440,33.719355,5761.231,24575.734,SIMULATO
REAL,LRU,S36_006,8,512,34003,22417,17360,7962,4726,13952,0.234156,0.210822,0.803687,42.967742,5257.729,24633.464,SIMULATO
REAL,SIEVE,S36_006,8,512,34003,22417,17360,6628,1536,12786,0.194924,0.068519,0.736521,33.790323,5238.013,24633.464,SIMULATO
REAL,S3FIFO,S36_006,8,512,34003,22417,17360,6632,1795,13526,0.195042,0.080073,0.779147,35.408065,5305.776,24633.464,SIMULATO
REAL,WTinyLFU,S36_006,8,512,34003,22417,17360,6164,1628,13087,0.181278,0.072623,0.753859,33.675806,5757.669,24633.464,SIMULATO
REAL,LRU,S36_006,9,512,34118,22302,17360,8228,4682,14096,0.241163,0.209936,0.811982,43.558065,5182.674,24833.985,SIMULATO
REAL,SIEVE,S36_006,9,512,34118,22302,17360,6697,1574,12820,0.196289,0.070577,0.738479,34.017742,5242.661,24833.985,SIMULATO
REAL,S3FIFO,S36_006,9,512,34118,22302,17360,6885,1936,13587,0.201800,0.086808,0.782661,36.141935,5187.398,24833.985,SIMULATO
REAL,WTinyLFU,S36_006,9,512,34118,22302,17360,6331,1660,13127,0.185562,0.074433,0.756164,34.061290,5768.753,24833.985,SIMULATO
REAL,LRU,S36_006,10,512,33934,22486,17360,8179,4819,14023,0.241027,0.214311,0.807776,43.582258,5208.352,24725.891,SIMULATO
REAL,SIEVE,S36_006,10,512,33934,22486,17360,6848,1564,12794,0.201804,0.069554,0.736982,34.203226,5211.571,24725.891,SIMULATO
REAL,S3FIFO,S36_006,10,512,33934,22486,17360,6826,1861,13490,0.201155,0.082763,0.777074,35.769355,5226.279,24725.891,SIMULATO
REAL,WTinyLFU,S36_006,10,512,33934,22486,17360,6382,1541,12990,0.188071,0.068532,0.748272,33.730645,5762.474,24725.891,SIMULATO
REAL,LRU,S36_006,11,512,34132,22288,17360,8184,4835,14034,0.239775,0.216933,0.808410,43.633871,5217.447,24713.517,SIMULATO
REAL,SIEVE,S36_006,11,512,34132,22288,17360,6820,1599,12767,0.199812,0.071743,0.735426,34.170968,5233.279,24713.517,SIMULATO
REAL,S3FIFO,S36_006,11,512,34132,22288,17360,6908,1942,13548,0.202391,0.087132,0.780415,36.125806,5217.281,24713.517,SIMULATO
REAL,WTinyLFU,S36_006,11,512,34132,22288,17360,6356,1559,13052,0.186218,0.069948,0.751843,33.817742,5764.905,24713.517,SIMULATO
REAL,LRU,S36_006,12,512,34125,22295,17360,8285,4816,13996,0.242784,0.216013,0.806221,43.704839,5219.448,24742.077,SIMULATO
REAL,SIEVE,S36_006,12,512,34125,22295,17360,6915,1585,12775,0.202637,0.071092,0.735887,34.314516,5212.021,24742.077,SIMULATO
REAL,S3FIFO,S36_006,12,512,34125,22295,17360,6903,1901,13480,0.202286,0.085266,0.776498,35.941935,5259.987,24742.077,SIMULATO
REAL,WTinyLFU,S36_006,12,512,34125,22295,17360,6462,1640,13109,0.189363,0.073559,0.755127,34.211290,5708.537,24742.077,SIMULATO
REAL,LRU,S36_006,13,512,34020,22400,17360,8163,4835,13988,0.239947,0.215848,0.805760,43.525806,5228.350,24636.625,SIMULATO
REAL,SIEVE,S36_006,13,512,34020,22400,17360,6787,1616,12734,0.199500,0.072143,0.733525,34.091935,5273.618,24636.625,SIMULATO
REAL,S3FIFO,S36_006,13,512,34020,22400,17360,6849,1987,13510,0.201323,0.088705,0.778226,36.041935,5230.510,24636.625,SIMULATO
REAL,WTinyLFU,S36_006,13,512,34020,22400,17360,6391,1691,13078,0.187860,0.075491,0.753341,34.129032,5732.835,24636.625,SIMULATO
REAL,LRU,S36_006,14,512,34179,22241,17360,8206,4758,14005,0.240089,0.213929,0.806740,43.498387,5224.502,24680.246,SIMULATO
REAL,SIEVE,S36_006,14,512,34179,22241,17360,6805,1567,12749,0.199099,0.070455,0.734389,34.066129,5265.897,24680.246,SIMULATO
REAL,S3FIFO,S36_006,14,512,34179,22241,17360,6893,1877,13544,0.201674,0.084394,0.780184,35.990323,5202.874,24680.246,SIMULATO
REAL,WTinyLFU,S36_006,14,512,34179,22241,17360,6418,1598,13089,0.187776,0.071849,0.753975,34.040323,5779.648,24680.246,SIMULATO
REAL,LRU,S36_006,15,512,33948,22472,17360,8191,4768,14071,0.241281,0.212175,0.810541,43.596774,5216.587,24776.896,SIMULATO
REAL,SIEVE,S36_006,15,512,33948,22472,17360,6854,1531,12791,0.201897,0.068129,0.736809,34.154839,5235.192,24776.896,SIMULATO
REAL,S3FIFO,S36_006,15,512,33948,22472,17360,6801,1912,13559,0.200336,0.085084,0.781048,35.922581,5185.995,24776.896,SIMULATO
REAL,WTinyLFU,S36_006,15,512,33948,22472,17360,6313,1619,13133,0.185961,0.072045,0.756509,33.975806,5717.952,24776.896,SIMULATO
REAL,LRU,S36_006,16,512,34146,22274,17360,8138,4692,14058,0.238330,0.210649,0.809793,43.367742,5235.974,24556.749,SIMULATO
REAL,SIEVE,S36_006,16,512,34146,22274,17360,6794,1556,12824,0.198969,0.069857,0.738710,34.151613,5263.397,24556.749,SIMULATO
REAL,S3FIFO,S36_006,16,512,34146,22274,17360,6874,1877,13608,0.201312,0.084269,0.783871,36.062903,5226.527,24556.749,SIMULATO
REAL,WTinyLFU,S36_006,16,512,34146,22274,17360,6386,1570,13118,0.187020,0.070486,0.755645,33.990323,5768.473,24556.749,SIMULATO
REAL,LRU,S36_006,17,512,34136,22284,17360,8140,4753,14060,0.238458,0.213292,0.809908,43.472581,5221.342,24831.553,SIMULATO
REAL,SIEVE,S36_006,17,512,34136,22284,17360,6619,1610,12714,0.193901,0.072249,0.732373,33.779032,5308.487,24831.553,SIMULATO
REAL,S3FIFO,S36_006,17,512,34136,22284,17360,6803,1885,13570,0.199291,0.084590,0.781682,35.900000,5232.481,24831.553,SIMULATO
REAL,WTinyLFU,S36_006,17,512,34136,22284,17360,6420,1669,13140,0.188071,0.074897,0.756912,34.240323,5683.289,24831.553,SIMULATO
REAL,LRU,S36_006,18,512,33949,22471,17360,8233,4847,14152,0.242511,0.215700,0.815207,43.922581,5234.021,24585.438,SIMULATO
REAL,SIEVE,S36_006,18,512,33949,22471,17360,6668,1589,12783,0.196412,0.070713,0.736348,33.935484,5288.108,24585.438,SIMULATO
REAL,S3FIFO,S36_006,18,512,33949,22471,17360,6717,1860,13580,0.197856,0.082773,0.782258,35.737097,5311.376,24585.438,SIMULATO
REAL,WTinyLFU,S36_006,18,512,33949,22471,17360,6358,1612,13085,0.187281,0.071737,0.753744,33.959677,5778.613,24585.438,SIMULATO
REAL,LRU,S36_006,19,512,33859,22561,17360,8265,4723,14019,0.244101,0.209344,0.807546,43.559677,5248.727,24577.251,SIMULATO
REAL,SIEVE,S36_006,19,512,33859,22561,17360,6786,1635,12727,0.200419,0.072470,0.733122,34.109677,5262.218,24577.251,SIMULATO
REAL,S3FIFO,S36_006,19,512,33859,22561,17360,6813,1871,13500,0.201217,0.082931,0.777650,35.780645,5268.926,24577.251,SIMULATO
REAL,WTinyLFU,S36_006,19,512,33859,22561,17360,6419,1716,13095,0.189580,0.076060,0.754320,34.241935,5715.290,24577.251,SIMULATO
REAL,LRU,S36_006,20,512,34163,22257,17360,8215,4843,14075,0.240465,0.217594,0.810772,43.762903,5224.585,24722.413,SIMULATO
REAL,SIEVE,S36_006,20,512,34163,22257,17360,6662,1619,12771,0.195006,0.072741,0.735657,33.954839,5271.797,24722.413,SIMULATO
REAL,S3FIFO,S36_006,20,512,34163,22257,17360,6750,1869,13580,0.197582,0.083974,0.782258,35.804839,5273.452,24722.413,SIMULATO
REAL,WTinyLFU,S36_006,20,512,34163,22257,17360,6286,1646,13080,0.184000,0.073954,0.753456,33.890323,5791.697,24722.413,SIMULATO
REAL,LRU,S12_020,1,512,34108,7434,17358,8084,3325,14337,0.237012,0.447269,0.825959,41.525806,5172.184,25242.440,SIMULATO
REAL,SIEVE,S12_020,1,512,34108,7434,17358,6727,3064,13147,0.197226,0.412160,0.757403,36.996774,5098.321,25242.440,SIMULATO
REAL,S3FIFO,S12_020,1,512,34108,7434,17358,6761,3051,14116,0.198223,0.410412,0.813227,38.593548,5180.855,25242.440,SIMULATO
REAL,WTinyLFU,S12_020,1,512,34108,7434,17358,6134,2898,13325,0.179841,0.389831,0.767658,36.059677,5812.668,25242.440,SIMULATO
REAL,LRU,S12_020,2,512,34032,7510,17358,8057,3442,14361,0.236748,0.458322,0.827342,41.709677,5208.935,25173.815,SIMULATO
REAL,SIEVE,S12_020,2,512,34032,7510,17358,6625,3034,13093,0.194670,0.403995,0.754292,36.696774,5179.695,25173.815,SIMULATO
REAL,S3FIFO,S12_020,2,512,34032,7510,17358,6786,3053,14053,0.199401,0.406525,0.809598,38.535484,5226.015,25173.815,SIMULATO
REAL,WTinyLFU,S12_020,2,512,34032,7510,17358,5974,2977,13412,0.175541,0.396405,0.772670,36.069355,5783.702,25173.815,SIMULATO
REAL,LRU,S12_020,3,512,34099,7443,17358,7944,3390,14434,0.232969,0.455462,0.831547,41.561290,5178.711,25197.620,SIMULATO
REAL,SIEVE,S12_020,3,512,34099,7443,17358,6505,3026,13116,0.190768,0.406556,0.755617,36.527419,5203.271,25197.620,SIMULATO
REAL,S3FIFO,S12_020,3,512,34099,7443,17358,6638,3046,14144,0.194668,0.409244,0.814840,38.432258,5187.513,25197.620,SIMULATO
REAL,WTinyLFU,S12_020,3,512,34099,7443,17358,5978,2994,13373,0.175313,0.402257,0.770423,36.040323,5816.350,25197.620,SIMULATO
REAL,LRU,S12_020,4,512,34157,7385,17358,8077,3336,14400,0.236467,0.451726,0.829589,41.633871,5185.311,25264.474,SIMULATO
REAL,SIEVE,S12_020,4,512,34157,7385,17358,6677,2927,13102,0.195480,0.396344,0.754810,36.622581,5199.055,25264.474,SIMULATO
REAL,S3FIFO,S12_020,4,512,34157,7385,17358,6816,3030,14124,0.199549,0.410291,0.813688,38.661290,5151.529,25264.474,SIMULATO
REAL,WTinyLFU,S12_020,4,512,34157,7385,17358,6044,2923,13380,0.176948,0.395802,0.770826,36.043548,5833.856,25264.474,SIMULATO
REAL,LRU,S12_020,5,512,34033,7509,17358,8048,3428,14417,0.236476,0.456519,0.830568,41.762903,5164.774,25338.705,SIMULATO
REAL,SIEVE,S12_020,5,512,34033,7509,17358,6588,3072,13160,0.193577,0.409109,0.758152,36.806452,5158.355,25338.705,SIMULATO
REAL,S3FIFO,S12_020,5,512,34033,7509,17358,6677,3101,14161,0.196192,0.412971,0.815820,38.611290,5209.124,25338.705,SIMULATO
REAL,WTinyLFU,S12_020,5,512,34033,7509,17358,5988,2926,13360,0.175947,0.389666,0.769674,35.925806,5894.698,25338.705,SIMULATO
REAL,LRU,S12_020,6,512,34315,7227,17358,8067,3327,14396,0.235087,0.460357,0.829358,41.596774,5170.602,25332.290,SIMULATO
REAL,SIEVE,S12_020,6,512,34315,7227,17358,6713,2966,13110,0.195629,0.410405,0.755271,36.756452,5168.656,25332.290,SIMULATO
REAL,S3FIFO,S12_020,6,512,34315,7227,17358,6814,3023,14088,0.198572,0.418293,0.811614,38.588710,5174.624,25332.290,SIMULATO
REAL,WTinyLFU,S12_020,6,512,34315,7227,17358,6094,2932,13408,0.177590,0.405701,0.772439,36.183871,5749.071,25332.290,SIMULATO
REAL,LRU,S12_020,7,512,34016,7526,17358,7940,3429,14368,0.233420,0.455621,0.827745,41.511290,5195.347,25254.186,SIMULATO
REAL,SIEVE,S12_020,7,512,34016,7526,17358,6585,3126,13079,0.193585,0.415360,0.753485,36.758065,5174.931,25254.186,SIMULATO
REAL,S3FIFO,S12_020,7,512,34016,7526,17358,6730,3109,14107,0.197848,0.413101,0.812709,38.622581,5191.053,25254.186,SIMULATO
REAL,WTinyLFU,S12_020,7,512,34016,7526,17358,5974,2991,13382,0.175623,0.397422,0.770941,36.043548,5845.008,25254.186,SIMULATO
REAL,LRU,S12_020,8,512,34120,7422,17358,8067,3354,14372,0.236430,0.451900,0.827976,41.601613,5174.576,25281.029,SIMULATO
REAL,SIEVE,S12_020,8,512,34120,7422,17358,6583,2890,12992,0.192937,0.389383,0.748473,36.233871,5277.177,25281.029,SIMULATO
REAL,S3FIFO,S12_020,8,512,34120,7422,17358,6722,2975,14068,0.197011,0.400835,0.810462,38.330645,5176.289,25281.029,SIMULATO
REAL,WTinyLFU,S12_020,8,512,34120,7422,17358,5958,2819,13306,0.174619,0.379817,0.766563,35.617742,5879.850,25281.029,SIMULATO
REAL,LRU,S12_020,9,512,34093,7449,17358,7940,3373,14470,0.232892,0.452812,0.833621,41.585484,5181.390,25294.650,SIMULATO
REAL,SIEVE,S12_020,9,512,34093,7449,17358,6502,3026,13143,0.190714,0.406229,0.757172,36.566129,5208.055,25294.650,SIMULATO
REAL,S3FIFO,S12_020,9,512,34093,7449,17358,6630,3015,14122,0.194468,0.404752,0.813573,38.333871,5192.673,25294.650,SIMULATO
REAL,WTinyLFU,S12_020,9,512,34093,7449,17358,5915,2821,13393,0.173496,0.378709,0.771575,35.691935,5822.240,25294.650,SIMULATO
REAL,LRU,S12_020,10,512,34070,7472,17358,7975,3486,14442,0.234077,0.466542,0.832008,41.779032,5202.032,25212.908,SIMULATO
REAL,SIEVE,S12_020,10,512,34070,7472,17358,6539,3071,13116,0.191928,0.411001,0.755617,36.654839,5196.040,25212.908,SIMULATO
REAL,S3FIFO,S12_020,10,512,34070,7472,17358,6571,3129,14110,0.192868,0.418763,0.812882,38.403226,5240.997,25212.908,SIMULATO
REAL,WTinyLFU,S12_020,10,512,34070,7472,17358,5974,3010,13397,0.175345,0.402837,0.771806,36.098387,5805.576,25212.908,SIMULATO
REAL,LRU,S12_020,11,512,34126,7416,17358,7980,3426,14381,0.233839,0.461974,0.828494,41.591935,5188.137,25239.322,SIMULATO
REAL,SIEVE,S12_020,11,512,34126,7416,17358,6703,3047,13093,0.196419,0.410868,0.754292,36.843548,5200.298,25239.322,SIMULATO
REAL,S3FIFO,S12_020,11,512,34126,7416,17358,6845,3123,14101,0.200580,0.421117,0.812363,38.820968,5170.279,25239.322,SIMULATO
REAL,WTinyLFU,S12_020,11,512,34126,7416,17358,6069,2983,13430,0.177841,0.402238,0.773707,36.261290,5810.384,25239.322,SIMULATO
REAL,LRU,S12_020,12,512,34129,7413,17358,8029,3452,14521,0.235254,0.465668,0.836560,41.938710,5162.997,25383.434,SIMULATO
REAL,SIEVE,S12_020,12,512,34129,7413,17358,6581,3015,13085,0.192827,0.406718,0.753831,36.582258,5270.902,25383.434,SIMULATO
REAL,S3FIFO,S12_020,12,512,34129,7413,17358,6773,3107,14177,0.198453,0.419129,0.816742,38.801613,5171.019,25383.434,SIMULATO
REAL,WTinyLFU,S12_020,12,512,34129,7413,17358,6048,2964,13383,0.177210,0.399838,0.770999,36.120968,5853.703,25383.434,SIMULATO
REAL,LRU,S12_020,13,512,34097,7445,17358,7883,3375,14381,0.231193,0.453324,0.828494,41.353226,5148.766,25429.397,SIMULATO
REAL,SIEVE,S12_020,13,512,34097,7445,17358,6598,3155,13152,0.193507,0.423774,0.757691,36.943548,5099.224,25429.397,SIMULATO
REAL,S3FIFO,S12_020,13,512,34097,7445,17358,6691,3131,14086,0.196234,0.420551,0.811499,38.561290,5182.239,25429.397,SIMULATO
REAL,WTinyLFU,S12_020,13,512,34097,7445,17358,6038,3047,13432,0.177083,0.409268,0.773822,36.317742,5707.087,25429.397,SIMULATO
REAL,LRU,S12_020,14,512,33975,7567,17358,7814,3429,14297,0.229993,0.453152,0.823655,41.193548,5203.718,25120.647,SIMULATO
REAL,SIEVE,S12_020,14,512,33975,7567,17358,6434,3052,13083,0.189375,0.403330,0.753716,36.401613,5160.484,25120.647,SIMULATO
REAL,S3FIFO,S12_020,14,512,33975,7567,17358,6428,3080,14024,0.189198,0.407031,0.807927,37.954839,5261.832,25120.647,SIMULATO
REAL,WTinyLFU,S12_020,14,512,33975,7567,17358,5913,2900,13357,0.174040,0.383243,0.769501,35.758065,5832.355,25120.647,SIMULATO
REAL,LRU,S12_020,15,512,34158,7384,17358,8026,3378,14374,0.234967,0.457476,0.828091,41.577419,5160.618,25484.699,SIMULATO
REAL,SIEVE,S12_020,15,512,34158,7384,17358,6634,3034,13073,0.194215,0.410888,0.753140,36.679032,5191.694,25484.699,SIMULATO
REAL,S3FIFO,S12_020,15,512,34158,7384,17358,6760,3116,14088,0.197904,0.421993,0.811614,38.651613,5164.255,25484.699,SIMULATO
REAL,WTinyLFU,S12_020,15,512,34158,7384,17358,5992,2891,13335,0.175420,0.391522,0.768234,35.835484,5807.585,25484.699,SIMULATO
REAL,LRU,S12_020,16,512,34043,7499,17358,8061,3314,14397,0.236789,0.441926,0.829416,41.567742,5184.944,25168.889,SIMULATO
REAL,SIEVE,S12_020,16,512,34043,7499,17358,6691,3017,13103,0.196546,0.402320,0.754868,36.791935,5172.181,25168.889,SIMULATO
REAL,S3FIFO,S12_020,16,512,34043,7499,17358,6740,3003,14104,0.197985,0.400453,0.812536,38.462903,5195.606,25168.889,SIMULATO
REAL,WTinyLFU,S12_020,16,512,34043,7499,17358,6071,2946,13378,0.178333,0.392852,0.770711,36.120968,5784.016,25168.889,SIMULATO
REAL,LRU,S12_020,17,512,33964,7578,17358,8114,3473,14421,0.238900,0.458300,0.830798,41.948387,5147.148,25309.010,SIMULATO
REAL,SIEVE,S12_020,17,512,33964,7578,17358,6570,2977,13165,0.193440,0.392848,0.758440,36.632258,5199.037,25309.010,SIMULATO
REAL,S3FIFO,S12_020,17,512,33964,7578,17358,6770,3108,14176,0.199329,0.410135,0.816684,38.796774,5128.794,25309.010,SIMULATO
REAL,WTinyLFU,S12_020,17,512,33964,7578,17358,6015,2963,13391,0.177099,0.391000,0.771460,36.079032,5809.689,25309.010,SIMULATO
REAL,LRU,S12_020,18,512,34103,7439,17358,8078,3381,14392,0.236871,0.454497,0.829128,41.695161,5202.179,25163.994,SIMULATO
REAL,SIEVE,S12_020,18,512,34103,7439,17358,6661,3025,13071,0.195320,0.406641,0.753025,36.704839,5203.334,25163.994,SIMULATO
REAL,S3FIFO,S12_020,18,512,34103,7439,17358,6818,3064,14115,0.199924,0.411883,0.813170,38.704839,5167.539,25163.994,SIMULATO
REAL,WTinyLFU,S12_020,18,512,34103,7439,17358,6063,2920,13389,0.177785,0.392526,0.771345,36.083871,5884.619,25163.994,SIMULATO
REAL,LRU,S12_020,19,512,34175,7367,17358,8022,3363,14302,0.234733,0.456495,0.823943,41.430645,5154.355,25322.304,SIMULATO
REAL,SIEVE,S12_020,19,512,34175,7367,17358,6560,3030,13062,0.191953,0.411294,0.752506,36.535484,5263.256,25322.304,SIMULATO
REAL,S3FIFO,S12_020,19,512,34175,7367,17358,6704,3055,14080,0.196167,0.414687,0.811153,38.450000,5156.981,25322.304,SIMULATO
REAL,WTinyLFU,S12_020,19,512,34175,7367,17358,5960,2939,13311,0.174396,0.398941,0.766851,35.822581,5837.229,25322.304,SIMULATO
REAL,LRU,S12_020,20,512,34067,7475,17358,7866,3425,14387,0.230898,0.458194,0.828840,41.416129,5200.115,25373.562,SIMULATO
REAL,SIEVE,S12_020,20,512,34067,7475,17358,6543,3066,13109,0.192063,0.410167,0.755214,36.641935,5215.790,25373.562,SIMULATO
REAL,S3FIFO,S12_020,20,512,34067,7475,17358,6647,3082,14095,0.195116,0.412308,0.812018,38.425806,5200.602,25373.562,SIMULATO
REAL,WTinyLFU,S12_020,20,512,34067,7475,17358,5978,2894,13316,0.175478,0.387157,0.767139,35.787097,5898.995,25373.562,SIMULATO
REAL,LRU,S36_020,1,512,34249,22171,17360,8424,8740,13804,0.245963,0.394209,0.795161,49.948387,5200.476,25021.687,SIMULATO
REAL,SIEVE,S36_020,1,512,34249,22171,17360,7240,7460,12495,0.211393,0.336476,0.719758,43.862903,5241.668,25021.687,SIMULATO
REAL,S3FIFO,S36_020,1,512,34249,22171,17360,7085,7254,13696,0.206867,0.327184,0.788940,45.217742,5196.669,25021.687,SIMULATO
REAL,WTinyLFU,S36_020,1,512,34249,22171,17360,6469,6989,12904,0.188881,0.315232,0.743318,42.519355,5826.147,25021.687,SIMULATO
REAL,LRU,S36_020,2,512,34142,22278,17360,8368,8890,13880,0.245094,0.399048,0.799539,50.222581,5197.594,25077.360,SIMULATO
REAL,SIEVE,S36_020,2,512,34142,22278,17360,7099,8140,12406,0.207926,0.365383,0.714631,44.588710,5162.379,25077.360,SIMULATO
REAL,S3FIFO,S36_020,2,512,34142,22278,17360,7029,7444,13681,0.205875,0.334141,0.788076,45.409677,5172.281,25077.360,SIMULATO
REAL,WTinyLFU,S36_020,2,512,34142,22278,17360,6412,7333,12999,0.187804,0.329159,0.748790,43.135484,5757.737,25077.360,SIMULATO
REAL,LRU,S36_020,3,512,34244,22176,17360,8444,8803,13867,0.246583,0.396961,0.798790,50.183871,5195.981,24995.123,SIMULATO
REAL,SIEVE,S36_020,3,512,34244,22176,17360,7272,7748,12531,0.212358,0.349387,0.721832,44.437097,5133.150,24995.123,SIMULATO
REAL,S3FIFO,S36_020,3,512,34244,22176,17360,6979,7203,13681,0.203802,0.324811,0.788076,44.940323,5237.124,24995.123,SIMULATO
REAL,WTinyLFU,S36_020,3,512,34244,22176,17360,6406,7023,12910,0.187069,0.316694,0.743664,42.482258,5845.016,24995.123,SIMULATO
REAL,LRU,S36_020,4,512,34001,22419,17360,8366,8738,13842,0.246052,0.389759,0.797350,49.912903,5194.468,25126.860,SIMULATO
REAL,SIEVE,S36_020,4,512,34001,22419,17360,7167,7634,12668,0.210788,0.340515,0.729724,44.304839,5175.010,25126.860,SIMULATO
REAL,S3FIFO,S36_020,4,512,34001,22419,17360,6980,7253,13651,0.205288,0.323520,0.786348,44.974194,5227.053,25126.860,SIMULATO
REAL,WTinyLFU,S36_020,4,512,34001,22419,17360,6447,7122,12962,0.189612,0.317677,0.746659,42.791935,5826.887,25126.860,SIMULATO
REAL,LRU,S36_020,5,512,34025,22395,17360,8299,8880,13883,0.243909,0.396517,0.799712,50.100000,5151.487,25244.270,SIMULATO
REAL,SIEVE,S36_020,5,512,34025,22395,17360,7099,7893,12472,0.208641,0.352445,0.718433,44.296774,5207.808,25244.270,SIMULATO
REAL,S3FIFO,S36_020,5,512,34025,22395,17360,6964,7394,13738,0.204673,0.330163,0.791359,45.316129,5165.819,25244.270,SIMULATO
REAL,WTinyLFU,S36_020,5,512,34025,22395,17360,6381,7149,12993,0.187539,0.319223,0.748445,42.779032,5786.360,25244.270,SIMULATO
REAL,LRU,S36_020,6,512,33987,22433,17360,8537,8916,13847,0.251184,0.397450,0.797638,50.483871,5181.797,25058.179,SIMULATO
REAL,SIEVE,S36_020,6,512,33987,22433,17360,7214,7946,12407,0.212258,0.354210,0.714689,44.462903,5210.842,25058.179,SIMULATO
REAL,S3FIFO,S36_020,6,512,33987,22433,17360,7097,7373,13666,0.208815,0.328668,0.787212,45.380645,5223.756,25058.179,SIMULATO
REAL,WTinyLFU,S36_020,6,512,33987,22433,17360,6564,7210,12939,0.193133,0.321402,0.745334,43.085484,5803.379,25058.179,SIMULATO
REAL,LRU,S36_020,7,512,34151,22269,17360,8367,8777,13857,0.245000,0.394135,0.798214,50.001613,5202.898,24990.971,SIMULATO
REAL,SIEVE,S36_020,7,512,34151,22269,17360,7226,7835,12451,0.211590,0.351834,0.717224,44.374194,5211.450,24990.971,SIMULATO
REAL,S3FIFO,S36_020,7,512,34151,22269,17360,6992,7264,13679,0.204738,0.326193,0.787961,45.056452,5241.242,24990.971,SIMULATO
REAL,WTinyLFU,S36_020,7,512,34151,22269,17360,6383,7017,12927,0.186905,0.315102,0.744643,42.462903,5862.884,24990.971,SIMULATO
REAL,LRU,S36_020,8,512,34003,22417,17360,8198,8792,13812,0.241096,0.392202,0.795622,49.680645,5212.440,25057.421,SIMULATO
REAL,SIEVE,S36_020,8,512,34003,22417,17360,7039,7777,12558,0.207011,0.346924,0.723387,44.151613,5167.579,25057.421,SIMULATO
REAL,S3FIFO,S36_020,8,512,34003,22417,17360,6870,7317,13675,0.202041,0.326404,0.787730,44.938710,5204.684,25057.421,SIMULATO
REAL,WTinyLFU,S36_020,8,512,34003,22417,17360,6311,7162,13008,0.185601,0.319490,0.749309,42.711290,5801.065,25057.421,SIMULATO
REAL,LRU,S36_020,9,512,34118,22302,17360,8420,8731,13847,0.246791,0.391490,0.797638,49.996774,5154.155,25276.915,SIMULATO
REAL,SIEVE,S36_020,9,512,34118,22302,17360,7099,7383,12634,0.208072,0.331047,0.727765,43.735484,5209.295,25276.915,SIMULATO
REAL,S3FIFO,S36_020,9,512,34118,22302,17360,7020,7298,13769,0.205756,0.327235,0.793145,45.301613,5165.637,25276.915,SIMULATO
REAL,WTinyLFU,S36_020,9,512,34118,22302,17360,6391,6967,12904,0.187320,0.312394,0.743318,42.358065,5852.695,25276.915,SIMULATO
REAL,LRU,S36_020,10,512,33934,22486,17360,8484,8851,13855,0.250015,0.393623,0.798099,50.306452,5148.253,25161.027,SIMULATO
REAL,SIEVE,S36_020,10,512,33934,22486,17360,7337,7788,12474,0.216214,0.346349,0.718548,44.514516,5177.510,25161.027,SIMULATO
REAL,S3FIFO,S36_020,10,512,33934,22486,17360,7176,7431,13743,0.211469,0.330472,0.791647,45.725806,5126.985,25161.027,SIMULATO
REAL,WTinyLFU,S36_020,10,512,33934,22486,17360,6485,7127,12922,0.191106,0.316953,0.744355,42.796774,5830.871,25161.027,SIMULATO
REAL,LRU,S36_020,11,512,34132,22288,17360,8439,8833,13788,0.247246,0.396312,0.794240,50.096774,5189.615,25119.150,SIMULATO
REAL,SIEVE,S36_020,11,512,34132,22288,17360,7162,7886,12342,0.209832,0.353823,0.710945,44.177419,5264.690,25119.150,SIMULATO
REAL,S3FIFO,S36_020,11,512,34132,22288,17360,7052,7479,13719,0.206610,0.335562,0.790265,45.564516,5144.679,25119.150,SIMULATO
REAL,WTinyLFU,S36_020,11,512,34132,22288,17360,6366,7140,12889,0.186511,0.320352,0.742454,42.572581,5851.321,25119.150,SIMULATO
REAL,LRU,S36_020,12,512,34125,22295,17360,8404,8772,13784,0.246271,0.393451,0.794009,49.935484,5230.858,24910.561,SIMULATO
REAL,SIEVE,S36_020,12,512,34125,22295,17360,7338,7786,12428,0.215033,0.349226,0.715899,44.438710,5250.631,24910.561,SIMULATO
REAL,S3FIFO,S36_020,12,512,34125,22295,17360,7136,7282,13665,0.209114,0.326620,0.787154,45.295161,5257.011,24910.561,SIMULATO
REAL,WTinyLFU,S36_020,12,512,34125,22295,17360,6585,7072,13009,0.192967,0.317201,0.749366,43.009677,5820.947,24910.561,SIMULATO
REAL,LRU,S36_020,13,512,34020,22400,17360,8383,8773,13833,0.246414,0.391652,0.796832,49.982258,5204.853,24914.605,SIMULATO
REAL,SIEVE,S36_020,13,512,34020,22400,17360,7074,7600,12581,0.207937,0.339286,0.724712,43.959677,5231.492,24914.605,SIMULATO
REAL,S3FIFO,S36_020,13,512,34020,22400,17360,6960,7291,13640,0.204586,0.325491,0.785714,44.985484,5234.105,24914.605,SIMULATO
REAL,WTinyLFU,S36_020,13,512,34020,22400,17360,6409,7122,12920,0.188389,0.317946,0.744240,42.662903,5809.589,24914.605,SIMULATO
REAL,LRU,S36_020,14,512,34179,22241,17360,8452,8759,13810,0.247286,0.393822,0.795507,50.033871,5187.935,25120.088,SIMULATO
REAL,SIEVE,S36_020,14,512,34179,22241,17360,7110,7388,12591,0.208022,0.332179,0.725288,43.691935,5270.379,25120.088,SIMULATO
REAL,S3FIFO,S36_020,14,512,34179,22241,17360,7180,7264,13718,0.210071,0.326604,0.790207,45.422581,5179.205,25120.088,SIMULATO
REAL,WTinyLFU,S36_020,14,512,34179,22241,17360,6556,7043,13022,0.191814,0.316667,0.750115,42.937097,5842.603,25120.088,SIMULATO
REAL,LRU,S36_020,15,512,33948,22472,17360,8318,8798,13874,0.245022,0.391509,0.799194,49.983871,5182.700,25197.602,SIMULATO
REAL,SIEVE,S36_020,15,512,33948,22472,17360,7133,7795,12452,0.210115,0.346876,0.717281,44.161290,5223.360,25197.602,SIMULATO
REAL,S3FIFO,S36_020,15,512,33948,22472,17360,6924,7300,13605,0.203959,0.324849,0.783698,44.885484,5181.844,25197.602,SIMULATO
REAL,WTinyLFU,S36_020,15,512,33948,22472,17360,6392,7102,12941,0.188288,0.316038,0.745449,42.637097,5836.582,25197.602,SIMULATO
REAL,LRU,S36_020,16,512,34146,22274,17360,8338,8661,13824,0.244187,0.388839,0.796313,49.714516,5224.919,24839.565,SIMULATO
REAL,SIEVE,S36_020,16,512,34146,22274,17360,7153,7694,12475,0.209483,0.345425,0.718606,44.067742,5221.821,24839.565,SIMULATO
REAL,S3FIFO,S36_020,16,512,34146,22274,17360,6980,7147,13681,0.204416,0.320867,0.788076,44.851613,5251.260,24839.565,SIMULATO
REAL,WTinyLFU,S36_020,16,512,34146,22274,17360,6466,7035,12901,0.189363,0.315839,0.743145,42.583871,5842.008,24839.565,SIMULATO
REAL,LRU,S36_020,17,512,34136,22284,17360,8297,8794,13865,0.243057,0.394633,0.798675,49.929032,5216.081,25105.117,SIMULATO
REAL,SIEVE,S36_020,17,512,34136,22284,17360,7170,7755,12315,0.210042,0.348008,0.709389,43.935484,5324.087,25105.117,SIMULATO
REAL,S3FIFO,S36_020,17,512,34136,22284,17360,6950,7235,13679,0.203597,0.324672,0.787961,44.941935,5231.805,25105.117,SIMULATO
REAL,WTinyLFU,S36_020,17,512,34136,22284,17360,6422,7125,12963,0.188130,0.319736,0.746717,42.758065,5826.645,25105.117,SIMULATO
REAL,LRU,S36_020,18,512,33949,22471,17360,8383,8874,13957,0.246929,0.394909,0.803975,50.345161,5212.000,24945.439,SIMULATO
REAL,SIEVE,S36_020,18,512,33949,22471,17360,7298,7879,12402,0.214970,0.350630,0.714401,44.482258,5211.718,24945.439,SIMULATO
REAL,S3FIFO,S36_020,18,512,33949,22471,17360,6977,7404,13687,0.205514,0.329491,0.788422,45.270968,5251.537,24945.439,SIMULATO
REAL,WTinyLFU,S36_020,18,512,33949,22471,17360,6415,7255,12949,0.188960,0.322861,0.745910,42.933871,5827.953,24945.439,SIMULATO
REAL,LRU,S36_020,19,512,33859,22561,17360,8501,8934,13823,0.251071,0.395993,0.796256,50.416129,5227.897,24926.009,SIMULATO
REAL,SIEVE,S36_020,19,512,33859,22561,17360,7079,7986,12319,0.209073,0.353974,0.709620,44.167742,5286.479,24926.009,SIMULATO
REAL,S3FIFO,S36_020,19,512,33859,22561,17360,7065,7316,13654,0.208659,0.324276,0.786521,45.217742,5236.023,24926.009,SIMULATO
REAL,WTinyLFU,S36_020,19,512,33859,22561,17360,6413,7203,12901,0.189403,0.319268,0.743145,42.769355,5831.153,24926.009,SIMULATO
REAL,LRU,S36_020,20,512,34163,22257,17360,8423,8806,13879,0.246553,0.395651,0.799482,50.174194,5193.211,25108.196,SIMULATO
REAL,SIEVE,S36_020,20,512,34163,22257,17360,7083,7553,12654,0.207330,0.339354,0.728917,44.016129,5226.294,25108.196,SIMULATO
REAL,S3FIFO,S36_020,20,512,34163,22257,17360,6971,7384,13757,0.204051,0.331761,0.792454,45.341935,5189.324,25108.196,SIMULATO
REAL,WTinyLFU,S36_020,20,512,34163,22257,17360,6416,7178,12916,0.187806,0.322505,0.744009,42.758065,5836.689,25108.196,SIMULATO
